{"n_parameters": 189666, "training_time": 2.577258825302124, "loss": [9.848492622375488, 0.7420274019241333, 0.6969971060752869, 0.6540080904960632, 0.6570414900779724, 0.5269160270690918, 0.6042029857635498, 0.5108019113540649, 0.3814370036125183, 0.5170193910598755, 0.32763785123825073, 0.35310399532318115, 0.7514560222625732, 0.31955960392951965, 0.17306743562221527, 0.38463208079338074, 0.23308923840522766, 0.42659956216812134, 0.2916179299354553, 0.5376462936401367, 0.055208124220371246, 0.3709227442741394, 0.23967815935611725, 0.5406737923622131, 0.04967235401272774, 0.12716169655323029, 0.31178444623947144, 0.17814306914806366, 0.2523230314254761, 0.03307681158185005, 0.4001847803592682, 0.044046711176633835, 0.09807141125202179, 0.5889431238174438, 0.13381467759609222, 0.06778376549482346, 0.07639142870903015, 0.16912272572517395, -0.0976729467511177, 0.3316866457462311, 0.18811337649822235, 0.7621709704399109, -0.14696742594242096, -0.11202040314674377, -0.47285982966423035, -0.8152929544448853, -1.2406656742095947, -1.3711318969726562, -1.5432943105697632, -1.5819462537765503, -1.647430658340454, -1.5776853561401367, -1.7545851469039917, -1.5984803438186646, -1.699858546257019, -1.6300851106643677, -1.816962718963623, -1.6690740585327148, -1.809193730354309, -1.58138906955719, -1.8512065410614014, -1.7757891416549683, -1.7161695957183838, -1.6595816612243652, -1.931788682937622, -1.804914116859436, -1.8045637607574463, -1.7793478965759277, -1.757053256034851, -1.8100154399871826, -1.7577933073043823, -1.6825250387191772, -2.039853572845459, -1.7341989278793335, -1.9235584735870361, -1.6436035633087158, -2.014427423477173, -1.7563766241073608, -1.7006016969680786, -1.8718068599700928, -1.8693231344223022, -1.7585053443908691, -1.9330984354019165, -1.7892831563949585, -1.9552849531173706, -1.825217366218567, -1.6442139148712158, -1.991198182106018, -1.7755755186080933, -1.864851951599121, -1.88063383102417, -1.8145047426223755, -1.921865463256836, -1.7908014059066772, -1.783774971961975, -1.9982434511184692, -1.7480653524398804, -1.9539622068405151, -1.9001262187957764, -1.84087336063385, -1.962181568145752, -1.8498146533966064, -1.877220869064331, -2.331239938735962, -2.415534257888794, -2.4857139587402344, -2.5591397285461426, -2.6367013454437256, -2.6991450786590576, -2.770740270614624, -2.8351757526397705], "val_loss": [0.6957429647445679, 0.57065349817276, 0.5383816957473755, 0.5068411827087402, 0.4921988248825073, 0.3653324246406555, 0.5004688501358032, 0.8128822445869446, 0.04917992278933525, 0.13785910606384277, 0.19241398572921753, 0.07304190844297409, 0.010794321075081825, -0.055434174835681915, 0.6862995028495789, 0.5393654108047485, 0.004994479473680258, 0.2390318363904953, 0.15991024672985077, 0.7969031929969788, 1.1804440021514893, 3.3664727210998535, 0.1912558376789093, 0.4212174117565155, -0.012467747554183006, -0.18971458077430725, -0.2072475254535675, -0.3787540793418884, -0.25810563564300537, 0.633579432964325, -0.07877445220947266, -0.0720585510134697, 3.386841058731079, -0.26913976669311523, -0.061744797974824905, 0.15375414490699768, -0.3092581033706665, -0.12124858796596527, -0.0625014528632164, -0.3144160807132721, -0.2826421856880188, -0.31126275658607483, -0.0049354094080626965, -0.28334444761276245, -0.6211563348770142, -1.0382905006408691, -1.354111909866333, -1.2948191165924072, -1.2731001377105713, -1.3694853782653809, -1.5236884355545044, -1.4095149040222168, -1.0147017240524292, -1.3068996667861938, -1.607175588607788, -1.6204633712768555, -1.1932222843170166, -1.5856467485427856, -1.5022151470184326, -1.700429916381836, -1.5110621452331543, -1.830735206604004, -1.2079195976257324, -1.703974723815918, -1.8524162769317627, -1.2353529930114746, -1.786656379699707, -1.7625914812088013, -1.6954145431518555, -1.5977463722229004, -1.4861443042755127, -1.6841802597045898, -1.78897225856781, -1.543766736984253, -1.3361527919769287, -1.8147237300872803, -0.9960647821426392, -0.9010410904884338, -1.3874471187591553, -1.8540740013122559, -1.5300781726837158, -1.6749471426010132, -1.2116044759750366, -1.742142677307129, -0.2214466780424118, -1.4278937578201294, -1.9004268646240234, -1.7307143211364746, -1.6147563457489014, -1.6917715072631836, -1.8221640586853027, 0.30795130133628845, -1.809102177619934, -0.5331144332885742, -1.6714329719543457, -0.2734747529029846, -1.7709484100341797, -1.7157341241836548, -1.3894202709197998, -1.7719266414642334, -1.898582935333252, -1.7704988718032837, -1.8129624128341675, -1.8582427501678467, -1.8361992835998535, -1.770544409751892, -1.7086310386657715, -1.7057597637176514, -1.6649357080459595, -1.5534895658493042, -1.4847140312194824], "lr": [0.0024725929833948612, 0.0024725929833948612, 0.0024725929833948612, 0.0024725929833948612, 0.0024725929833948612, 0.0024725929833948612, 0.0024725929833948612, 0.0024725929833948612, 0.0024725929833948612, 0.0024725929833948612, 0.0024725929833948612, 0.0024725929833948612, 0.0024725929833948612, 0.0024725929833948612, 0.0024725929833948612, 0.0024725929833948612, 0.0024725929833948612, 0.0024725929833948612, 0.0024725929833948612, 0.0024725929833948612, 0.0024725929833948612, 0.0024725929833948612, 0.0024725929833948612, 0.0024725929833948612, 0.0024725929833948612, 0.0024725929833948612, 0.0024725929833948612, 0.0024725929833948612, 0.0024725929833948612, 0.0024725929833948612, 0.0024725929833948612, 0.0024725929833948612, 0.0024725929833948612, 0.0024725929833948612, 0.0024725929833948612, 0.0024725929833948612, 0.0024725929833948612, 0.0024725929833948612, 0.0024725929833948612, 0.0024725929833948612, 0.0024725929833948612, 0.0024725929833948612, 0.0024725929833948612, 0.0024725929833948612, 0.0002472593041602522, 0.0002472593041602522, 0.0002472593041602522, 0.0002472593041602522, 0.0002472593041602522, 0.0002472593041602522, 0.0002472593041602522, 0.0002472593041602522, 0.0002472593041602522, 0.0002472593041602522, 0.0002472593041602522, 0.0002472593041602522, 0.0002472593041602522, 0.0002472593041602522, 0.0002472593041602522, 0.0002472593041602522, 0.0002472593041602522, 0.0002472593041602522, 0.0002472593041602522, 0.0002472593041602522, 0.0002472593041602522, 0.0002472593041602522, 0.0002472593041602522, 0.0002472593041602522, 0.0002472593041602522, 0.0002472593041602522, 0.0002472593041602522, 0.0002472593041602522, 0.0002472593041602522, 0.0002472593041602522, 0.0002472593041602522, 0.0002472593041602522, 0.0002472593041602522, 0.0002472593041602522, 0.0002472593041602522, 0.0002472593041602522, 0.0002472593041602522, 0.0002472593041602522, 0.0002472593041602522, 0.0002472593041602522, 0.0002472593041602522, 0.0002472593041602522, 0.0002472593041602522, 0.0002472593041602522, 0.0002472593041602522, 0.0002472593041602522, 0.0002472593041602522, 0.0002472593041602522, 0.0002472593041602522, 0.0002472593041602522, 0.0002472593041602522, 0.0002472593041602522, 0.0002472593041602522, 0.0002472593041602522, 0.0002472593041602522, 0.0002472593041602522, 0.0002472593041602522, 0.0002472593041602522, 0.0002472593041602522, 2.472593041602522e-05, 2.472593041602522e-05, 2.472593041602522e-05, 2.472593041602522e-05, 2.472593041602522e-05, 2.472593041602522e-05, 2.472593041602522e-05, 2.472593041602522e-05]}