{"n_parameters": 67282, "training_time": 2.563711166381836, "loss": [0.7313370704650879, 0.723631739616394, 0.7169780135154724, 0.7113215327262878, 0.7062132358551025, 0.7018407583236694, 0.6981602311134338, 0.694599449634552, 0.6914575695991516, 0.6886358857154846, 0.686142086982727, 0.6839489340782166, 0.6820086240768433, 0.6799209117889404, 0.6781811118125916, 0.676575243473053, 0.6751012802124023, 0.6736456751823425, 0.6722220778465271, 0.6709896922111511, 0.6698758602142334, 0.6687436699867249, 0.6676424145698547, 0.6666424870491028, 0.6656321287155151, 0.6647430658340454, 0.6636815667152405, 0.6627991795539856, 0.6619422435760498, 0.6610774397850037, 0.6603555083274841, 0.659700334072113, 0.6587057113647461, 0.6580058932304382, 0.657153308391571, 0.6564527750015259, 0.6557067036628723, 0.6550499796867371, 0.6543592214584351, 0.6536414623260498, 0.6528743505477905, 0.6522855758666992, 0.6516047716140747, 0.6509044766426086, 0.6503461599349976, 0.6496490240097046, 0.6490799784660339, 0.6484585404396057, 0.6478395462036133, 0.6472341418266296, 0.646661102771759, 0.6461184024810791, 0.6456003189086914, 0.6449743509292603, 0.6443785429000854, 0.643882691860199, 0.6433345079421997, 0.6427470445632935, 0.6422514319419861, 0.641725480556488, 0.641187846660614, 0.6407814025878906, 0.6401962041854858, 0.6397042870521545, 0.6392434239387512, 0.6386937499046326, 0.6382110714912415, 0.6377553939819336, 0.6373104453086853, 0.6368641257286072, 0.6364079713821411, 0.6359548568725586, 0.6355176568031311, 0.6350648403167725, 0.6346279382705688, 0.6342170238494873, 0.6337948441505432, 0.6334074139595032, 0.6329665184020996, 0.6326032876968384, 0.6321628093719482, 0.6317959427833557, 0.6313939690589905, 0.6309928297996521, 0.6306198239326477, 0.63020920753479, 0.6298643946647644, 0.629492998123169, 0.6291671991348267, 0.6287646889686584, 0.6284383535385132, 0.6280409693717957, 0.6276760697364807, 0.6273274421691895, 0.6269964575767517, 0.6266694068908691, 0.6262994408607483, 0.626000165939331, 0.6256392002105713, 0.6253325343132019, 0.6250029802322388, 0.6246728301048279, 0.6243560910224915, 0.6240363121032715, 0.6237301826477051, 0.6234380602836609, 0.6231409311294556, 0.6228310465812683, 0.6225426197052002, 0.6222690343856812, 0.6219388246536255, 0.6216416954994202, 0.6213748455047607, 0.6210854053497314, 0.6208224892616272, 0.6205374002456665, 0.6202414035797119, 0.6200153231620789, 0.619718074798584, 0.6194643974304199, 0.6191827058792114, 0.6189279556274414, 0.6186663508415222, 0.6183767914772034, 0.618118405342102, 0.6179071068763733, 0.6176421642303467, 0.6173621416091919, 0.6171569228172302, 0.6168831586837769, 0.6166253685951233, 0.6163954138755798, 0.6161336302757263, 0.6158828735351562, 0.6156582236289978, 0.6154305338859558, 0.6151936650276184, 0.6149846911430359, 0.6147177219390869, 0.6144979000091553, 0.6142695546150208, 0.6140463352203369, 0.6138096451759338, 0.613594114780426, 0.6133986115455627, 0.6131488680839539, 0.6129395961761475, 0.6127275824546814, 0.6124769449234009, 0.6122675538063049, 0.6120587587356567, 0.6118640303611755, 0.6116464734077454, 0.611436665058136, 0.6112186312675476, 0.6110190153121948, 0.6108201146125793, 0.6106132864952087, 0.6103914380073547, 0.6102190017700195, 0.610008180141449, 0.6098127365112305, 0.6095987558364868, 0.6094086170196533, 0.6092132925987244, 0.6090315580368042, 0.6088567972183228, 0.6086431741714478, 0.6084587574005127, 0.6082753539085388, 0.6080858111381531, 0.6079022884368896, 0.6077199578285217, 0.6075204610824585, 0.6073306798934937, 0.6071494221687317, 0.606975793838501, 0.6068083643913269, 0.6066266298294067, 0.6064467430114746, 0.6062614917755127, 0.606105387210846, 0.6059136986732483, 0.6057526469230652, 0.6055712699890137, 0.6053809523582458, 0.605196475982666, 0.6050258874893188, 0.6048520803451538, 0.6046873927116394, 0.604514479637146, 0.6043383479118347, 0.6041901707649231, 0.6040091514587402, 0.6038517951965332, 0.6036883592605591, 0.6035175919532776, 0.6033689975738525, 0.6031872630119324, 0.6030222177505493],