{"n_parameters": 20498, "training_time": 2.952892780303955, "loss": [0.7074872255325317, 0.45415136218070984, 0.32478615641593933, 0.2002537101507187, 0.055843695998191833, -0.09923326969146729, -0.04063602536916733, -0.2674412727355957, -0.2162695974111557, -0.27090999484062195, -0.35842886567115784, -0.34375378489494324, -0.2801815867424011, -0.4539981484413147, -0.2500782907009125, -0.4782573878765106, -0.2719847857952118, -0.500236451625824, -0.3194027841091156, -0.40751007199287415, -0.28093916177749634, -0.4593241810798645, -0.33626818656921387, -0.5130996704101562, -0.47862666845321655, -0.3951003849506378, -0.3375088572502136, -0.49728843569755554, -0.4127127230167389, -0.5001121163368225, -0.43759047985076904, -0.4725322425365448, -0.5297284126281738, -0.4648990035057068, -0.546294093132019, -0.5052911639213562, -0.4314744174480438, -0.5217607617378235, -0.6334470510482788, -0.3133787512779236, -0.5725090503692627, -0.4233305752277374, -0.4386610984802246, -0.5778395533561707, -0.41325411200523376, -0.5849332809448242, -0.579785943031311, -0.4040687680244446, -0.5461195707321167, -0.38291847705841064, -0.7094345688819885, -0.505645215511322, -0.49549174308776855, -0.6060575246810913, -0.47734975814819336, -0.5288569927215576, -0.4619446396827698, -0.5669471621513367, -0.4634018838405609, -0.5124669075012207, -0.4832262694835663, -0.9910188317298889, -1.005095362663269, -1.0273572206497192, -1.053985595703125, -1.0715272426605225, -1.094973087310791, -1.1126396656036377, -1.1431262493133545, -1.1543558835983276, -1.1981403827667236, -1.1974776983261108, -1.2261430025100708, -1.2451460361480713, -1.2546937465667725, -1.276987910270691, -1.2998253107070923, -1.3138341903686523, -1.3346670866012573, -1.351455569267273, -1.3666242361068726, -1.3814221620559692, -1.4000619649887085, -1.4121006727218628, -1.4341014623641968, -1.448724389076233, -1.4678736925125122, -1.4602826833724976, -1.4845030307769775, -1.4842815399169922, -1.5090692043304443, -1.5074793100357056, -1.5198277235031128, -1.5423450469970703, -1.557677149772644, -1.5507415533065796, -1.54820716381073, -1.5678359270095825, -1.592827320098877, -1.585534930229187, -1.6156527996063232, -1.6087802648544312, -1.6013928651809692, -1.6346001625061035, -1.6439416408538818, -1.643876075744629, -1.6483139991760254, -1.6320124864578247, -1.6347869634628296, -1.6594469547271729, -1.644793152809143, -1.681715726852417, -1.677181601524353, -1.653960943222046, -1.6579396724700928, -1.6687477827072144, -1.7070236206054688, -1.6729639768600464, -1.6735914945602417, -1.7209798097610474, -1.7000080347061157, -1.6998234987258911, -1.700629711151123, -1.734559178352356, -1.7140576839447021, -1.6940219402313232, -1.7015002965927124, -1.7177040576934814, -1.7121458053588867, -1.7305997610092163, -1.7159518003463745, -1.7397050857543945, -1.7216405868530273, -1.7398724555969238, -1.7538480758666992, -1.7366416454315186, -1.6925703287124634, -1.7147001028060913, -1.7543569803237915, -1.7501171827316284, -1.7414268255233765, -1.7615139484405518, -1.7537696361541748, -1.7926175594329834, -1.7455682754516602, -1.699645757675171, -1.7514479160308838, -1.729340672492981, -1.7983086109161377, -1.6938059329986572, -1.7694931030273438, -1.684788703918457, -1.7791001796722412, -1.7879587411880493, -1.799649715423584, -1.7113415002822876, -1.759300708770752, -1.7294732332229614, -1.7454252243041992, -1.7410151958465576, -1.7857885360717773, -1.763168215751648, -1.69484543800354, -1.7722325325012207, -1.7256979942321777, -1.7670539617538452, -1.7568930387496948, -1.806077480316162, -1.7527525424957275, -1.7433390617370605, -1.7391210794448853, -1.7324659824371338, -1.73899245262146, -1.7384614944458008, -1.7308310270309448, -1.8191994428634644, -1.749993085861206, -1.7681572437286377, -1.822487473487854, -1.690626859664917, -1.7881265878677368, -1.749369740486145, -1.735704779624939, -1.7718968391418457, -1.7838232517242432, -1.7177319526672363, -1.8885406255722046, -1.8925532102584839, -1.893250823020935, -1.893109917640686, -1.8929102420806885, -1.8958173990249634, -1.8986377716064453, -1.8935471773147583, -1.8968873023986816, -1.8990281820297241, -1.8941994905471802, -1.8960490226745605, -1.8976062536239624, -1.903371810913086],