{"n_parameters": 215778, "training_time": 2.764694929122925, "loss": [22.977060317993164, 1.4430646896362305, 1.149856448173523, 0.8549997210502625, 0.6208656430244446, 0.2695828080177307, 0.2537279427051544, -0.044000737369060516, -0.14526642858982086, -0.1662181168794632, -0.197117418050766, -0.20876801013946533, -0.2751629948616028, -0.3044123649597168, -0.34097445011138916, -0.19977259635925293, -0.4519209563732147, -0.43934619426727295, -0.3438393175601959, -0.3996029496192932, -0.34206268191337585, -0.4879966974258423, -0.5507837533950806, -0.483221173286438, -0.4127523899078369, -0.6382322311401367, -0.5630550980567932, -0.6206475496292114, -0.3751193583011627, -0.4781297743320465, -0.686034619808197, -0.10094193369150162, -0.9015842080116272, -0.7097288370132446, -0.5782405734062195, -0.5964282155036926, -0.6991474032402039, -0.713541567325592, -0.6092172861099243, -0.7927792072296143, -0.6497452259063721, -0.5131101012229919, -0.796637773513794, -0.5721055865287781, -0.6957142949104309, -0.7719601392745972, -0.7433647513389587, -0.0932515412569046, -0.3579082787036896, -0.6892301440238953, -0.6717444062232971, -0.7097669243812561, -0.8038726449012756, -0.7323406338691711, -0.8930208683013916, -0.4985264539718628, -0.7689804434776306, -1.2627776861190796, -1.582910180091858, -1.866607904434204, -1.951831579208374, -2.039613723754883, -2.039274215698242, -2.1934144496917725, -2.09975266456604, -2.1659281253814697, -2.0561087131500244, -2.150007963180542, -2.212395429611206, -2.1855554580688477, -2.1405131816864014, -2.3710782527923584, -2.4382145404815674, -2.455281972885132, -2.469857931137085, -2.4771411418914795, -2.4845988750457764, -2.4884450435638428, -2.501175880432129, -2.5113611221313477, -2.5047051906585693, -2.5376250743865967, -2.5400898456573486, -2.540396213531494, -2.5422661304473877], "val_loss": [0.8955986499786377, 0.9389429092407227, 0.6805607080459595, 0.6653551459312439, 0.2651277780532837, -0.23694059252738953, -0.2878691554069519, -0.37288743257522583, 0.021950550377368927, -0.4014889597892761, -0.08047671616077423, -0.5759082436561584, -0.5913191437721252, -0.5511845350265503, -0.4831177890300751, -0.5397065877914429, -0.12323630601167679, -0.3891873061656952, -0.07086578011512756, -0.5765506029129028, -0.5830774903297424, -0.41892287135124207, -0.7598044872283936, -0.9278345108032227, -0.769729733467102, -0.9401229023933411, -0.8078560829162598, 2.3588669300079346, -0.6967878341674805, -0.8015924096107483, -0.8980352282524109, -1.0099132061004639, 0.8399081230163574, 0.8420359492301941, -0.9813283681869507, -1.0944980382919312, -0.9885002970695496, -0.7501655220985413, -0.5757510662078857, -0.8784633278846741, -0.8071643114089966, -1.042531132698059, 4.53358268737793, -0.953039288520813, -1.0387581586837769, -1.1031829118728638, -1.3177529573440552, 1.0104210376739502, 0.3664863109588623, -0.6761553883552551, -1.0369740724563599, -0.918552041053772, -0.8661156296730042, 1.8369417190551758, -0.5706486105918884, -1.1225078105926514, -1.0918306112289429, -1.3696105480194092, -1.5409870147705078, -1.719752550125122, -1.72105872631073, -1.487081527709961, -1.6959830522537231, -1.6531100273132324, -1.5591678619384766, -1.442630410194397, -1.7043633460998535, -1.5720117092132568, -1.337355613708496, -1.6980643272399902, -1.380954623222351, -1.7024049758911133, -1.596171259880066, -1.6714415550231934, -1.6353774070739746, -1.6381522417068481, -1.603855848312378, -1.494032621383667, -1.5820496082305908, -1.5626529455184937, -1.518843412399292, -1.520393967628479, -1.5173226594924927, -1.5199172496795654, -1.513739824295044], "lr": [0.006335566285997629, 0.006335566285997629, 0.006335566285997629, 0.006335566285997629, 0.006335566285997629, 0.006335566285997629, 0.006335566285997629, 0.006335566285997629, 0.006335566285997629, 0.006335566285997629, 0.006335566285997629, 0.006335566285997629, 0.006335566285997629, 0.006335566285997629, 0.006335566285997629, 0.006335566285997629, 0.006335566285997629, 0.006335566285997629, 0.006335566285997629, 0.006335566285997629, 0.006335566285997629, 0.006335566285997629, 0.006335566285997629, 0.006335566285997629, 0.006335566285997629, 0.006335566285997629, 0.006335566285997629, 0.006335566285997629, 0.006335566285997629, 0.006335566285997629, 0.006335566285997629, 0.006335566285997629, 0.006335566285997629, 0.006335566285997629, 0.006335566285997629, 0.006335566285997629, 0.006335566285997629, 0.006335566285997629, 0.006335566285997629, 0.006335566285997629, 0.006335566285997629, 0.006335566285997629, 0.006335566285997629, 0.006335566285997629, 0.006335566285997629, 0.006335566285997629, 0.006335566285997629, 0.006335566285997629, 0.006335566285997629, 0.006335566285997629, 0.006335566285997629, 0.006335566285997629, 0.006335566285997629, 0.006335566285997629, 0.006335566285997629, 0.006335566285997629, 0.006335566285997629, 0.0006335566285997629, 0.0006335566285997629, 0.0006335566285997629, 0.0006335566285997629, 0.0006335566285997629, 0.0006335566285997629, 0.0006335566285997629, 0.0006335566285997629, 0.0006335566285997629, 0.0006335566285997629, 0.0006335566285997629, 0.0006335566285997629, 0.0006335566285997629, 0.0006335566285997629, 6.335566285997629e-05, 6.335566285997629e-05, 6.335566285997629e-05, 6.335566285997629e-05, 6.335566285997629e-05, 6.335566285997629e-05, 6.335566285997629e-05, 6.335566285997629e-05, 6.335566285997629e-05, 6.335566285997629e-05, 6.3355664678965695e-06, 6.3355664678965695e-06, 6.3355664678965695e-06, 6.3355664678965695e-06]}