{"n_parameters": 110418, "training_time": 1.0252721309661865, "loss": [14.776704788208008, 5.436384677886963, 6.13380241394043, 5.398526668548584, 2.455991268157959, 1.1522239446640015, 0.7231326699256897, 0.7076457142829895, 0.6883612275123596, 0.6676923036575317, 0.6514401435852051, 0.6271398663520813, 0.6150708794593811, 0.5950208902359009, 0.5782902240753174, 0.5676602125167847, 0.5696070790290833, 0.5403754711151123, 0.5287908911705017, 0.5332779884338379, 0.5016359090805054, 0.5146249532699585, 0.5083349943161011, 0.4938591718673706, 0.5161827802658081, 0.49063077569007874, 0.5149500370025635, 0.4978844225406647, 0.4944889545440674, 0.5107986330986023, 0.502255380153656, 0.49031737446784973, 0.4885466992855072, 0.5202394723892212, 0.4837416708469391, 0.5073234438896179, 0.5043707489967346, 0.49024781584739685, 0.5122035145759583, 0.49495354294776917, 0.49275895953178406, 0.485914945602417, 0.49597713351249695, 0.4872058928012848, 0.5321438908576965, 0.5010069012641907, 0.4920708239078522, 0.48526909947395325, 0.485064834356308, 0.4826216399669647, 0.48310407996177673, 0.48356059193611145, 0.4830104410648346, 0.4814915657043457], "val_loss": [5.519942760467529, 5.795684814453125, 4.578686714172363, 3.4960312843322754, 2.8788352012634277, 0.746981143951416, 0.7240048050880432, 0.7081276178359985, 0.6871739625930786, 0.6680382490158081, 0.6507794857025146, 0.634793221950531, 0.6172370314598083, 0.6018255949020386, 0.5884779691696167, 0.5781780481338501, 0.5638329982757568, 0.5740050077438354, 0.5445491075515747, 0.5378516912460327, 0.6221925616264343, 0.5283933281898499, 0.5416715741157532, 0.531743586063385, 0.5250544548034668, 0.5839648246765137, 0.5241809487342834, 0.5413700342178345, 0.6050581932067871, 0.5418927073478699, 0.5380319356918335, 0.5518594980239868, 0.5733080506324768, 0.5228863954544067, 0.5248187184333801, 0.5776568651199341, 0.5299505591392517, 0.5963499546051025, 0.5276123881340027, 0.5609347820281982, 0.5322079658508301, 0.5343395471572876, 0.5443347096443176, 0.6096981167793274, 0.5550058484077454, 0.5396497249603271, 0.530127763748169, 0.5255483984947205, 0.5247190594673157, 0.5238352417945862, 0.5236252546310425, 0.523556649684906, 0.5242534279823303, 0.523733913898468], "lr": [0.06674166023731232, 0.06674166023731232, 0.06674166023731232, 0.06674166023731232, 0.06674166023731232, 0.06674166023731232, 0.06674166023731232, 0.06674166023731232, 0.06674166023731232, 0.06674166023731232, 0.06674166023731232, 0.06674166023731232, 0.06674166023731232, 0.06674166023731232, 0.06674166023731232, 0.06674166023731232, 0.06674166023731232, 0.06674166023731232, 0.06674166023731232, 0.06674166023731232, 0.06674166023731232, 0.06674166023731232, 0.06674166023731232, 0.06674166023731232, 0.06674166023731232, 0.06674166023731232, 0.06674166023731232, 0.06674166023731232, 0.06674166023731232, 0.06674166023731232, 0.06674166023731232, 0.06674166023731232, 0.06674166023731232, 0.06674166023731232, 0.06674166023731232, 0.06674166023731232, 0.06674166023731232, 0.06674166023731232, 0.06674166023731232, 0.06674166023731232, 0.06674166023731232, 0.06674166023731232, 0.06674166023731232, 0.06674166023731232, 0.006674165837466717, 0.006674165837466717, 0.006674165837466717, 0.006674165837466717, 0.006674165837466717, 0.006674165837466717, 0.006674165837466717, 0.006674165837466717, 0.006674165837466717, 0.006674165837466717]}