{"n_parameters": 46018, "training_time": 1.3215231895446777, "loss": [5.881736755371094, 0.8472242951393127, 0.7539095282554626, 0.5787023305892944, 0.5078976154327393, 0.43904298543930054, 0.34344175457954407, 0.7863554358482361, 1.1692174673080444, -0.027457809075713158, 0.5276902318000793, 0.25332820415496826, 0.6005772948265076, 0.14802388846874237, 0.321285218000412, 0.9721770882606506, 0.4594908654689789, 0.9839081764221191, 0.25677016377449036, 0.14502498507499695, 0.47063419222831726, -0.030461281538009644, -0.3047296106815338, -0.76371830701828, -0.9500108957290649, -1.0347806215286255, -1.3003369569778442, -1.2031331062316895, -1.2881077527999878, -1.2291245460510254, -1.4185129404067993, -1.2948992252349854, -1.403517484664917, -1.2811386585235596, -1.524052619934082, -1.288490653038025, -1.507033348083496, -1.4438267946243286, -1.4058676958084106, -1.5031951665878296, -1.4567022323608398, -1.5140211582183838, -1.4444810152053833, -1.5465282201766968, -1.4018465280532837, -1.5177370309829712, -1.43649160861969, -1.2599958181381226, -1.865185260772705, -1.9668241739273071, -2.0609331130981445, -2.1699166297912598, -2.253378391265869, -2.3204002380371094, -2.402082920074463, -2.4800305366516113, -2.5477137565612793, -2.462825059890747, -2.622831344604492, -2.63000226020813, -2.639482021331787, -2.6457884311676025, -2.6538069248199463, -2.6641829013824463], "val_loss": [0.8116939067840576, 0.6951542496681213, 0.802156925201416, 0.6452329754829407, 0.592557430267334, 0.2601914703845978, 1.248326063156128, 1.0352469682693481, 0.07670942693948746, 2.081744909286499, -0.2184845358133316, 0.038876939564943314, 0.07093922793865204, 0.11005796492099762, 2.0511913299560547, 0.1355026215314865, 0.0013788347132503986, 6.4366631507873535, 0.057651352137327194, -0.10426126420497894, 0.04395214840769768, -0.11864632368087769, -0.5207602977752686, -0.6694729328155518, -0.7258970737457275, -0.9159224033355713, -1.0752900838851929, -0.8206818699836731, 0.6298864483833313, -1.213511347770691, -1.4034583568572998, -1.3425753116607666, -1.1971489191055298, -1.3673999309539795, 1.1324728727340698, -1.477763295173645, -1.6039787530899048, -0.7666716575622559, -1.3339853286743164, -1.5634924173355103, -0.7321381568908691, 0.08574123680591583, -1.0918710231781006, -1.4205495119094849, -1.2666304111480713, -0.34434396028518677, 0.5375908017158508, -1.5234086513519287, -1.5459269285202026, -1.5701203346252441, -1.5865789651870728, -1.477760672569275, -1.339134693145752, -1.5621732473373413, -1.4490176439285278, -1.4133508205413818, -0.6933748126029968, -1.2672396898269653, -1.3147845268249512, -1.2989193201065063, -1.3004388809204102, -1.2786611318588257, -1.2579983472824097, -1.2563380002975464], "lr": [0.006519102491438389, 0.006519102491438389, 0.006519102491438389, 0.006519102491438389, 0.006519102491438389, 0.006519102491438389, 0.006519102491438389, 0.006519102491438389, 0.006519102491438389, 0.006519102491438389, 0.006519102491438389, 0.006519102491438389, 0.006519102491438389, 0.006519102491438389, 0.006519102491438389, 0.006519102491438389, 0.006519102491438389, 0.006519102491438389, 0.006519102491438389, 0.006519102491438389, 0.006519102491438389, 0.0006519102607853711, 0.0006519102607853711, 0.0006519102607853711, 0.0006519102607853711, 0.0006519102607853711, 0.0006519102607853711, 0.0006519102607853711, 0.0006519102607853711, 0.0006519102607853711, 0.0006519102607853711, 0.0006519102607853711, 0.0006519102607853711, 0.0006519102607853711, 0.0006519102607853711, 0.0006519102607853711, 0.0006519102607853711, 0.0006519102607853711, 0.0006519102607853711, 0.0006519102607853711, 0.0006519102607853711, 0.0006519102607853711, 0.0006519102607853711, 0.0006519102607853711, 0.0006519102607853711, 0.0006519102607853711, 0.0006519102607853711, 6.519102316815406e-05, 6.519102316815406e-05, 6.519102316815406e-05, 6.519102316815406e-05, 6.519102316815406e-05, 6.519102316815406e-05, 6.519102316815406e-05, 6.519102316815406e-05, 6.519102316815406e-05, 6.519102316815406e-05, 6.5191024987143464e-06, 6.5191024987143464e-06, 6.5191024987143464e-06, 6.5191024987143464e-06, 6.5191024987143464e-06, 6.5191024987143464e-06, 6.5191024987143464e-06]}