{"n_parameters": 147650, "training_time": 2.455519199371338, "loss": [16.83961296081543, 1.5342743396759033, 2.439755916595459, 1.7684468030929565, 1.5758053064346313, 1.6330643892288208, 1.3180327415466309, 1.0862019062042236, 1.0151541233062744, 0.7697173953056335, 0.6881697773933411, 0.5836073756217957, 0.3982788920402527, 0.30105939507484436, 0.2813089191913605, 0.13702943921089172, 0.1454647183418274, -0.003637226764112711, -0.1898980289697647, -0.025105243548750877, -0.10422863811254501, -0.16748633980751038, -0.08741049468517303, -0.3842693567276001, -0.1514865607023239, -0.19008085131645203, -0.39395812153816223, -0.15205945074558258, -0.38025471568107605, -0.2788875699043274, -0.4749707579612732, -0.2917325496673584, -0.40546953678131104, -0.5561486482620239, -0.433663010597229, -0.5596725940704346, -0.12086793035268784, -0.5153396129608154, -0.7118146419525146, -0.5357860326766968, -0.5162988305091858, -0.6149448752403259, -0.661034107208252, -0.40284156799316406, -0.6763607859611511, -0.6640302538871765, -0.7351595759391785, -0.6043077111244202, -0.6534919142723083, -1.1628245115280151, -1.31412935256958, -1.4544885158538818, -1.607348084449768, -1.6709693670272827, -1.8003274202346802, -1.7802038192749023, -1.8971134424209595, -1.985787272453308, -1.907975196838379, -2.0101959705352783, -2.04301118850708, -2.069415807723999, -2.0662786960601807, -2.131551742553711, -2.0849449634552, -2.198535680770874, -2.2044765949249268, -2.1733603477478027, -2.2202250957489014, -2.202080488204956, -2.2469420433044434, -2.2255239486694336, -2.2531163692474365, -2.287722587585449, -2.2394371032714844, -2.237032175064087, -2.2818477153778076, -2.419351816177368, -2.5045034885406494, -2.5300099849700928, -2.519543409347534, -2.5280988216400146, -2.5397214889526367, -2.545470952987671, -2.554478883743286, -2.5550215244293213, -2.566014051437378, -2.5634071826934814, -2.565887451171875, -2.579357147216797, -2.5829877853393555, -2.587293863296509, -2.599236249923706, -2.5969667434692383, -2.60874080657959, -2.5994882583618164, -2.604552984237671, -2.609384536743164, -2.631242513656616, -2.632539987564087, -2.6323204040527344, -2.6324830055236816, -2.634063720703125, -2.633601665496826, -2.634376287460327, -2.6343939304351807, -2.634690999984741, -2.636146068572998, -2.637619733810425, -2.637584686279297, -2.6377859115600586, -2.637840747833252], "val_loss": [1.147871494293213, 8.458294868469238, 1.2415754795074463, 1.2667399644851685, 1.0918936729431152, 1.0747771263122559, 0.8475431799888611, 0.6835050582885742, 0.77476966381073, 0.9007502794265747, 0.6132300496101379, 0.5847769975662231, 0.7000730037689209, 1.1605961322784424, 0.3016190826892853, 0.13870111107826233, -0.25998619198799133, -0.13150550425052643, -0.4730498194694519, 0.09500500559806824, -0.48865172266960144, -0.638694167137146, -0.5459125638008118, 3.067960023880005, -0.6586501598358154, -0.44478553533554077, -0.5299180746078491, -0.5354570746421814, -0.8180717825889587, -0.6141520738601685, -0.6089228391647339, -0.7166509628295898, -0.7087728381156921, -0.9007678627967834, -0.5516970157623291, -0.9491072297096252, -0.7594769597053528, -0.775138795375824, -1.0178335905075073, -0.9993255734443665, -0.9215571880340576, -0.9810575842857361, 1.152251958847046, -1.0135363340377808, -0.8753533959388733, 0.1848057061433792, -0.5450832843780518, 0.5138803124427795, -0.9060261845588684, -1.259770393371582, -1.393889307975769, -1.4687927961349487, -1.688018798828125, -1.7687445878982544, -1.8550375699996948, -1.9454104900360107, -1.8679178953170776, -2.0264320373535156, -2.0903983116149902, -2.0621235370635986, -2.095907211303711, -2.136634111404419, -2.1678059101104736, -1.4861483573913574, -2.1975507736206055, -2.209439754486084, -2.2474379539489746, -1.9987832307815552, -2.1218066215515137, -1.7946237325668335, -2.1542816162109375, -2.2205941677093506, -1.7382813692092896, -2.091799736022949, -1.9741135835647583, -2.031341791152954, -1.7965182065963745, -2.1993956565856934, -2.240117073059082, -2.236555337905884, -2.264850378036499, -2.2697815895080566, -2.265153169631958, -2.284196138381958, -2.2722227573394775, -2.2742161750793457, -2.2926270961761475, -2.298360824584961, -2.2864668369293213, -2.295694589614868, -2.2795512676239014, -2.277315855026245, -2.281623601913452, -2.288705587387085, -2.2700037956237793, -2.2916312217712402, -2.2864160537719727, -2.293999671936035, -2.295905113220215, -2.2959110736846924, -2.296333074569702, -2.2960169315338135, -2.293896436691284, -2.294757604598999, -2.2945849895477295, -2.294236898422241, -2.293984889984131, -2.2946462631225586, -2.2945826053619385, -2.294600486755371, -2.2945430278778076, -2.294471502304077], "lr": [0.0025775895919650793, 0.0025775895919650793, 0.0025775895919650793, 0.0025775895919650793, 0.0025775895919650793, 0.0025775895919650793, 0.0025775895919650793, 0.0025775895919650793, 0.0025775895919650793, 0.0025775895919650793, 0.0025775895919650793, 0.0025775895919650793, 0.0025775895919650793, 0.0025775895919650793, 0.0025775895919650793, 0.0025775895919650793, 0.0025775895919650793, 0.0025775895919650793, 0.0025775895919650793, 0.0025775895919650793, 0.0025775895919650793, 0.0025775895919650793, 0.0025775895919650793, 0.0025775895919650793, 0.0025775895919650793, 0.0025775895919650793, 0.0025775895919650793, 0.0025775895919650793, 0.0025775895919650793, 0.0025775895919650793, 0.0025775895919650793, 0.0025775895919650793, 0.0025775895919650793, 0.0025775895919650793, 0.0025775895919650793, 0.0025775895919650793, 0.0025775895919650793, 0.0025775895919650793, 0.0025775895919650793, 0.0025775895919650793, 0.0025775895919650793, 0.0025775895919650793, 0.0025775895919650793, 0.0025775895919650793, 0.0025775895919650793, 0.0025775895919650793, 0.0025775895919650793, 0.0025775895919650793, 0.0025775895919650793, 0.00025775894755497575, 0.00025775894755497575, 0.00025775894755497575, 0.00025775894755497575, 0.00025775894755497575, 0.00025775894755497575, 0.00025775894755497575, 0.00025775894755497575, 0.00025775894755497575, 0.00025775894755497575, 0.00025775894755497575, 0.00025775894755497575, 0.00025775894755497575, 0.00025775894755497575, 0.00025775894755497575, 0.00025775894755497575, 0.00025775894755497575, 0.00025775894755497575, 0.00025775894755497575, 0.00025775894755497575, 0.00025775894755497575, 0.00025775894755497575, 0.00025775894755497575, 0.00025775894755497575, 0.00025775894755497575, 0.00025775894755497575, 0.00025775894755497575, 0.00025775894755497575, 2.5775894755497575e-05, 2.5775894755497575e-05, 2.5775894755497575e-05, 2.5775894755497575e-05, 2.5775894755497575e-05, 2.5775894755497575e-05, 2.5775894755497575e-05, 2.5775894755497575e-05, 2.5775894755497575e-05, 2.5775894755497575e-05, 2.5775894755497575e-05, 2.5775894755497575e-05, 2.5775894755497575e-05, 2.5775894755497575e-05, 2.5775894755497575e-05, 2.5775894755497575e-05, 2.5775894755497575e-05, 2.5775894755497575e-05, 2.5775894755497575e-05, 2.5775894755497575e-05, 2.5775894755497575e-05, 2.5775893846002873e-06, 2.5775893846002873e-06, 2.5775893846002873e-06, 2.5775893846002873e-06, 2.5775893846002873e-06, 2.5775893846002873e-06, 2.5775893846002873e-06, 2.5775893846002873e-06, 2.5775893846002873e-06, 2.5775893846002873e-06, 2.5775892709134496e-07, 2.5775892709134496e-07, 2.5775892709134496e-07, 2.5775892709134496e-07]}