{"n_parameters": 29122, "training_time": 2.050804853439331, "loss": [1.5083783864974976, 0.8185665607452393, 0.7220832705497742, 0.5701451897621155, 0.5595030188560486, 0.343447744846344, 0.34381818771362305, 0.21960151195526123, 0.27397748827934265, 0.13132618367671967, 0.06218085065484047, 0.09674309939146042, 0.003369042882695794, -0.04112941771745682, 0.03592506796121597, 0.08140550553798676, -0.2632240056991577, 0.13425375521183014, -0.17713458836078644, -0.28886523842811584, -0.19556838274002075, -0.09292526543140411, -0.19261464476585388, -0.2951238453388214, 0.006991168949753046, -0.26534536480903625, -0.239675834774971, -0.24661390483379364, -0.34237968921661377, -0.3584412634372711, -0.6861180067062378, -0.8984092473983765, -1.0481146574020386, -1.198555588722229, -1.3274708986282349, -1.4625135660171509, -1.5430536270141602, -1.6165457963943481, -1.682085394859314, -1.736762523651123, -1.771420955657959, -1.8438732624053955, -1.8113757371902466, -1.8701245784759521, -1.6122111082077026, -2.0847058296203613, -1.8699661493301392, -1.8561317920684814, -1.8305362462997437, -2.092097282409668, -1.9339687824249268, -1.8930799961090088, -2.031130790710449, -2.010017156600952, -1.9989725351333618, -1.9145015478134155, -1.9819530248641968, -2.020465850830078, -1.993896245956421, -2.111469268798828, -1.9774447679519653, -2.0541863441467285, -2.064432382583618, -2.036379337310791, -2.08707332611084, -2.068272590637207, -1.8054025173187256, -2.26729154586792, -1.9891637563705444, -2.028118848800659, -2.1801493167877197, -1.9991105794906616, -2.19411301612854, -2.0317068099975586, -1.9489892721176147, -2.0306761264801025, -2.215038299560547, -2.0991554260253906, -2.5335726737976074, -2.55918550491333, -2.573482036590576, -2.5958614349365234, -2.615128517150879, -2.632262706756592, -2.6510462760925293, -2.667764663696289, -2.6758813858032227, -2.7082271575927734, -2.7084691524505615, -2.7223124504089355, -2.740339517593384, -2.753385305404663, -2.7682912349700928, -2.7785539627075195, -2.7731618881225586, -2.809401512145996, -2.8135459423065186, -2.814832925796509, -2.8162341117858887, -2.8173234462738037, -2.8193955421447754, -2.8211371898651123, -2.823939800262451, -2.8242979049682617, -2.826915740966797, -2.827070951461792, -2.827296257019043, -2.827392816543579, -2.8275721073150635, -2.8277976512908936], "val_loss": [0.9936963319778442, 0.5336078405380249, 0.6512969136238098, 1.8515291213989258, 0.304543137550354, 0.27312687039375305, 0.45550692081451416, 0.07136227935552597, -0.09247861057519913, -0.0682208389043808, -0.12995639443397522, 0.2998720407485962, 0.36628979444503784, -0.37108495831489563, -0.3035975396633148, -0.38138440251350403, 1.9188040494918823, -0.4483920931816101, -0.42455509305000305, -0.673816978931427, -0.6013995409011841, -0.277394562959671, -0.6136115789413452, -0.660111129283905, 0.12957821786403656, -0.4927327632904053, -0.5825767517089844, -0.5909560322761536, 0.3726905286312103, -0.322830468416214, -0.7973358035087585, -0.9656197428703308, -1.1043189764022827, -1.2465612888336182, -1.3507550954818726, -1.1769022941589355, -1.5251517295837402, -1.6421104669570923, -1.0220112800598145, -1.7263329029083252, -0.9927412867546082, -1.4648338556289673, -0.9256622195243835, -1.7839677333831787, -1.4286587238311768, -1.8855249881744385, -0.2989480793476105, -1.9101482629776, -1.344055414199829, -1.3056762218475342, 0.06355904042720795, -1.9906034469604492, -0.8368692398071289, -1.919714093208313, -0.828327476978302, -2.03716778755188, -2.042947769165039, 0.4459763467311859, -0.4255031943321228, -1.9167028665542603, -1.7446465492248535, -0.8748087286949158, -2.0453155040740967, -1.2794064283370972, -1.9262982606887817, 0.12144335359334946, -2.109062910079956, -1.3618437051773071, 0.04135087877511978, -1.6922907829284668, -0.9005534648895264, -2.034282922744751, -1.9647377729415894, -2.0392565727233887, -2.1026017665863037, -1.0676302909851074, -0.5807349681854248, -2.116358518600464, -2.124467372894287, -2.1361608505249023, -2.1106600761413574, -2.138819932937622, -2.1509969234466553, -2.154974937438965, -2.153714418411255, -2.1000778675079346, -2.148366689682007, -2.0748541355133057, -2.1275081634521484, -2.108811378479004, -2.1324682235717773, -2.1113669872283936, -2.1312029361724854, -2.0380349159240723, -2.125523328781128, -2.139658212661743, -2.141503095626831, -2.1397759914398193, -2.1407322883605957, -2.1414754390716553, -2.138655185699463, -2.1394927501678467, -2.1376054286956787, -2.13698148727417, -2.137085199356079, -2.137021064758301, -2.1371307373046875, -2.137073040008545, -2.1371235847473145, -2.1373865604400635], "lr": [0.009739397093653679, 0.009739397093653679, 0.009739397093653679, 0.009739397093653679, 0.009739397093653679, 0.009739397093653679, 0.009739397093653679, 0.009739397093653679, 0.009739397093653679, 0.009739397093653679, 0.009739397093653679, 0.009739397093653679, 0.009739397093653679, 0.009739397093653679, 0.009739397093653679, 0.009739397093653679, 0.009739397093653679, 0.009739397093653679, 0.009739397093653679, 0.009739397093653679, 0.009739397093653679, 0.009739397093653679, 0.009739397093653679, 0.009739397093653679, 0.009739397093653679, 0.009739397093653679, 0.009739397093653679, 0.009739397093653679, 0.009739397093653679, 0.009739397093653679, 0.0009739397210069001, 0.0009739397210069001, 0.0009739397210069001, 0.0009739397210069001, 0.0009739397210069001, 0.0009739397210069001, 0.0009739397210069001, 0.0009739397210069001, 0.0009739397210069001, 0.0009739397210069001, 0.0009739397210069001, 0.0009739397210069001, 0.0009739397210069001, 0.0009739397210069001, 0.0009739397210069001, 0.0009739397210069001, 0.0009739397210069001, 0.0009739397210069001, 0.0009739397210069001, 0.0009739397210069001, 0.0009739397210069001, 0.0009739397210069001, 0.0009739397210069001, 0.0009739397210069001, 0.0009739397210069001, 0.0009739397210069001, 0.0009739397210069001, 0.0009739397210069001, 0.0009739397210069001, 0.0009739397210069001, 0.0009739397210069001, 0.0009739397210069001, 0.0009739397210069001, 0.0009739397210069001, 0.0009739397210069001, 0.0009739397210069001, 0.0009739397210069001, 0.0009739397210069001, 0.0009739397210069001, 0.0009739397210069001, 0.0009739397210069001, 0.0009739397210069001, 0.0009739397210069001, 0.0009739397210069001, 0.0009739397210069001, 0.0009739397210069001, 0.0009739397210069001, 9.739397501107305e-05, 9.739397501107305e-05, 9.739397501107305e-05, 9.739397501107305e-05, 9.739397501107305e-05, 9.739397501107305e-05, 9.739397501107305e-05, 9.739397501107305e-05, 9.739397501107305e-05, 9.739397501107305e-05, 9.739397501107305e-05, 9.739397501107305e-05, 9.739397501107305e-05, 9.739397501107305e-05, 9.739397501107305e-05, 9.739397501107305e-05, 9.739397501107305e-05, 9.739397683006246e-06, 9.739397683006246e-06, 9.739397683006246e-06, 9.739397683006246e-06, 9.739397683006246e-06, 9.739397683006246e-06, 9.739397683006246e-06, 9.739397683006246e-06, 9.739397683006246e-06, 9.739397683006246e-06, 9.739397910379921e-07, 9.739397910379921e-07, 9.739397910379921e-07, 9.739397910379921e-07, 9.739397910379921e-07, 9.739397910379921e-07]}