{"n_parameters": 76722, "training_time": 2.062584161758423, "loss": [64.51435089111328, 0.8887414932250977, 0.8446466326713562, 1.0473735332489014, 0.8436391949653625, 0.8745891451835632, 0.8581547737121582, 0.5470259189605713, 0.6198302507400513, 0.512641191482544, 0.4897448420524597, 0.2144830822944641, 0.24344448745250702, 0.3182675540447235, 0.08388563990592957, 0.05853547528386116, 0.07760043442249298, 0.028078675270080566, 0.009776024147868156, -0.07760491967201233, -0.05005012825131416, 0.05914705619215965, -0.1379726231098175, -0.19233885407447815, -0.2536473870277405, -0.1794535368680954, -0.36000120639801025, -0.03360817953944206, -0.2820230722427368, -0.2746019661426544, -0.35299375653266907, -0.403447687625885, -0.3235307037830353, -0.2933196723461151, -0.3725552260875702, -0.48846906423568726, -0.14342167973518372, -0.5437026023864746, -0.4869884252548218, -0.3996746242046356, -0.258844792842865, -0.3610396385192871, -0.4387248158454895, -0.47325366735458374, -0.4932626783847809, -0.5934659242630005, -0.298724502325058, -0.5877191424369812, -0.42980220913887024, -0.6298010349273682, -0.5888583064079285, -0.24785290658473969, -0.7591399550437927, -0.515576958656311, -0.5150240063667297, -0.7012141942977905, -0.606043815612793, -0.6756226420402527, -0.5985775589942932, -1.0542415380477905, -1.2013323307037354, -1.3542346954345703, -1.5049927234649658, -1.6361031532287598, -1.7836041450500488, -1.8551377058029175, -1.8690712451934814, -2.0732028484344482, -2.0035524368286133, -2.110408306121826, -2.091111183166504, -2.12229323387146, -2.0639970302581787, -2.248483419418335, -2.2832205295562744, -2.063413619995117, -2.3429856300354004, -2.1123340129852295, -2.329073905944824, -2.10312557220459, -2.1958248615264893, -2.356283664703369, -2.1639394760131836, -2.340324640274048, -2.3296918869018555, -2.107861042022705, -2.366312026977539, -2.2478110790252686, -2.193657875061035, -2.4088680744171143, -2.251032829284668, -2.4383544921875, -2.2900502681732178, -2.248338222503662, -2.3621621131896973, -2.2950546741485596, -2.2560203075408936, -2.3248908519744873, -2.4741952419281006, -2.130401611328125, -2.5061888694763184, -2.3660149574279785, -2.3787059783935547, -2.5601277351379395, -2.7393555641174316, -2.789137363433838, -2.7997472286224365, -2.8283283710479736, -2.835965394973755, -2.8477022647857666, -2.872392177581787, -2.8733584880828857, -2.89266037940979, -2.9054548740386963, -2.9204325675964355, -2.928645133972168, -2.9379544258117676, -2.9514005184173584, -2.963364362716675, -2.980062961578369, -2.9904887676239014, -2.992065906524658, -2.9931228160858154, -2.9949140548706055, -2.9956583976745605, -2.9972848892211914, -2.998089551925659, -2.9993858337402344, -3.0006191730499268, -3.003732204437256, -3.0038506984710693, -3.0039403438568115, -3.0040740966796875], "val_loss": [0.9244449138641357, 0.9951519966125488, 0.6922520995140076, 0.7072464823722839, 0.5724470019340515, 1.1474260091781616, 0.3469995856285095, 0.3502424955368042, 0.2261546552181244, 0.2208462357521057, 0.11434987932443619, -0.04623619094491005, -0.04421210661530495, -0.08108896017074585, 0.5273575782775879, -0.18085327744483948, -0.08008445054292679, -0.08705464750528336, -0.36748558282852173, -0.3133317232131958, 0.08769284188747406, -0.4729137420654297, -0.3193480670452118, -0.5242622494697571, -0.6778040528297424, -0.5416727066040039, -0.6596201658248901, -0.3673749268054962, -0.4445848762989044, -0.312714159488678, 0.7288150191307068, -0.7088083028793335, -0.5862982273101807, 0.4053763747215271, -0.7299579977989197, 0.5802414417266846, -0.3067080080509186, -0.38279300928115845, -0.08845764398574829, 0.07790236920118332, -0.6939691305160522, -0.7762064933776855, -0.6477605700492859, -0.5891525149345398, -0.5301937460899353, -0.8173221945762634, -0.8418008685112, -0.941462516784668, -0.7291448712348938, -0.8962919116020203, -0.7158784866333008, -0.5380396246910095, 1.0352437496185303, -0.028752349317073822, -0.7541142702102661, -0.7936216592788696, 0.17567938566207886, 0.2566831409931183, -0.9293909668922424, -1.071074366569519, -1.2042981386184692, -1.33258056640625, -1.4701228141784668, -1.602530837059021, -1.6589456796646118, -1.5792807340621948, -1.8653258085250854, -1.7018711566925049, -1.569353461265564, -1.6229164600372314, -2.029435634613037, -1.017661690711975, -2.0574750900268555, -2.0090997219085693, -0.7642598152160645, -1.8519808053970337, -1.2542964220046997, -1.7337030172348022, -1.975871205329895, -0.7931678295135498, -1.999276041984558, -1.5368683338165283, -2.1504709720611572, -2.151310920715332, -1.5703505277633667, -2.134436845779419, -2.096353530883789, -1.9857228994369507, -2.157601833343506, -1.6985933780670166, -2.1229665279388428, -2.2155683040618896, -2.1951210498809814, -2.2247493267059326, -2.114675998687744, -2.2006449699401855, -2.1427664756774902, -2.0089356899261475, -1.9691959619522095, -2.2076141834259033, -2.0893704891204834, -2.212109327316284, -2.201817750930786, -2.0528299808502197, -2.2357072830200195, -2.2445521354675293, -2.2165610790252686, -2.2400991916656494, -2.2467715740203857, -2.231879234313965, -2.2270700931549072, -2.2273290157318115, -2.2281997203826904, -2.205993890762329, -2.214827060699463, -2.182969331741333, -2.171506881713867, -2.197801113128662, -2.1859374046325684, -2.1907074451446533, -2.188387870788574, -2.184537887573242, -2.186282157897949, -2.186206102371216, -2.1867759227752686, -2.1841588020324707, -2.1815085411071777, -2.181846857070923, -2.1829235553741455, -2.182957172393799, -2.1829440593719482, -2.1827220916748047, -2.182676315307617],