{"n_parameters": 34402, "training_time": 1.3333361148834229, "loss": [5.295101165771484, 1.459592580795288, 0.990939199924469, 1.098541021347046, 0.9614457488059998, 0.8422964811325073, 0.6151134967803955, 0.5870867967605591, 0.4090551435947418, 0.4289591908454895, 0.23615221679210663, 0.2636212408542633, 0.3394864797592163, -0.061787839978933334, 0.0670686736702919, 0.3542262613773346, -0.030828285962343216, 0.10750531405210495, -0.2520920932292938, 0.15773767232894897, -0.1509443074464798, -0.1080813780426979, -0.12115360051393509, -0.03228500857949257, -0.30023887753486633, -0.17825888097286224, -0.4141603410243988, 0.07580852508544922, -0.16092082858085632, -0.6888315677642822, -1.0135962963104248, -1.294229507446289, -1.5487648248672485, -1.5691381692886353, -1.7645142078399658, -1.7549632787704468, -1.8044220209121704, -1.8489452600479126, -1.6984951496124268, -1.7804138660430908, -1.9584342241287231, -1.695464849472046, -1.9696485996246338, -1.7458387613296509, -1.8100135326385498, -1.9581784009933472, -1.8645976781845093, -1.7731801271438599, -2.0156185626983643, -1.7956117391586304, -2.247788906097412, -2.290569543838501, -2.3234784603118896, -2.356285333633423, -2.390634536743164, -2.424329996109009, -2.4561798572540283, -2.4925076961517334, -2.5109102725982666, -2.5398123264312744, -2.5658702850341797, -2.600346565246582, -2.595932960510254, -2.635770320892334, -2.6589529514312744, -2.6730573177337646, -2.68562388420105, -2.6999425888061523, -2.742093086242676, -2.7457971572875977, -2.749746322631836, -2.7509279251098633, -2.752697467803955, -2.7558088302612305, -2.7586283683776855, -2.7604520320892334, -2.762068033218384, -2.7635586261749268, -2.768505811691284, -2.7690043449401855, -2.7694337368011475, -2.769519805908203], "val_loss": [1.4625070095062256, 0.7091449499130249, 0.887272298336029, 0.8575378060340881, 0.5899571776390076, 0.4449877440929413, 1.2235568761825562, 0.5063791275024414, 0.10898934304714203, 0.16300728917121887, 0.08614084869623184, 0.9705864787101746, 0.06486058980226517, -0.21238909661769867, 0.4290221035480499, -0.07984069734811783, 0.8072006702423096, -0.24858510494232178, -0.5120371580123901, 0.01830332539975643, 0.297637403011322, -0.27804863452911377, -0.3258553743362427, -0.28026774525642395, -0.4435572624206543, -0.3417162299156189, -0.35939812660217285, 3.122941255569458, 0.2373925745487213, -0.8088879585266113, -1.1322948932647705, -1.3141391277313232, -1.2862766981124878, -1.6316782236099243, -1.779983401298523, -1.1906400918960571, -1.8844618797302246, -0.3966885209083557, -1.8328505754470825, -1.9049993753433228, -1.3609107732772827, -1.2558777332305908, -1.8467178344726562, -1.6844048500061035, -1.8814259767532349, -1.5824849605560303, -1.8556852340698242, -1.8507858514785767, -1.7921115159988403, -1.8203445672988892, -1.9008245468139648, -1.934796929359436, -1.9589084386825562, -1.964832067489624, -1.9634795188903809, -1.9874465465545654, -1.9878593683242798, -1.9995044469833374, -1.9617849588394165, -1.948137640953064, -1.9724868535995483, -1.9797322750091553, -1.969789743423462, -1.947405457496643, -1.9225677251815796, -1.8803938627243042, -1.8638787269592285, -1.863938570022583, -1.8801627159118652, -1.8813731670379639, -1.8810032606124878, -1.8765738010406494, -1.8745235204696655, -1.8714745044708252, -1.8713911771774292, -1.8702208995819092, -1.8664050102233887, -1.865196943283081, -1.8653757572174072, -1.8654621839523315, -1.8655619621276855, -1.8653910160064697], "lr": [0.010575281456112862, 0.010575281456112862, 0.010575281456112862, 0.010575281456112862, 0.010575281456112862, 0.010575281456112862, 0.010575281456112862, 0.010575281456112862, 0.010575281456112862, 0.010575281456112862, 0.010575281456112862, 0.010575281456112862, 0.010575281456112862, 0.010575281456112862, 0.010575281456112862, 0.010575281456112862, 0.010575281456112862, 0.010575281456112862, 0.010575281456112862, 0.010575281456112862, 0.010575281456112862, 0.010575281456112862, 0.010575281456112862, 0.010575281456112862, 0.010575281456112862, 0.010575281456112862, 0.010575281456112862, 0.010575281456112862, 0.010575281456112862, 0.001057528192177415, 0.001057528192177415, 0.001057528192177415, 0.001057528192177415, 0.001057528192177415, 0.001057528192177415, 0.001057528192177415, 0.001057528192177415, 0.001057528192177415, 0.001057528192177415, 0.001057528192177415, 0.001057528192177415, 0.001057528192177415, 0.001057528192177415, 0.001057528192177415, 0.001057528192177415, 0.001057528192177415, 0.001057528192177415, 0.001057528192177415, 0.001057528192177415, 0.001057528192177415, 0.00010575282067293301, 0.00010575282067293301, 0.00010575282067293301, 0.00010575282067293301, 0.00010575282067293301, 0.00010575282067293301, 0.00010575282067293301, 0.00010575282067293301, 0.00010575282067293301, 0.00010575282067293301, 0.00010575282067293301, 0.00010575282067293301, 0.00010575282067293301, 0.00010575282067293301, 0.00010575282067293301, 0.00010575282067293301, 0.00010575282067293301, 0.00010575282067293301, 1.0575282431091182e-05, 1.0575282431091182e-05, 1.0575282431091182e-05, 1.0575282431091182e-05, 1.0575282431091182e-05, 1.0575282431091182e-05, 1.0575282431091182e-05, 1.0575282431091182e-05, 1.0575282431091182e-05, 1.0575282431091182e-05, 1.0575282658464857e-06, 1.0575282658464857e-06, 1.0575282658464857e-06, 1.0575282658464857e-06]}