{"n_parameters": 167922, "training_time": 2.499368906021118, "loss": [1.5667940378189087, 0.7682862281799316, 0.7451779246330261, 0.7264192700386047, 0.6768097877502441, 0.4887336790561676, 0.745377779006958, 0.41831812262535095, 0.48249271512031555, 0.36984124779701233, 0.4515557885169983, 0.24493567645549774, 0.34891581535339355, 0.2681814730167389, 0.2828741669654846, 0.14715734124183655, 0.17081773281097412, 0.19478115439414978, 0.11376339197158813, 0.2561914026737213, 0.14243538677692413, -0.018198879435658455, -0.07961763441562653, 0.08063367754220963, -0.0001851604029070586, 0.23671694099903107, -0.15056313574314117, -0.039516039192676544, 0.0013692454667761922, -0.22446613013744354, 0.286411851644516, 0.14464814960956573, -0.3259265720844269, -0.1963692009449005, -0.08571567386388779, -0.12337857484817505, -0.24376201629638672, -0.07546517252922058, -0.1745775192975998, -0.2235981822013855, -0.11260638386011124, -0.32663580775260925, -0.21193945407867432, -0.13139912486076355, -0.21041733026504517, -0.34170541167259216, -0.19085094332695007, -0.2920391261577606, -0.3407447338104248, -0.14841191470623016, -0.39820632338523865, -0.24552643299102783, -0.29740384221076965, -0.3856932520866394, -0.2893107831478119, -0.3879496157169342, -0.379727840423584, -0.3973039388656616, -0.2659817636013031, -0.3152938783168793, 0.07414286583662033, -0.6088197231292725, -0.47879624366760254, -0.16596178710460663, -0.6620683670043945, -0.22518779337406158, -0.3806520998477936, -0.40937429666519165, -0.5057834386825562, -0.22541528940200806, -0.489734947681427, -0.22837430238723755, -0.5658594965934753, -0.589767336845398, -0.3474678695201874, -0.3034002482891083, -0.5469094514846802, -0.3495962917804718, -0.08676907420158386, -0.5359888076782227, -0.4416617155075073, -0.6129735708236694, -0.472079873085022, -0.5860891342163086, -0.6016563773155212, -0.2741944193840027, -0.3183513283729553, -0.7462180256843567, -0.9489743709564209, -1.1985503435134888, -1.318618655204773, -1.4725172519683838, -1.579620599746704, -1.6971492767333984, -1.830739974975586, -1.921834945678711, -1.8921858072280884, -1.9070684909820557, -2.0363638401031494, -1.963445782661438, -2.0463273525238037, -2.103013515472412, -1.9934791326522827, -2.1416473388671875, -2.2045719623565674, -2.15269136428833, -2.002060890197754, -2.0839319229125977, -2.182933807373047, -2.2436976432800293, -2.07364559173584, -2.2723917961120605, -2.2073452472686768, -2.105909824371338, -2.1369147300720215, -2.2127597332000732, -2.173823356628418, -2.241940498352051, -2.3449575901031494, -2.1711301803588867, -2.324693202972412, -2.141693592071533, -2.1888322830200195, -2.3679771423339844, -2.13010311126709, -2.2664647102355957, -2.5939981937408447, -2.641735792160034, -2.6650187969207764, -2.675271511077881, -2.702009439468384, -2.718607187271118, -2.727250337600708, -2.750044107437134, -2.7681636810302734, -2.7812371253967285, -2.7956552505493164, -2.8174498081207275], "val_loss": [0.6471119523048401, 0.5650333762168884, 0.5345237851142883, 0.568636953830719, 0.4845101535320282, 0.9839383363723755, 0.37807101011276245, 0.3234955370426178, 0.44628745317459106, 0.3508378565311432, 0.23503971099853516, 0.32200685143470764, 0.3026244044303894, 0.3060208261013031, 0.1104499027132988, -0.07097689807415009, -0.033768292516469955, -0.1000785082578659, 0.5909352898597717, -0.18472087383270264, 0.320590078830719, -0.13750702142715454, 2.41835618019104, 0.5956095457077026, -0.4050498604774475, -0.07630164176225662, -0.2444758117198944, -0.3702917695045471, 0.8365060091018677, 4.354551315307617, -0.4727775752544403, -0.3579537570476532, -0.1834026575088501, -0.18784546852111816, -0.36085742712020874, -0.2826460003852844, -0.4616921544075012, -0.39254337549209595, -0.22480666637420654, -0.06731273233890533, -0.4227663278579712, -0.48074349761009216, 0.5473200678825378, 0.0698072761297226, -0.4571586847305298, -0.4738194942474365, -0.47174498438835144, -0.13835403323173523, -0.3915760815143585, -0.44071656465530396, 0.7863587737083435, -0.23330654203891754, -0.5639944672584534, -0.621971845626831, -0.6044405102729797, -0.4464276432991028, 0.49613699316978455, 0.47268351912498474, -0.41079866886138916, -0.5105587840080261, -0.6407436728477478, -0.6446180939674377, -0.7853282690048218, -0.12100779265165329, 1.483106017112732, -0.7209950089454651, -0.19532746076583862, -0.5917121767997742, 1.5683109760284424, -0.83383709192276, -0.5831974744796753, -0.6663439273834229, -0.4536297619342804, 0.12088581919670105, 2.83271861076355, -0.8845428228378296, -0.7475887537002563, 1.3843717575073242, -0.6483585238456726, -0.21669887006282806, -0.6941062808036804, -0.5983303189277649, -0.8146870732307434, -0.7165776491165161, -0.7823745608329773, -0.42055752873420715, -0.4494825005531311, -0.13888417184352875, -1.072343111038208, -1.154747486114502, -1.3366507291793823, -1.4506319761276245, -1.5478363037109375, -1.4832470417022705, -1.664920449256897, -1.6765565872192383, -1.3675483465194702, -1.743562936782837, -1.686009168624878, -1.729099988937378, -1.6369131803512573, -1.6525052785873413, -1.5670198202133179, -1.5645673274993896, -0.7824259996414185, -1.5446574687957764, -1.8245513439178467, -1.3035293817520142, -1.61172354221344, -1.160284399986267, -1.8800342082977295, -1.7059175968170166, -1.7981250286102295, -1.8820611238479614, -1.7509855031967163, -1.8071039915084839, -1.5984224081039429, -1.721093773841858, -0.6924857497215271, -1.7035006284713745, -1.276250958442688, -1.7255582809448242, -1.7205836772918701, -0.7074783444404602, -1.2797107696533203, -1.518999695777893, -1.6990183591842651, -1.7238743305206299, -1.713531255722046, -1.7141424417495728, -1.6775400638580322, -1.6747618913650513, -1.6764230728149414, -1.6434005498886108, -1.592536211013794, -1.6268333196640015, -1.5932918787002563, -1.5389615297317505],