{"n_parameters": 51362, "training_time": 1.6530680656433105, "loss": [1.0655714273452759, 0.5818706750869751, 0.6023702621459961, 0.4266871213912964, 0.39512014389038086, 0.39690080285072327, 0.17532630264759064, 0.22235006093978882, 0.17711861431598663, 0.21120889484882355, 0.2191387116909027, -0.0037968740798532963, -0.0587628073990345, 0.2539849579334259, -0.07713471353054047, -0.12292511761188507, 0.07022737711668015, -0.11564765125513077, 0.15991276502609253, -0.20766809582710266, 0.016430983319878578, -0.2965882122516632, 0.011440322734415531, 0.11591929197311401, -0.3545946180820465, -0.15945729613304138, -0.31755825877189636, -0.17905046045780182, -0.12687808275222778, -0.276183158159256, 0.09438982605934143, -0.38547393679618835, -0.2769617736339569, -0.3379947245121002, 0.7113251686096191, -0.5058479905128479, -0.4005749523639679, -0.14032724499702454, -0.46633878350257874, -0.36637625098228455, -0.21523867547512054, -0.18204770982265472, -0.07514835149049759, -0.3033750057220459, -0.47218218445777893, -0.2697230875492096, -0.30897536873817444, -0.7134015560150146, -0.8803911209106445, -1.0807578563690186, -1.2533153295516968, -1.3800987005233765, -1.421704649925232, -1.5196499824523926, -1.6327576637268066, -1.7847847938537598, -1.8327350616455078, -1.809310793876648, -1.6855703592300415, -1.8701608180999756, -1.8922362327575684, -1.915845274925232, -1.944880723953247, -1.9592528343200684, -2.0538413524627686, -1.960035800933838, -1.8554704189300537, -2.105034351348877, -2.041644811630249, -1.9030261039733887, -2.277812957763672, -1.903193473815918, -1.9822592735290527, -1.976548194885254, -2.0129003524780273, -2.057668924331665, -2.0562100410461426, -2.066375494003296, -2.1031744480133057, -2.245832920074463, -2.045910120010376, -2.070645809173584, -1.8093832731246948, -2.3377177715301514, -2.1004114151000977, -2.153005599975586, -1.7595889568328857, -2.4143972396850586, -2.1777803897857666, -2.0709807872772217, -2.116337537765503, -2.0129787921905518, -2.1613001823425293, -2.5006234645843506, -2.55580735206604, -2.5951051712036133, -2.616015911102295, -2.661465644836426, -2.6796834468841553, -2.7222414016723633, -2.7543561458587646, -2.7869551181793213, -2.8092737197875977, -2.8268558979034424, -2.8674097061157227, -2.880260705947876, -2.895449638366699, -2.8995513916015625, -2.900923252105713, -2.905668020248413, -2.9068446159362793, -2.9103901386260986, -2.912811517715454, -2.914874792098999, -2.919895648956299, -2.918785810470581, -2.9203875064849854, -2.9214580059051514, -2.9223062992095947, -2.9228720664978027, -2.923091411590576, -2.923607587814331], "val_loss": [0.5209181308746338, 0.4738461375236511, 0.37016966938972473, 0.45831578969955444, 0.127092182636261, 0.2412244826555252, -0.048855721950531006, -0.13542957603931427, -0.19401411712169647, -0.2109876126050949, -0.11876041442155838, 0.10879834741353989, 1.6954588890075684, 0.9063286185264587, -0.26470938324928284, 2.0343003273010254, 0.4777742624282837, -0.4480535686016083, -0.09387999027967453, -0.26707780361175537, 0.24009762704372406, -0.5239404439926147, -0.43829724192619324, -0.005336814559996128, -0.4442005753517151, -0.11312779784202576, -0.2034694254398346, -0.44997721910476685, -0.5973031520843506, 1.2083264589309692, -0.04170043393969536, -0.4208393096923828, 0.1912924349308014, -0.44439056515693665, -0.5884118676185608, 0.1368967443704605, -0.8529649376869202, -0.5084124207496643, -0.19524838030338287, -0.7493611574172974, -0.5622478127479553, -0.5347111821174622, 0.14680376648902893, -0.5657207369804382, -0.34918755292892456, -0.4057694673538208, -0.5525572896003723, -0.7872667908668518, -0.9484593868255615, -1.1416782140731812, -1.3579578399658203, -1.3345330953598022, -1.3082689046859741, -1.6014751195907593, -1.5924925804138184, -1.4050745964050293, -1.3373744487762451, 1.693619966506958, -1.871407389640808, -1.8442091941833496, -1.2365124225616455, -1.838367223739624, -1.1659849882125854, -1.537919521331787, -1.8349659442901611, -1.7896493673324585, -1.8391084671020508, -1.8454517126083374, -1.876230239868164, -1.8905688524246216, -1.6777608394622803, -1.004399299621582, -1.9154038429260254, -1.8565584421157837, -1.6274776458740234, -0.5649835467338562, -1.5497181415557861, -1.4281034469604492, -1.3296661376953125, 0.6743548512458801, -1.826424241065979, -1.4304049015045166, -1.9220343828201294, -1.7339317798614502, -1.4073058366775513, -1.4852524995803833, -1.8767883777618408, -1.8443406820297241, -1.7727556228637695, -0.2383706122636795, -1.7653814554214478, -1.7648407220840454, -1.8877636194229126, -1.931404948234558, -1.9522441625595093, -1.9224684238433838, -1.943790316581726, -1.9048740863800049, -1.8647242784500122, -1.8710291385650635, -1.8398075103759766, -1.7887520790100098, -1.7341034412384033, -1.7615938186645508, -1.6530205011367798, -1.7099971771240234, -1.6996389627456665, -1.6900851726531982, -1.6905114650726318, -1.6833786964416504, -1.6824817657470703, -1.678552269935608, -1.6745984554290771, -1.665235161781311, -1.6552621126174927, -1.6566916704177856, -1.6575292348861694, -1.6577731370925903, -1.6578971147537231, -1.6575568914413452, -1.6571601629257202, -1.6568502187728882], "lr": [0.004129401408135891, 0.004129401408135891, 0.004129401408135891, 0.004129401408135891, 0.004129401408135891, 0.004129401408135891, 0.004129401408135891, 0.004129401408135891, 0.004129401408135891, 0.004129401408135891, 0.004129401408135891, 0.004129401408135891, 0.004129401408135891, 0.004129401408135891, 0.004129401408135891, 0.004129401408135891, 0.004129401408135891, 0.004129401408135891, 0.004129401408135891, 0.004129401408135891, 0.004129401408135891, 0.004129401408135891, 0.004129401408135891, 0.004129401408135891, 0.004129401408135891, 0.004129401408135891, 0.004129401408135891, 0.004129401408135891, 0.004129401408135891, 0.004129401408135891, 0.004129401408135891, 0.004129401408135891, 0.004129401408135891, 0.004129401408135891, 0.004129401408135891, 0.004129401408135891, 0.004129401408135891, 0.004129401408135891, 0.004129401408135891, 0.004129401408135891, 0.004129401408135891, 0.004129401408135891, 0.004129401408135891, 0.004129401408135891, 0.004129401408135891, 0.004129401408135891, 0.004129401408135891, 0.000412940134992823, 0.000412940134992823, 0.000412940134992823, 0.000412940134992823, 0.000412940134992823, 0.000412940134992823, 0.000412940134992823, 0.000412940134992823, 0.000412940134992823, 0.000412940134992823, 0.000412940134992823, 0.000412940134992823, 0.000412940134992823, 0.000412940134992823, 0.000412940134992823, 0.000412940134992823, 0.000412940134992823, 0.000412940134992823, 0.000412940134992823, 0.000412940134992823, 0.000412940134992823, 0.000412940134992823, 0.000412940134992823, 0.000412940134992823, 0.000412940134992823, 0.000412940134992823, 0.000412940134992823, 0.000412940134992823, 0.000412940134992823, 0.000412940134992823, 0.000412940134992823, 0.000412940134992823, 0.000412940134992823, 0.000412940134992823, 0.000412940134992823, 0.000412940134992823, 0.000412940134992823, 0.000412940134992823, 0.000412940134992823, 0.000412940134992823, 0.000412940134992823, 0.000412940134992823, 0.000412940134992823, 0.000412940134992823, 0.000412940134992823, 0.000412940134992823, 4.12940134992823e-05, 4.12940134992823e-05, 4.12940134992823e-05, 4.12940134992823e-05, 4.12940134992823e-05, 4.12940134992823e-05, 4.12940134992823e-05, 4.12940134992823e-05, 4.12940134992823e-05, 4.12940134992823e-05, 4.12940134992823e-05, 4.12940134992823e-05, 4.12940153182717e-06, 4.12940153182717e-06, 4.12940153182717e-06, 4.12940153182717e-06, 4.12940153182717e-06, 4.12940153182717e-06, 4.12940153182717e-06, 4.12940153182717e-06, 4.12940153182717e-06, 4.12940153182717e-06, 4.1294015318271704e-07, 4.1294015318271704e-07, 4.1294015318271704e-07, 4.1294015318271704e-07, 4.1294015318271704e-07, 4.1294015318271704e-07, 4.1294015318271704e-07]}