{"n_parameters": 136738, "training_time": 2.0115902423858643, "loss": [358.828857421875, 2.4604969024658203, 2.50824236869812, 2.6984400749206543, 2.766301393508911, 2.6243255138397217, 2.8846657276153564, 3.2800180912017822, 3.626291036605835, 2.494955062866211, 3.8996424674987793, 3.4362165927886963, 3.059143304824829, 2.553349018096924, 2.8077778816223145, 2.338107109069824, 1.5055240392684937, 1.9430886507034302, 0.9557343125343323, 0.9168885350227356, 0.7235331535339355, 0.726068913936615, 0.5496490001678467, 0.49259430170059204, 0.5251739025115967, 0.3169122338294983, 0.17500832676887512, 0.1866029053926468, 0.13409368693828583, 0.19528569281101227, 0.0910855233669281, 0.018365612253546715, -0.15922637283802032, -0.056461360305547714, -0.0012485224287956953, -0.11960284411907196, -0.1892872303724289, -0.0600280836224556, 0.2730216979980469, -0.3944837152957916, -0.26851892471313477, -0.14383161067962646, -0.24394245445728302, -0.28477048873901367, -0.09625004231929779, 0.04208391159772873, -0.2519668638706207, -0.47097644209861755, -0.2862895727157593, -0.41750770807266235, -0.2559834122657776, -0.39775198698043823, -0.44768235087394714, -0.3143320381641388, -0.1482061892747879, -0.7012554407119751, 1.0422307252883911, -0.4058952033519745, -0.5965591073036194, -0.5162287950515747, -0.14100761711597443, -0.7058561444282532, -0.15622104704380035, -0.6351036429405212, -0.562580406665802, -0.08608929812908173, -0.5993790030479431, -0.4789960980415344, 0.07540472596883774, -0.6911237835884094, -0.09419875591993332, -0.7716416716575623, -0.7338259220123291, -0.9950835108757019, -1.0819140672683716, -1.1919293403625488, -1.3102893829345703, -1.3935877084732056, -1.5390846729278564, -1.535609483718872, -1.721765398979187, -1.462087631225586, -1.7835290431976318, -1.4867100715637207, -1.845484733581543, -1.9269230365753174, -1.626786470413208, -1.977547287940979, -1.880947470664978, -2.067577600479126, -1.9844348430633545, -2.007274866104126, -1.8382676839828491, -2.029489517211914, -2.085721969604492, -2.014643907546997, -1.8852221965789795, -2.1677191257476807, -1.8354531526565552, -2.28532075881958, -1.9467934370040894, -1.982376217842102, -2.388725757598877, -1.886059284210205, -2.257617950439453, -2.0170023441314697, -2.0186166763305664, -2.2248640060424805, -2.237090826034546, -2.113461971282959, -2.1293022632598877, -2.3060929775238037, -1.8746789693832397, -2.2797322273254395, -2.0443601608276367, -2.4678542613983154, -2.492415428161621, -2.510042905807495, -2.522333860397339, -2.5456795692443848, -2.570066452026367, -2.584259033203125, -2.6034154891967773, -2.6241815090179443, -2.644131660461426, -2.65828800201416, -2.6772196292877197, -2.6957216262817383, -2.71461820602417, -2.7057604789733887, -2.7400858402252197, -2.7634174823760986, -2.74552321434021, -2.7802987098693848, -2.796104669570923, -2.8151040077209473, -2.7924816608428955, -2.8093297481536865, -2.8396260738372803, -2.8391687870025635, -2.869687795639038, -2.8206355571746826, -2.871022939682007, -2.9005045890808105, -2.8629281520843506, -2.907181978225708, -2.917017936706543, -2.919250249862671, -2.920137405395508, -2.9239912033081055, -2.9221229553222656, -2.9241342544555664, -2.9271557331085205, -2.928429365158081, -2.9304566383361816, -2.9308907985687256, -2.9311952590942383, -2.9315898418426514], "val_loss": [2.590099811553955, 2.4525539875030518, 2.5930697917938232, 2.5196313858032227, 2.8408000469207764, 3.9608120918273926, 3.1252927780151367, 2.4382505416870117, 2.5812504291534424, 3.911560297012329, 2.4995639324188232, 2.5881311893463135, 4.323339939117432, 2.63861083984375, 2.0862884521484375, 1.9027973413467407, 1.2885867357254028, 1.1296106576919556, 1.2790067195892334, 0.7382867336273193, 0.5786433815956116, 0.5218186378479004, 0.7650694847106934, 0.32649585604667664, 0.27944621443748474, 0.9389238357543945, 0.8601232171058655, 0.03391950577497482, -0.1927594542503357, -0.1494355946779251, 0.4824214577674866, -0.2238035351037979, 0.35976335406303406, -0.3662753403186798, -0.35770806670188904, 0.5396355390548706, 0.8376161456108093, -0.47490808367729187, -0.32729679346084595, -0.04258985072374344, -0.45612987875938416, -0.5311602354049683, 0.26002272963523865, -0.2936284840106964, -0.5585152506828308, -0.5737237334251404, -0.45418286323547363, -0.5886732935905457, -0.4592269957065582, 1.007514476776123, -0.5697576999664307, -0.5777762532234192, -0.5174093246459961, -0.6820216178894043, -0.5555276870727539, -0.5395771265029907, -0.6580020189285278, -0.6204578876495361, -0.4689636528491974, -0.759590208530426, -0.5457267165184021, -0.9098289012908936, -0.6846990585327148, -0.0042176321148872375, -0.49708834290504456, -0.71871417760849, -0.7600215077400208, -0.8802962899208069, -0.6058613657951355, 0.6174758672714233, -0.6139020919799805, -0.14041560888290405, -0.929081380367279, -1.0130164623260498, -1.1197805404663086, -1.1956409215927124, -1.327384352684021, -1.5015506744384766, -1.6130175590515137, -1.6866652965545654, 0.5309122800827026, -1.7726014852523804, -1.7988084554672241, -1.8224118947982788, -1.8275445699691772, -1.9381574392318726, -1.8536653518676758, -1.8309779167175293, -1.9169827699661255, -1.6878323554992676, -1.117626428604126, -1.7089815139770508, -0.6949910521507263, -2.0805816650390625, -1.686161756515503, -1.9198988676071167, -2.092705726623535, -1.9494495391845703, -1.8805595636367798, -2.147120952606201, -2.097276449203491, -1.9981290102005005, -1.7555490732192993, -1.8052268028259277, -2.185865879058838, -2.0921504497528076, -2.035902261734009, -0.984153687953949, -0.1353221833705902, -1.9682670831680298, -2.1485767364501953, -1.979231595993042, -1.819859504699707, -1.512526273727417, -2.110581398010254, -2.150477409362793, -2.1696488857269287, -2.1790456771850586, -2.2015540599823, -2.2248852252960205, -2.2042601108551025, -2.221498727798462, -2.2541966438293457, -2.2500953674316406, -2.2353389263153076, -2.2771248817443848, -2.282644271850586, -2.2604048252105713, -2.294651746749878, -2.3083696365356445, -2.3139257431030273, -2.2503740787506104, -2.3088443279266357, -2.3186042308807373, -2.25970196723938, -2.208273410797119, -2.2340946197509766, -2.306533098220825, -2.2693393230438232, -2.295976400375366, -2.298679828643799, -2.2473318576812744, -2.3051412105560303, -2.203725576400757, -2.295551300048828, -2.305697202682495, -2.305295944213867, -2.3011138439178467, -2.300938367843628, -2.2989749908447266, -2.298733711242676, -2.298529863357544, -2.2970213890075684, -2.295536994934082, -2.296011209487915, -2.2960288524627686, -2.296473979949951, -2.296433210372925],