{"n_parameters": 118194, "training_time": 3.0343282222747803, "loss": [4.370418071746826, 0.7680579423904419, 0.7018839120864868, 0.5692406892776489, 0.6644135117530823, 0.3542841672897339, 1.3409940004348755, 0.2747325897216797, 0.21014361083507538, 0.0860215499997139, 0.816018283367157, 0.096464604139328, -0.01297737006098032, -0.08958407491445541, 1.4499741792678833, 0.06517641246318817, -0.0158756822347641, -0.12359701842069626, -0.2582663595676422, 0.048796024173498154, -0.11278975009918213, -0.26825642585754395, 0.11648830026388168, -0.40564361214637756, -0.5105454921722412, 2.1385600566864014, 0.025940025225281715, -0.04747224971652031, -0.09036391228437424, -0.1723828911781311, -0.27733123302459717, -0.40444326400756836, -0.5595399737358093, -0.7428483963012695, 0.9065996408462524, 0.42268335819244385, 0.039902810007333755, -0.14564388990402222, -0.21986965835094452, -0.305245578289032, -0.40761247277259827, -0.5327334403991699, -0.6842530369758606, -0.7885423898696899, -0.4486042261123657, -0.66586834192276, -0.8293560743331909, -0.883171021938324, -0.9121516346931458, -0.9408925175666809, -0.967244565486908, -0.9944475889205933, -1.0221141576766968, -1.0463848114013672, -1.0757746696472168, -1.1040263175964355, -1.1333836317062378, -1.163601040840149, -1.1896111965179443, -1.2229588031768799, -1.2544351816177368, -1.2858498096466064, -1.3214091062545776, -1.355332374572754, -1.3837186098098755, -1.4264112710952759, -1.447540283203125, -1.492201566696167, -1.4956544637680054, -1.5499011278152466, -1.4341062307357788, -1.5810049772262573, -1.6577434539794922, -1.6560726165771484, -1.7218248844146729, -1.718493938446045, -1.813801884651184, -1.7637948989868164, -1.712876319885254, -1.8840301036834717, -1.8775376081466675, -1.970736026763916, -1.9696767330169678, -1.8201689720153809, -2.052180051803589, -2.128667116165161, -2.0753533840179443, -2.202932834625244, -2.1738388538360596, -2.134795904159546, -1.9943217039108276, -2.1390724182128906, -2.235682249069214, -2.2546372413635254, -2.1099696159362793, -2.2437984943389893, -2.350945472717285, -2.1988184452056885, -2.427985429763794, -2.139122247695923, -2.35318660736084, -2.1666581630706787, -2.4297893047332764, -2.2803516387939453, -2.450052499771118, -2.306999683380127, -2.549294948577881, -2.3654189109802246, -2.564990758895874, -2.4795780181884766, -2.0296666622161865, -2.5882885456085205, -2.583573341369629, -2.4882090091705322, -2.571173906326294, -2.4031217098236084, -2.6209895610809326, -2.709895372390747, -2.769462823867798, -1.243277668952942, -2.240501880645752, -2.7053141593933105, -2.690608024597168, -2.702610492706299, -2.6658856868743896, -2.795689821243286, -2.7112202644348145, -2.260331869125366, -2.6162281036376953, -2.7731544971466064, -2.628610372543335, -2.3182175159454346, -2.830540657043457, -2.5977020263671875, -2.7705273628234863, -2.5173587799072266, -2.7707743644714355, -2.942342758178711, -2.950687885284424, -2.9614577293395996, -2.966116189956665, -2.9717915058135986, -2.976062297821045, -2.9849965572357178, -2.9841251373291016, -2.991628646850586, -2.9941182136535645, -3.0006330013275146, -3.005571126937866, -3.0087149143218994, -3.008690357208252, -3.0182156562805176, -3.019977569580078, -3.0206713676452637, -3.021192789077759, -3.0219359397888184, -3.0221526622772217, -3.0224521160125732, -3.023559093475342, -3.0239226818084717, -3.023686408996582, -3.0244641304016113], "val_loss": [0.7586548328399658, 0.7472008466720581, 0.628595769405365, 0.5247368812561035, 0.3618326485157013, 0.462135910987854, 0.2945159673690796, 0.303436279296875, 0.15505097806453705, 0.023865511640906334, 0.34180641174316406, 0.06828361749649048, -0.10393785685300827, -0.18795640766620636, 0.08643069118261337, 0.010485813952982426, -0.07373441755771637, -0.20500129461288452, 0.26124846935272217, -0.24643339216709137, 0.6991658806800842, -0.22759564220905304, -0.04997636377811432, -0.4276075065135956, -0.4973263442516327, 0.2934613823890686, -0.050725407898426056, -0.06044898182153702, -0.13381488621234894, -0.23129941523075104, -0.34739843010902405, -0.48743391036987305, -0.6324070692062378, -0.861039400100708, 1.57075834274292, 0.10072848945856094, -0.07358070462942123, -0.1735076904296875, -0.24517211318016052, -0.33348628878593445, -0.44172659516334534, -0.5714789032936096, -0.7196770906448364, -0.7439114451408386, 0.28145745396614075, -0.7687516808509827, -0.8864536881446838, -0.917172372341156, -0.9431663155555725, -0.967576801776886, -0.9898433089256287, -1.0143792629241943, -1.0393807888031006, -1.066005825996399, -1.0909881591796875, -1.1193572282791138, -1.1487656831741333, -1.1577136516571045, -1.205645203590393, -1.2359347343444824, -1.2662018537521362, -1.2969536781311035, -1.3273210525512695, -1.3244876861572266, -1.3713631629943848, -1.415635347366333, -1.4459456205368042, -1.483596920967102, -1.424225926399231, -0.01145691517740488, -1.2364323139190674, -1.5699983835220337, -1.4340522289276123, -1.5773619413375854, -1.2786530256271362, -1.6632026433944702, -1.3805469274520874, -1.2565982341766357, -1.7294951677322388, -1.6349390745162964, -1.7666109800338745, -1.853590726852417, -1.773965835571289, -1.8786383867263794, -1.9144971370697021, -1.3645613193511963, -1.9448215961456299, -1.9779293537139893, -1.8889210224151611, -1.9310994148254395, -1.9178543090820312, -1.6332327127456665, -1.748243808746338, -2.0605361461639404, -0.7129003405570984, -2.0201003551483154, -1.9242793321609497, -2.057833433151245, -2.0110347270965576, -2.0008480548858643, -1.8233057260513306, -2.0782504081726074, -0.5884629487991333, -2.121116876602173, -2.097477436065674, -2.133265256881714, -1.0950183868408203, -1.9881633520126343, -2.125243663787842, 0.9398233890533447, -2.0221569538116455, -2.1502685546875, -1.6263933181762695, -2.084439754486084, -2.099151611328125, -1.9840034246444702, -2.013546943664551, -2.126315116882324, -1.9039644002914429, -0.0370880626142025, -2.110459327697754, -1.9331334829330444, -2.0690815448760986, -2.2106833457946777, -2.1889548301696777, -2.175412893295288, -2.087038993835449, -1.8042593002319336, -2.130384683609009, -2.026594638824463, -1.846848487854004, -1.7855111360549927, -1.8790589570999146, -2.176990270614624, -0.9783594012260437, -1.5735942125320435, -2.2260122299194336, -2.232076406478882, -2.2372524738311768, -2.236110210418701, -2.2360270023345947, -2.23046612739563, -2.2280845642089844, -2.2289137840270996, -2.221973180770874, -2.227653980255127, -2.224102258682251, -2.2231829166412354, -2.218735933303833, -2.2108876705169678, -2.2106807231903076, -2.2117536067962646, -2.212583065032959, -2.2134947776794434, -2.2130839824676514, -2.2133126258850098, -2.213010549545288, -2.2124149799346924, -2.212135076522827, -2.212688684463501, -2.2107393741607666, -2.2124059200286865],