{"n_parameters": 84098, "training_time": 2.9349141120910645, "loss": [0.9371647834777832, 0.6550247073173523, 0.3263023793697357, 0.6923861503601074, 0.2915264964103699, 0.03241712599992752, -0.08386615663766861, 0.22798414528369904, -0.3206789791584015, 0.14047324657440186, -0.4124924838542938, -0.2958686351776123, 0.23754771053791046, -0.2702256143093109, -0.46526089310646057, -0.07773331552743912, -0.5546486377716064, -0.6506196856498718, -0.349430650472641, -0.7976136207580566, -0.8690943121910095, 0.3914612829685211, -0.6196490526199341, -0.7309467196464539, -0.9375681281089783, -0.8220682144165039, -1.0974211692810059, 1.5593206882476807, -0.5429626703262329, -0.6131492853164673, -0.7221873998641968, -0.8557747602462769, -1.0367534160614014, 1.1543315649032593, -0.44378411769866943, -0.5783963799476624, -0.6760658025741577, -0.7953881025314331, -0.962651789188385, -1.10962975025177, 0.44862428307533264, -0.8192101120948792, -0.9237919449806213, -1.0575002431869507, -1.2058132886886597, -1.0302605628967285, -0.6931948065757751, -1.0194001197814941, -1.3147944211959839, -1.400680422782898, -0.4036216139793396, -0.9204537272453308, -1.2535535097122192, -1.3854970932006836, -1.5581873655319214, 1.9391213655471802, -0.9425505995750427, -0.8939736485481262, -0.9623460173606873, -1.060604214668274, -1.1674978733062744, -1.2856473922729492, -1.4098354578018188, -1.2691692113876343, -1.509696125984192, -0.960746169090271, -1.4657827615737915, -1.5568095445632935, -1.5913958549499512, -1.6150752305984497, -1.634866714477539, -1.6546388864517212, -1.6713106632232666, -1.690290093421936, -1.708403468132019, -1.7262511253356934, -1.7438929080963135, -1.7626276016235352, -1.7830419540405273, -1.803013801574707, -1.8226923942565918, -1.842484474182129, -1.8631845712661743, -1.8851131200790405, -1.9068670272827148, -1.927786946296692, -1.9539672136306763, -1.977783441543579, -2.003728151321411, -2.0309436321258545, -2.0560381412506104, -2.0837912559509277, -2.1157965660095215, -2.138532876968384, -2.179781436920166, -2.214249849319458, -2.2385189533233643, -2.2866249084472656, -2.3130226135253906, -2.364717721939087, -2.398005962371826, -2.4153432846069336, -1.744338870048523, -2.3366003036499023, -2.4247114658355713, -2.45283579826355, -2.501350164413452, -2.562260150909424, -2.5327260494232178, -2.5568127632141113, -2.408137083053589, -2.5552754402160645, -2.5461432933807373, -2.652215003967285, -2.7398133277893066, -1.6647125482559204, -2.631692409515381, -2.628047227859497, -2.6918013095855713, -2.747220039367676, -2.763645887374878, -2.717750072479248, -2.665179967880249, -2.8848612308502197, -2.9085114002227783, -2.9168171882629395, -2.9225330352783203, -2.927532911300659, -2.9301083087921143, -2.9378809928894043, -2.944319725036621, -2.951239824295044, -2.9544169902801514, -2.9605865478515625, -2.966717481613159, -2.972804069519043, -2.9750871658325195, -2.9824657440185547, -2.983213424682617, -2.983917236328125, -2.984631299972534, -2.985079050064087, -2.985604763031006, -2.9861953258514404, -2.9866952896118164, -2.9874401092529297, -2.9880354404449463, -2.988473653793335], "val_loss": [0.5883026719093323, 0.4706314504146576, 0.6509954929351807, 0.2037675976753235, 0.0892978385090828, -0.09927714616060257, 0.277311772108078, -0.18238072097301483, -0.3256727457046509, -0.3609660267829895, -0.533105731010437, -0.572914719581604, -0.03923794627189636, -0.3999093472957611, -0.603950023651123, -0.41440922021865845, -0.6790814399719238, -0.6197258830070496, -0.7817804217338562, -0.8628601431846619, 0.6316815614700317, -0.5668758749961853, -0.6862770915031433, -0.8255082964897156, -0.9971492886543274, -0.9656093716621399, 0.8999584317207336, -0.5500862002372742, -0.562250018119812, -0.6571664810180664, -0.77158123254776, -0.9191572070121765, -1.1289763450622559, -0.4627208113670349, -0.5623345971107483, -0.6215423345565796, -0.7305570244789124, -0.8653814792633057, -1.0507179498672485, -0.5793865323066711, -0.783103883266449, -0.859304666519165, -0.9832541346549988, -1.1164222955703735, -1.188063144683838, -1.2355611324310303, -1.1822500228881836, -1.2459298372268677, -1.3612990379333496, -1.272306203842163, 0.7341057658195496, -1.2026467323303223, -1.280684471130371, -1.4611902236938477, -1.629148244857788, -1.0227106809616089, -0.8685393333435059, -0.923530638217926, -1.0113449096679688, -1.1084351539611816, -1.2163640260696411, -1.3415181636810303, -0.5531044006347656, -1.5124876499176025, -1.0416148900985718, -1.2808760404586792, -1.5217962265014648, -1.551655888557434, -1.5732704401016235, -1.5982904434204102, -1.6160738468170166, -1.630186676979065, -1.6442800760269165, -1.6607410907745361, -1.6783427000045776, -1.691650390625, -1.704651117324829, -1.7200629711151123, -1.737965703010559, -1.7554361820220947, -1.7738673686981201, -1.787186622619629, -1.8065974712371826, -1.8237615823745728, -1.8397927284240723, -1.8627617359161377, -1.882649540901184, -1.9002290964126587, -1.9225201606750488, -1.939960241317749, -1.9639111757278442, -1.982079029083252, -1.9883509874343872, -2.026261806488037, -2.0546419620513916, -2.059652328491211, -2.0778920650482178, -2.1326990127563477, -2.1228883266448975, -2.1681833267211914, -2.174098491668701, -2.201481819152832, -2.0831005573272705, -2.1857476234436035, -2.1903932094573975, -2.1807472705841064, -2.259937286376953, -2.244619369506836, -2.2944424152374268, -2.338230848312378, -2.2841339111328125, -2.1505303382873535, -2.129451274871826, -2.301851511001587, -2.316164016723633, -2.233165740966797, -2.113685131072998, -2.3318560123443604, -2.30623722076416, -2.245370626449585, -2.0997650623321533, -1.6889338493347168, -2.37027645111084, -2.3608992099761963, -2.3706772327423096, -2.358250141143799, -2.3622212409973145, -2.36403226852417, -2.363931655883789, -2.3562934398651123, -2.357510805130005, -2.3620717525482178, -2.3556950092315674, -2.358623743057251, -2.3536040782928467, -2.340545177459717, -2.3491995334625244, -2.350917339324951, -2.3529179096221924, -2.35260009765625, -2.3515071868896484, -2.3518683910369873, -2.352341890335083, -2.35080885887146, -2.3517327308654785, -2.3511226177215576, -2.3505136966705322, -2.351050853729248],