{"n_parameters": 88386, "training_time": 1.399310827255249, "loss": [0.7034304738044739, 0.46846067905426025, 0.43141916394233704, 0.09642044454813004, 0.2685726284980774, 0.21305391192436218, -0.17180970311164856, -0.39346542954444885, -0.31242573261260986, -0.5798526406288147, -0.5216249227523804, -0.9587851762771606, 0.028846116736531258, -0.7189247608184814, -0.9704422354698181, -0.29317939281463623, -0.9162262678146362, -1.141308069229126, -0.42759424448013306, -0.9862387180328369, -1.1703500747680664, -0.1630389243364334, -1.0226515531539917, -0.7023152112960815, -1.1528366804122925, -0.8716631531715393, -1.3194193840026855, -0.734887421131134, -1.237974762916565, -1.3884526491165161, -0.5776646733283997, -1.2492069005966187, -0.9307205080986023, -1.2209125757217407, -1.4131897687911987, -1.0279675722122192, -1.4782967567443848, -1.209973931312561, -1.3986790180206299, -0.25508031249046326, -1.108238697052002, -1.0821802616119385, -1.285127878189087, 0.301344633102417, -0.830826461315155, -0.9662379622459412, -1.165976643562317, 0.06844275444746017, -0.8289030194282532, -0.8407351970672607, -0.8677635788917542, -0.891350269317627, -0.9141206741333008, -0.9360042214393616, -0.9592286944389343, -0.9829677939414978, -1.006095290184021, -1.0314866304397583, -1.0567271709442139, -1.0828309059143066, -1.1092702150344849], "val_loss": [0.5286731123924255, 0.3875150978565216, 0.23651739954948425, -0.0145250353962183, -0.14393173158168793, -0.07754061371088028, -0.22572699189186096, -0.43456795811653137, 0.45924511551856995, -0.5566949844360352, -0.7647048830986023, 2.331268072128296, -0.6359706521034241, -0.8436530232429504, -1.156783103942871, -0.8665589690208435, -1.0115118026733398, -0.8292701244354248, -0.8702383637428284, -0.9922782182693481, 2.3627960681915283, -0.9669219255447388, -1.1640350818634033, -1.0960739850997925, -1.2116379737854004, -1.2504987716674805, -1.4519410133361816, -1.1224817037582397, -1.2321865558624268, -1.4445862770080566, -1.2209361791610718, -1.3960912227630615, -1.2371007204055786, -0.9492523074150085, -1.4948638677597046, -1.1528443098068237, -1.6098220348358154, 0.25106745958328247, -1.5556548833847046, -1.007940411567688, -1.0646766424179077, -1.216776728630066, -1.4886418581008911, -0.8130449652671814, -0.8169743418693542, -0.9765981435775757, -1.1542184352874756, -0.8862823247909546, -0.8434792160987854, -0.8696726560592651, -0.8890596032142639, -0.9100935459136963, -0.9313417077064514, -0.9530295729637146, -0.9747946858406067, -0.9964475035667419, -1.0211806297302246, -1.0449888706207275, -1.0703198909759521, -1.095136046409607, -1.1214580535888672], "lr": [0.0022776939440518618, 0.0022776939440518618, 0.0022776939440518618, 0.0022776939440518618, 0.0022776939440518618, 0.0022776939440518618, 0.0022776939440518618, 0.0022776939440518618, 0.0022776939440518618, 0.0022776939440518618, 0.0022776939440518618, 0.0022776939440518618, 0.0022776939440518618, 0.0022776939440518618, 0.0022776939440518618, 0.0022776939440518618, 0.0022776939440518618, 0.0022776939440518618, 0.0022776939440518618, 0.0022776939440518618, 0.0022776939440518618, 0.0022776939440518618, 0.0022776939440518618, 0.0022776939440518618, 0.0022776939440518618, 0.0022776939440518618, 0.0022776939440518618, 0.0022776939440518618, 0.0022776939440518618, 0.0022776939440518618, 0.0022776939440518618, 0.0022776939440518618, 0.0022776939440518618, 0.0022776939440518618, 0.0022776939440518618, 0.0022776939440518618, 0.0022776939440518618, 0.0022776939440518618, 0.0022776939440518618, 0.0022776939440518618, 0.0022776939440518618, 0.0022776939440518618, 0.0022776939440518618, 0.0022776939440518618, 0.0022776939440518618, 0.0022776939440518618, 0.0022776939440518618, 0.0022776939440518618, 0.0022776939440518618, 0.00022776940022595227, 0.00022776940022595227, 0.00022776940022595227, 0.00022776940022595227, 0.00022776940022595227, 0.00022776940022595227, 0.00022776940022595227, 0.00022776940022595227, 0.00022776940022595227, 0.00022776940022595227, 0.00022776940022595227, 0.00022776940022595227]}