{"n_parameters": 114114, "training_time": 3.40290904045105, "loss": [8.956559181213379, 1.3034157752990723, 1.0064573287963867, 0.9733753800392151, 0.9487729072570801, 0.9265949130058289, 0.9050775170326233, 0.8853298425674438, 0.865358829498291, 0.8460983633995056, 0.8275221586227417, 0.809347927570343, 0.7918261289596558, 0.7746920585632324, 0.7584055066108704, 0.7427189350128174, 0.7277520895004272, 0.7126848697662354, 0.6990900039672852, 0.6869177222251892, 0.6751307845115662, 0.6639491319656372, 0.6530627012252808, 0.6423570513725281, 0.6321845054626465, 0.6214377284049988, 0.6105813384056091, 0.6007443070411682, 0.5912020206451416, 0.5834528803825378, 0.5756635665893555, 0.5679728388786316, 0.5606852769851685, 0.5540091395378113, 0.547197699546814, 0.540482223033905, 0.5335494875907898, 0.5266072154045105, 0.5194727182388306, 0.5119190812110901, 0.5036856532096863, 0.4951155483722687, 0.485617458820343, 0.4748712182044983, 0.46241235733032227, 0.4479225277900696, 0.4309050738811493, 0.4104432463645935, 0.3856890797615051, 0.3548060655593872, 0.3171572983264923, 0.2701527178287506, 0.21002386510372162, 0.1365313082933426, 0.04021088033914566, -0.07616574317216873, -0.21271800994873047, -0.38824665546417236, -0.562652587890625, -0.8223294019699097, -0.9739631414413452, -0.9878644347190857, -1.2688546180725098, -1.2521817684173584, -1.4499601125717163, -1.4371265172958374, -1.4012253284454346, -1.236486792564392, -1.5144256353378296, -1.465747594833374, -1.3170177936553955, -1.026404857635498, -1.420317530632019, -1.550485610961914, -1.618615746498108, -1.719968318939209, -1.2369751930236816, -1.3791558742523193, -1.7294070720672607, -1.8474053144454956, -1.7334468364715576, -1.5353738069534302, -1.6479707956314087, -1.7382419109344482, -1.7131162881851196, -1.949563980102539, -1.6574043035507202, -1.7242016792297363, -1.762691855430603, -1.916204810142517, -1.8260940313339233, -1.8983749151229858, -1.9926711320877075, -2.1874451637268066, -1.8246021270751953, -1.9014031887054443, -1.5714452266693115, -1.6020199060440063, -1.8318849802017212, -1.7623987197875977, -2.029960870742798, -2.0760385990142822, -1.9807281494140625, -2.0531744956970215, -2.084935426712036, -2.2261807918548584, -1.5948057174682617, -1.9915595054626465, -2.229362726211548, -2.2973361015319824, -2.297924041748047, -2.1301162242889404, -1.5991343259811401, -0.7583080530166626, -1.5827906131744385, -2.01704478263855, -2.1394259929656982, -2.213974714279175, -2.2946925163269043, -2.3670926094055176, -2.3195016384124756, -2.479714870452881, -1.9827746152877808, -1.3807915449142456, -1.3467575311660767, -1.8133267164230347, -2.1245906352996826, -2.23466420173645, -2.3155744075775146, -2.36415696144104, -2.43690824508667, -2.228489398956299, -2.414445638656616, -2.392407178878784, -2.0529491901397705, -0.601719856262207, -1.990565299987793, -2.2933084964752197, -2.399050235748291, -2.4717350006103516, -2.524176597595215, -2.5075674057006836, -2.4853575229644775, -2.1700780391693115, -2.1448447704315186, -2.499249219894409, -2.4453768730163574, -2.1312012672424316, -1.3037289381027222, -2.108121871948242, -2.286609172821045, -2.461730480194092, -2.400454521179199, -2.5919337272644043, -2.547504186630249, -2.692021608352661, -2.7080929279327393, -2.1456844806671143, -2.3422088623046875, -2.2631494998931885, -1.985600233078003, -1.9996134042739868, -2.1110570430755615, -2.4839086532592773, -2.52622389793396, -2.2911291122436523, -2.0856990814208984, -2.5179591178894043, -2.6892592906951904, -2.717643976211548, -2.70841121673584, -2.7207448482513428, -2.734567880630493, -2.762500286102295, -2.7715003490448, -2.7833893299102783, -2.800767421722412, -2.8018431663513184, -2.8198299407958984, -2.8270263671875, -2.8486194610595703, -2.861586570739746, -2.8580029010772705, -2.881024122238159, -2.8737387657165527, -2.883603096008301, -2.8713631629943848, -2.922380208969116, -2.938446521759033, -2.930677652359009, -2.9699466228485107, -2.9785048961639404, -2.96480655670166, -2.985715627670288, -3.004087448120117, -2.9992377758026123, -3.004513740539551, -3.0469748973846436, -3.0697922706604004, -3.0655088424682617],