{"n_parameters": 95010, "training_time": 2.000269889831543, "loss": [10.442605972290039, 1.0927180051803589, 0.9288403391838074, 1.0589693784713745, 0.7069271802902222, 0.5498587489128113, 0.43030136823654175, 0.2870958745479584, 0.011266112327575684, 1.083382487297058, -0.022996200248599052, -0.0812685564160347, -0.020019201561808586, 0.36708149313926697, -0.11761760711669922, 0.0082947863265872, 0.06875218451023102, 0.07290415465831757, -0.1693938970565796, -0.04337446391582489, -0.08990324288606644, -0.18388044834136963, 0.07092415541410446, -0.3029719293117523, -0.28336039185523987, -0.21724921464920044, -0.2724200189113617, -0.1008165031671524, -0.225704625248909, -0.388266921043396, -0.12516385316848755, 0.09674443304538727, -0.21335875988006592, -0.5474628806114197, -0.3459097445011139, -0.4047752320766449, -0.18707868456840515, -0.529035210609436, -0.511073887348175, -0.45096254348754883, -0.35813525319099426, -0.2637772560119629, -0.7106013894081116, -0.5150108337402344, -0.9314451217651367, -1.220870018005371, -1.5163708925247192, -1.7637064456939697, -1.8336220979690552, -2.0606040954589844, -2.0046823024749756, -2.045970916748047, -2.1057655811309814, -2.012629270553589, -2.188109874725342, -2.10898756980896, -2.0054197311401367, -2.0900919437408447, -2.285182237625122, -2.1822803020477295, -2.077866792678833, -2.2228732109069824, -2.2827537059783936, -2.2429938316345215, -2.057851791381836, -2.17525053024292, -2.231933355331421, -2.286254405975342, -2.16344952583313, -2.1870760917663574, -2.170301914215088, -2.254626750946045, -2.2028403282165527, -2.231977939605713, -2.252279758453369, -2.2525250911712646, -2.1154277324676514, -2.242342948913574, -2.3040034770965576, -2.273193359375, -2.628378391265869, -2.67710542678833, -2.709242105484009, -2.740941286087036, -2.7738900184631348, -2.8081908226013184, -2.8272829055786133, -2.852465867996216, -2.882821559906006, -2.9007554054260254, -2.9178197383880615, -2.954293966293335, -2.9604318141937256, -2.9630348682403564, -2.9649484157562256, -2.9685893058776855, -2.969672679901123, -2.9709017276763916, -2.975238561630249, -2.977088212966919, -2.979787826538086, -2.9832139015197754, -2.983544111251831, -2.983818531036377, -2.984013319015503, -2.984042167663574], "val_loss": [0.739334225654602, 0.6539827585220337, 1.6278576850891113, 0.5913180708885193, 0.5109218955039978, 0.3020482659339905, 0.33448687195777893, -0.10616148263216019, 9.566415786743164, -0.1184273436665535, -0.20436665415763855, -0.23210614919662476, -0.44405022263526917, -0.19689100980758667, 0.26470914483070374, 1.159263014793396, -0.43049946427345276, -0.32178428769111633, -0.34274083375930786, -0.30941662192344666, -0.34946581721305847, -0.5708621740341187, -0.4307105839252472, -0.5050495266914368, -0.6173192262649536, -0.5390986800193787, -0.47015202045440674, -0.37227925658226013, -0.28694069385528564, -0.3653756380081177, -0.13370659947395325, -0.47278234362602234, -0.5516238212585449, -0.8563040494918823, -0.592501699924469, -0.431589275598526, -0.5333780646324158, -0.8049542307853699, -0.07054909318685532, -0.7827162742614746, -0.6340022683143616, -0.6635382175445557, -0.05120282620191574, -0.8300201296806335, -1.0506184101104736, -1.391849398612976, -1.6576887369155884, -1.842568039894104, -1.7655571699142456, -1.8909313678741455, -1.713638424873352, -1.8821022510528564, -1.903076410293579, -1.8893051147460938, -1.937155842781067, -0.6923871040344238, -1.7716724872589111, -1.617537260055542, -1.8275911808013916, -1.9457613229751587, -2.0486230850219727, -1.5609396696090698, -2.0448050498962402, -1.741471767425537, -1.769256353378296, -1.9623689651489258, -1.9621630907058716, -2.046992540359497, -1.4405194520950317, -2.061231851577759, -1.8880454301834106, -1.6211483478546143, -1.9980204105377197, -2.0431771278381348, -1.623944640159607, -1.904293417930603, -1.86902916431427, -1.987092137336731, -2.046720504760742, -1.9362679719924927, -2.1318459510803223, -2.1180055141448975, -2.109678030014038, -2.0990285873413086, -2.068105459213257, -2.028691053390503, -2.0352089405059814, -2.000725030899048, -1.9381927251815796, -1.9153733253479004, -1.910178780555725, -1.9090969562530518, -1.9020322561264038, -1.9050441980361938, -1.8976045846939087, -1.8968123197555542, -1.8947455883026123, -1.8894686698913574, -1.8840162754058838, -1.8782618045806885, -1.8773987293243408, -1.8767260313034058, -1.8762181997299194, -1.875670075416565, -1.8750067949295044, -1.874302625656128], "lr": [0.0030502984300255775, 0.0030502984300255775, 0.0030502984300255775, 0.0030502984300255775, 0.0030502984300255775, 0.0030502984300255775, 0.0030502984300255775, 0.0030502984300255775, 0.0030502984300255775, 0.0030502984300255775, 0.0030502984300255775, 0.0030502984300255775, 0.0030502984300255775, 0.0030502984300255775, 0.0030502984300255775, 0.0030502984300255775, 0.0030502984300255775, 0.0030502984300255775, 0.0030502984300255775, 0.0030502984300255775, 0.0030502984300255775, 0.0030502984300255775, 0.0030502984300255775, 0.0030502984300255775, 0.0030502984300255775, 0.0030502984300255775, 0.0030502984300255775, 0.0030502984300255775, 0.0030502984300255775, 0.0030502984300255775, 0.0030502984300255775, 0.0030502984300255775, 0.0030502984300255775, 0.0030502984300255775, 0.0030502984300255775, 0.0030502984300255775, 0.0030502984300255775, 0.0030502984300255775, 0.0030502984300255775, 0.0030502984300255775, 0.0030502984300255775, 0.0030502984300255775, 0.0030502984300255775, 0.0030502984300255775, 0.00030502985464408994, 0.00030502985464408994, 0.00030502985464408994, 0.00030502985464408994, 0.00030502985464408994, 0.00030502985464408994, 0.00030502985464408994, 0.00030502985464408994, 0.00030502985464408994, 0.00030502985464408994, 0.00030502985464408994, 0.00030502985464408994, 0.00030502985464408994, 0.00030502985464408994, 0.00030502985464408994, 0.00030502985464408994, 0.00030502985464408994, 0.00030502985464408994, 0.00030502985464408994, 0.00030502985464408994, 0.00030502985464408994, 0.00030502985464408994, 0.00030502985464408994, 0.00030502985464408994, 0.00030502985464408994, 0.00030502985464408994, 0.00030502985464408994, 0.00030502985464408994, 0.00030502985464408994, 0.00030502985464408994, 0.00030502985464408994, 0.00030502985464408994, 0.00030502985464408994, 0.00030502985464408994, 0.00030502985464408994, 0.00030502985464408994, 3.0502986192004755e-05, 3.0502986192004755e-05, 3.0502986192004755e-05, 3.0502986192004755e-05, 3.0502986192004755e-05, 3.0502986192004755e-05, 3.0502986192004755e-05, 3.0502986192004755e-05, 3.0502986192004755e-05, 3.0502986192004755e-05, 3.0502986192004755e-05, 3.0502985737257404e-06, 3.0502985737257404e-06, 3.0502985737257404e-06, 3.0502985737257404e-06, 3.0502985737257404e-06, 3.0502985737257404e-06, 3.0502985737257404e-06, 3.0502985737257404e-06, 3.0502985737257404e-06, 3.0502985737257404e-06, 3.0502985737257404e-07, 3.0502985737257404e-07, 3.0502985737257404e-07, 3.0502985737257404e-07, 3.0502985737257404e-07]}