{"n_parameters": 60274, "training_time": 2.641433000564575, "loss": [13.017671585083008, 0.7101555466651917, 0.6631907224655151, 0.686436116695404, 0.6339036226272583, 0.6290236711502075, 0.6385447978973389, 0.5582848191261292, 0.5932261347770691, 0.5392687320709229, 0.4598134756088257, 0.33100080490112305, 0.722350001335144, 0.13316474854946136, 0.1222200021147728, 0.22373910248279572, 0.13487505912780762, 0.30884185433387756, 0.08406729996204376, 0.15136489272117615, 0.19077371060848236, -0.19856341183185577, 0.13802148401737213, 0.017714716494083405, 0.277960866689682, -0.054073628038167953, -0.016534123569726944, 0.20270556211471558, -0.14956337213516235, 0.01059415191411972, -0.23071303963661194, 0.12855874001979828, 0.10935252159833908, -0.22659005224704742, 0.06528012454509735, -0.3897191882133484, -0.4969334602355957, -0.5210632085800171, -0.547382652759552, -0.5776551961898804, -0.6055757403373718, -0.6346548199653625, -0.692092776298523, -0.723960816860199, -0.7747238278388977, -0.8234449625015259, -0.8594056963920593, -0.8932372331619263, -0.9774029850959778, -0.9917003512382507, -1.0383923053741455, -1.0733139514923096, -1.016601800918579, -1.164279580116272, -1.1542747020721436, -1.1427388191223145, -1.2172739505767822, -1.2049882411956787, -1.1503875255584717, -1.2693644762039185, -1.1967791318893433, -1.362174153327942, -1.3193631172180176, -1.2677280902862549, -1.225916862487793, -1.209692358970642, -1.3603129386901855, -1.3225127458572388, -1.493008017539978, -1.1099518537521362, -1.3982148170471191, -1.5074021816253662, -1.2499074935913086, -1.621166467666626, -1.1394213438034058, -1.4527533054351807, -1.38225257396698, -1.248056173324585, -1.5567338466644287, -1.2943801879882812, -1.4775564670562744, -1.480672836303711, -1.3693203926086426, -1.459326148033142, -1.6441220045089722, -1.3270906209945679, -1.479414939880371, -1.5336861610412598, -1.2854491472244263, -1.7109498977661133, -1.1935268640518188, -1.410187005996704, -1.4559582471847534, -1.598801612854004, -1.4060397148132324, -1.4351409673690796, -1.7300201654434204, -1.3046586513519287, -1.617213487625122, -1.4734545946121216, -1.4346144199371338, -1.6850647926330566, -1.493053674697876, -1.515734314918518, -1.5969130992889404, -1.3971201181411743, -1.7026069164276123, -1.2989405393600464, -1.5856609344482422, -1.406996250152588, -1.8044037818908691, -1.4795986413955688, -1.7942107915878296, -1.3141416311264038, -1.5742061138153076, -1.6196573972702026, -1.4146363735198975, -1.671159029006958, -1.390196681022644, -1.7516416311264038, -1.562573790550232, -1.550638198852539, -1.7763713598251343, -1.5391534566879272, -1.8144786357879639, -1.9180489778518677, -1.9377529621124268, -1.9439069032669067, -1.9586472511291504, -1.9601234197616577, -1.9711424112319946, -1.9732272624969482, -1.9861024618148804, -2.000373125076294, -2.0108277797698975, -2.0062127113342285, -2.026212453842163, -2.0227808952331543, -2.0406320095062256, -2.0462143421173096, -2.0643362998962402, -2.0651023387908936, -2.080828905105591, -2.0821571350097656, -2.083899974822998, -2.097583055496216, -2.1062424182891846, -2.1103787422180176, -2.1046411991119385, -2.1246161460876465, -2.127711772918701, -2.1305298805236816, -2.1385936737060547, -2.1283302307128906, -2.1577260494232178, -2.1546952724456787, -2.1697521209716797, -2.167661666870117, -2.1753182411193848, -2.179612159729004, -2.1830501556396484, -2.189162015914917, -2.1952669620513916, -2.2148051261901855, -2.20912766456604, -2.2178168296813965, -2.2201602458953857, -2.236163377761841, -2.2090206146240234, -2.2400765419006348, -2.246544122695923, -2.2389817237854004, -2.239243507385254, -2.226630210876465, -2.2672927379608154, -2.24981689453125, -2.278529644012451, -2.2816367149353027, -2.2782933712005615, -2.246579170227051, -2.2821078300476074, -2.295414447784424, -2.2894160747528076, -2.301366090774536, -2.293311357498169, -2.2985353469848633, -2.290457248687744, -2.312612771987915, -2.3352293968200684, -2.3201639652252197, -2.337951183319092, -2.3364551067352295, -2.3358073234558105, -2.342855453491211, -2.345552921295166, -2.3602302074432373, -2.3338491916656494, -2.370145797729492, -2.3426268100738525, -2.3783304691314697],