{"n_parameters": 62178, "training_time": 1.3601408004760742, "loss": [162.45156860351562, 0.8476608395576477, 0.7017601132392883, 0.6762287616729736, 0.7726420164108276, 0.6923858523368835, 0.6176891922950745, 0.5617890357971191, 0.7383139133453369, 0.4255191683769226, 0.637180745601654, 0.6356251239776611, 0.48399782180786133, 0.4367242753505707, 0.5708175301551819, 0.37751442193984985, 1.2755694389343262, 0.8012889623641968, 0.31450968980789185, 0.5952305793762207, 0.5917177796363831, 0.25146958231925964, 0.7437642812728882, 1.235374927520752, 0.3452293276786804, 0.16152340173721313, 10.228120803833008, 0.25246095657348633, 1.1410552263259888, 0.2033042311668396, 0.11082886159420013, -0.006573913618922234, 0.2948938310146332, 0.3146741986274719, 0.18773308396339417, -0.04718037322163582, 5.984999179840088, 0.25627830624580383, -0.3069593608379364, -0.4487699270248413, -0.5427876114845276, -0.6300303936004639, -0.6726707220077515, -0.683478832244873, -0.9376664757728577, -0.5023255348205566, -1.0727037191390991, -0.7172083854675293, -1.1084096431732178, -0.9136148691177368, -0.9965615272521973, -0.9666754603385925, -1.0470867156982422, -1.0387954711914062, -1.1762020587921143, -1.2780531644821167, -0.9096864461898804, -1.0596007108688354, -1.4342782497406006, -0.8269121050834656, -1.4925376176834106, -0.599894106388092, -1.3629133701324463, -1.0805768966674805, -1.327201008796692, -1.134385108947754, -1.2228732109069824, -1.3963499069213867, -1.004433274269104, -0.9601070880889893, -1.5342274904251099, -1.0046876668930054, -1.2638450860977173, -1.125859022140503, -1.4566290378570557, -0.6784375905990601, -1.588528037071228, -0.8160765767097473, -1.6081730127334595, -0.9148960709571838, -1.33278226852417, -1.2586084604263306, -0.9063564538955688, -1.494949460029602, -0.9083212018013, -1.4510350227355957, -1.5523217916488647, -1.580169677734375, -1.6031427383422852, -1.631797432899475, -1.664799451828003, -1.7017371654510498, -1.7392559051513672, -1.7738453149795532, -1.8082183599472046, -1.854405403137207, -1.8894251585006714, -1.9191635847091675, -1.9519057273864746, -1.998578429222107, -2.0175492763519287, -2.0459201335906982, -2.0925254821777344, -2.1041972637176514, -2.145739793777466, -2.133836507797241, -2.1993205547332764, -2.207245111465454, -2.2392070293426514, -2.2860963344573975, -2.244518518447876, -2.326953411102295, -2.3539493083953857, -2.3265113830566406, -2.34562087059021, -2.36458683013916, -2.414151668548584, -2.4600088596343994, -2.475595474243164, -2.398226737976074, -2.4318299293518066, -2.4652490615844727, -2.5218098163604736, -2.5443387031555176, -2.5479588508605957, -2.5503177642822266, -2.550334930419922, -2.554269313812256, -2.5588479042053223, -2.560884714126587, -2.5626220703125, -2.56599497795105, -2.568572998046875, -2.569608688354492, -2.57057523727417], "val_loss": [0.9219027161598206, 0.698131799697876, 0.704423189163208, 0.6401761770248413, 0.5660758018493652, 0.5811017751693726, 0.6861621141433716, 0.5774725079536438, 0.46163421869277954, 1.1712285280227661, 0.39510229229927063, 0.5882735252380371, 0.40381962060928345, 1.1257370710372925, 0.39100518822669983, 0.8232600092887878, 0.7774744629859924, 0.4287731945514679, 0.20709209144115448, 0.17693106830120087, 0.3800791800022125, 1.7871613502502441, 0.306789755821228, 0.3361442983150482, 0.33230000734329224, -0.06290695071220398, 0.37104332447052, 0.12177781760692596, 0.3713977038860321, 0.06700102239847183, 0.15542154014110565, 0.3333497941493988, -0.02280554175376892, 0.37896183133125305, 0.174717977643013, 17.881162643432617, 0.7453473806381226, -0.14490491151809692, -0.3513256907463074, -0.4412536919116974, -0.5434826016426086, -0.5736082792282104, -0.7924534678459167, -0.8265232443809509, -0.8202155828475952, -0.9808964729309082, -0.9991505742073059, -1.101477026939392, -0.7240233421325684, -1.1775814294815063, 0.10443670302629471, -1.1997023820877075, 0.2803763747215271, -1.2061563730239868, -0.6454899907112122, -0.8592095971107483, -1.262911319732666, -1.1229616403579712, -0.6008866429328918, -1.3222025632858276, -0.915646493434906, -1.3199154138565063, -0.8626101613044739, -0.31091979146003723, -1.417054533958435, -0.2500847578048706, -1.3276604413986206, 0.22912950813770294, -1.3960373401641846, -1.2754087448120117, -1.1884821653366089, -1.2715392112731934, -1.1382110118865967, -1.1929267644882202, -1.4748626947402954, -1.3921239376068115, -1.3152238130569458, -1.3810300827026367, -1.0985932350158691, -1.3200359344482422, -0.2502440810203552, -1.4693365097045898, -1.0166715383529663, -1.4137409925460815, -1.1373003721237183, -1.340724229812622, -1.3872864246368408, -1.4069627523422241, -1.4251306056976318, -1.455133080482483, -1.478611946105957, -1.5117381811141968, -1.5279065370559692, -1.5577363967895508, -1.5936763286590576, -1.598275899887085, -1.6388944387435913, -1.6344528198242188, -1.6874682903289795, -1.6727710962295532, -1.7145490646362305, -1.7350857257843018, -1.7035096883773804, -1.7226450443267822, -1.6002880334854126, -1.7691128253936768, -1.7500358819961548, -1.695544958114624, -1.759839415550232, -1.7565809488296509, -1.7726216316223145, -1.7969447374343872, -1.7920724153518677, -1.7463514804840088, -1.7502835988998413, -1.7520033121109009, -1.7676938772201538, -1.7253755331039429, -1.6257075071334839, -1.7532167434692383, -1.706209659576416, -1.6982958316802979, -1.7364065647125244, -1.7368252277374268, -1.7319835424423218, -1.7297500371932983, -1.7293168306350708, -1.7318141460418701, -1.7282437086105347, -1.7180225849151611, -1.7151275873184204, -1.7211822271347046, -1.720971941947937, -1.7206957340240479, -1.7199883460998535],