{"n_parameters": 192866, "training_time": 2.2013020515441895, "loss": [25.467254638671875, 2.0170135498046875, 2.6256370544433594, 2.3296682834625244, 2.144984006881714, 1.181123971939087, 0.818073570728302, 0.6806365847587585, 0.4340325891971588, 0.42440035939216614, 0.6592821478843689, 0.12632156908512115, 0.15138009190559387, 0.361228346824646, 0.4615868628025055, 0.03436126559972763, 0.24351532757282257, 0.23952893912792206, 0.1947074979543686, 0.4391824007034302, 0.20391687750816345, 0.04623895138502121, -0.020396031439304352, 0.006322117988020182, 0.23472507297992706, 0.16666939854621887, 0.041516274213790894, -0.21794438362121582, -0.4913926422595978, -0.7727344036102295, -1.006530523300171, -1.1674877405166626, -1.304449200630188, -1.223510503768921, -1.2873141765594482, -1.427501916885376, -1.4092419147491455, -1.3757023811340332, -1.2996398210525513, -1.6533315181732178, -1.5029754638671875, -1.447611927986145, -1.5120676755905151, -1.442742109298706, -1.5618723630905151, -1.6874595880508423, -1.3734230995178223, -1.6963852643966675, -1.457861304283142, -1.6282998323440552, -1.6487352848052979, -1.6903209686279297, -1.4630980491638184, -1.7155046463012695, -1.59755277633667, -1.7161659002304077, -1.7111064195632935, -1.6217650175094604, -1.7269985675811768, -1.5302486419677734, -1.7649824619293213, -1.6225714683532715, -1.7594444751739502, -1.5355719327926636, -1.8917537927627563, -2.11040997505188, -2.276280641555786, -2.3506784439086914, -2.4046294689178467, -2.4773240089416504, -2.527038812637329, -2.582331657409668, -2.62337327003479, -2.6750454902648926, -2.7297492027282715, -2.7701869010925293, -2.7769525051116943, -2.8090970516204834, -2.844020128250122, -2.8825843334198, -2.880854606628418, -2.8944361209869385, -2.9640846252441406, -3.036437511444092, -3.044926881790161, -3.0430049896240234, -3.051945686340332, -3.058415174484253, -3.0576171875, -3.0654337406158447, -3.066401481628418, -3.070843458175659, -3.0765669345855713, -3.079145669937134, -3.0824804306030273, -3.0838823318481445, -3.085054874420166, -3.085134506225586], "val_loss": [1.601617455482483, 3.634023427963257, 4.625346660614014, 1.35409677028656, 1.5862572193145752, 0.8794195055961609, 0.6291766166687012, 0.4139949381351471, 0.6624017357826233, 0.06522423774003983, 0.5271304249763489, 0.13166433572769165, -0.17219901084899902, 0.002554279053583741, -0.029168229550123215, -0.03362218663096428, -0.2677614092826843, -0.2098502814769745, 0.35690826177597046, 0.9329437017440796, -0.11167579144239426, -0.17021948099136353, -0.23622281849384308, 2.082705020904541, -0.2636793255805969, -0.02518588863313198, -0.036682676523923874, -0.38014039397239685, -0.658711850643158, -0.9745039343833923, -0.9249985814094543, -1.3852496147155762, -0.3819580674171448, -1.4614156484603882, -1.436876654624939, -1.4115748405456543, -1.5707029104232788, -1.6655843257904053, -1.6775304079055786, -1.1286613941192627, -1.6144287586212158, -1.7323604822158813, -1.7808599472045898, -1.7029186487197876, -1.3138482570648193, -1.8399946689605713, -0.9884636402130127, -1.8719069957733154, -0.8443179726600647, -1.8270537853240967, -0.5248533487319946, -0.8212339878082275, -1.7793177366256714, -1.5801011323928833, -1.8793566226959229, -1.8637787103652954, -1.7025322914123535, -1.8489806652069092, -1.193015456199646, -1.1501983404159546, -1.446349859237671, -1.5834835767745972, -1.8324816226959229, -1.3149746656417847, -1.2499607801437378, -2.0098278522491455, -2.036831855773926, -2.076249599456787, -2.098175048828125, -2.12362003326416, -2.159730911254883, -2.108581066131592, -2.1685054302215576, -2.10239577293396, -2.060378313064575, -2.1131482124328613, -2.0305988788604736, -2.070664644241333, -2.1398723125457764, -2.0975277423858643, -2.1001369953155518, -2.0102503299713135, -2.0474915504455566, -2.039984703063965, -2.0489282608032227, -2.0326905250549316, -2.0373356342315674, -2.0160562992095947, -2.0272560119628906, -2.006918430328369, -2.0105412006378174, -2.0199551582336426, -1.9918898344039917, -1.9999643564224243, -2.00434947013855, -2.0068976879119873, -2.009126663208008, -2.009558916091919], "lr": [0.010063600726425648, 0.010063600726425648, 0.010063600726425648, 0.010063600726425648, 0.010063600726425648, 0.010063600726425648, 0.010063600726425648, 0.010063600726425648, 0.010063600726425648, 0.010063600726425648, 0.010063600726425648, 0.010063600726425648, 0.010063600726425648, 0.010063600726425648, 0.010063600726425648, 0.010063600726425648, 0.010063600726425648, 0.010063600726425648, 0.010063600726425648, 0.010063600726425648, 0.010063600726425648, 0.010063600726425648, 0.010063600726425648, 0.010063600726425648, 0.010063600726425648, 0.010063600726425648, 0.010063600726425648, 0.0010063600493595004, 0.0010063600493595004, 0.0010063600493595004, 0.0010063600493595004, 0.0010063600493595004, 0.0010063600493595004, 0.0010063600493595004, 0.0010063600493595004, 0.0010063600493595004, 0.0010063600493595004, 0.0010063600493595004, 0.0010063600493595004, 0.0010063600493595004, 0.0010063600493595004, 0.0010063600493595004, 0.0010063600493595004, 0.0010063600493595004, 0.0010063600493595004, 0.0010063600493595004, 0.0010063600493595004, 0.0010063600493595004, 0.0010063600493595004, 0.0010063600493595004, 0.0010063600493595004, 0.0010063600493595004, 0.0010063600493595004, 0.0010063600493595004, 0.0010063600493595004, 0.0010063600493595004, 0.0010063600493595004, 0.0010063600493595004, 0.0010063600493595004, 0.0010063600493595004, 0.0010063600493595004, 0.0010063600493595004, 0.0010063600493595004, 0.0010063600493595004, 0.0010063600493595004, 0.00010063600348075852, 0.00010063600348075852, 0.00010063600348075852, 0.00010063600348075852, 0.00010063600348075852, 0.00010063600348075852, 0.00010063600348075852, 0.00010063600348075852, 0.00010063600348075852, 0.00010063600348075852, 0.00010063600348075852, 0.00010063600348075852, 0.00010063600348075852, 0.00010063600348075852, 0.00010063600348075852, 0.00010063600348075852, 0.00010063600348075852, 0.00010063600348075852, 1.0063600711873733e-05, 1.0063600711873733e-05, 1.0063600711873733e-05, 1.0063600711873733e-05, 1.0063600711873733e-05, 1.0063600711873733e-05, 1.0063600711873733e-05, 1.0063600711873733e-05, 1.0063600711873733e-05, 1.0063600711873733e-05, 1.0063600939247408e-06, 1.0063600939247408e-06, 1.0063600939247408e-06, 1.0063600939247408e-06, 1.0063600939247408e-06]}