{"n_parameters": 125698, "training_time": 2.534569025039673, "loss": [3.3337156772613525, 0.8839167356491089, 0.9535694718360901, 0.7257623076438904, 0.7515937089920044, 0.5607566833496094, 0.4396642744541168, 0.3869956433773041, 0.28931954503059387, 0.25311896204948425, 0.14466692507266998, 0.1473035216331482, 0.03587394952774048, -0.056549474596977234, -0.020307598635554314, 0.0833570808172226, -0.1819310337305069, -0.1505664885044098, 0.09156496822834015, -0.0761517733335495, -0.2887575030326843, -0.11080389469861984, -0.3584708869457245, -0.27735018730163574, -0.23443196713924408, -0.2689431607723236, -0.08474457263946533, -0.2927246391773224, 0.0034589616116136312, -0.3661632835865021, -0.43460020422935486, -0.1443118304014206, -0.04890407249331474, -0.48840397596359253, -0.3647678792476654, -0.5489352941513062, -0.10323041677474976, -0.2853753864765167, -0.4392804205417633, -0.3866271376609802, -0.41535598039627075, -0.3048953711986542, -0.4639873206615448, -0.4429108798503876, -0.29357168078422546, -0.5558934211730957, -0.586039125919342, 0.17495425045490265, -0.44121792912483215, -0.5154542326927185, -0.4061416983604431, -0.4985201358795166, -0.13285772502422333, -0.5024600625038147, -0.6501356959342957, -0.5628768801689148, -0.6431469917297363, -0.3879086673259735, -0.4309921860694885, -0.5894277691841125, -0.49465614557266235, -0.38655737042427063, 0.31658846139907837, -0.7008617520332336, -0.6187437176704407, -0.5390426516532898, -0.21215611696243286, -0.7243055105209351, -0.5162895917892456, -0.3840397298336029, -0.4565328061580658, -0.6397707462310791, -0.772962749004364, -0.3227422833442688, -0.56708163022995, -0.599759042263031, -0.643197774887085, 0.10591506958007812, -0.7717361450195312, -0.07118703424930573, -0.765027642250061, -0.7193434834480286, -0.5689443349838257, -0.542670488357544, -0.5794428586959839, -0.684460461139679, -0.5796430706977844, -1.0757478475570679, -1.2726348638534546, -1.4952917098999023, -1.6892387866973877, -1.8914753198623657, -2.059748649597168, -2.124758720397949, -2.0248312950134277, -2.2174062728881836, -2.231548547744751, -2.2230348587036133, -2.190918207168579, -2.312042474746704, -2.3360483646392822, -2.3664042949676514, -2.395827293395996, -2.2842776775360107, -2.3296122550964355, -2.4097537994384766, -2.272033929824829, -2.2262771129608154, -2.212273120880127, -2.7123706340789795, -2.7417705059051514, -2.765564441680908, -2.8082382678985596, -2.836522340774536, -2.871216297149658, -2.896070957183838, -2.9196596145629883, -2.9550137519836426, -2.9758191108703613, -3.000664472579956], "val_loss": [0.8547980785369873, 0.5926979184150696, 0.5955994725227356, 0.5209921598434448, 0.47381582856178284, 0.39628347754478455, 0.3895992636680603, 0.08792488276958466, 0.22997841238975525, -0.0737214908003807, -0.1991044282913208, -0.13099703192710876, 0.6097103357315063, 0.18937179446220398, 0.11910801380872726, -0.237860769033432, -0.1404380202293396, -0.34431853890419006, -0.3726899325847626, -0.5692978501319885, -0.28072527050971985, -0.503757655620575, -0.5932480692863464, -0.1328364461660385, -0.639776349067688, -0.6598067879676819, -0.11296628415584564, -0.5485506057739258, 2.9811995029449463, -0.5722337365150452, -0.6701593399047852, -0.5108658075332642, -0.4628732204437256, -0.09578433632850647, -0.674564778804779, 4.245752334594727, 4.076852798461914, -0.41058602929115295, -0.6797763705253601, -0.6722050309181213, 0.3011626899242401, 0.21761612594127655, -0.5231440663337708, 0.1258762776851654, -0.32351478934288025, -0.6475324630737305, -0.5639559030532837, -0.8069633841514587, -0.28873398900032043, -0.8050784468650818, -0.7367262840270996, -0.8547402024269104, -0.7744673490524292, -0.6605200171470642, -0.8690233826637268, -0.6400578022003174, 0.15900816023349762, 1.5890343189239502, -1.039391279220581, -0.8738698363304138, -0.7538540363311768, -0.9737242460250854, -0.9645392894744873, -1.0021435022354126, -1.0549015998840332, -0.14975066483020782, -0.8222733736038208, -1.0109490156173706, -1.1194099187850952, -0.7988905906677246, -0.9583137035369873, -0.33477237820625305, -1.1769366264343262, 0.009603731334209442, 1.1859716176986694, -1.0030734539031982, -1.0714237689971924, -0.2407403290271759, -0.5476482510566711, -0.7629589438438416, -0.9878655076026917, -0.996911346912384, -0.9156293272972107, 2.2247679233551025, -0.3865417540073395, -0.12931711971759796, -0.9541393518447876, -1.0967342853546143, -1.2202479839324951, -1.4036059379577637, -1.6574013233184814, -1.7708221673965454, -1.7614353895187378, -1.393965244293213, -1.8410907983779907, -1.7817445993423462, -1.771844506263733, -1.6944265365600586, -1.6430877447128296, -1.8285729885101318, -1.7709242105484009, -1.5525391101837158, -1.5568931102752686, -1.6771821975708008, -1.2917473316192627, -1.6201690435409546, -1.7710245847702026, 0.3000105023384094, -1.7650878429412842, -1.731754183769226, -1.7457079887390137, -1.65746009349823, -1.6928037405014038, -1.623732566833496, -1.6218818426132202, -1.5103687047958374, -1.4729623794555664, -1.3728809356689453, -1.3551028966903687, -1.3380658626556396], "lr": [0.00173601892311126, 0.00173601892311126, 0.00173601892311126, 0.00173601892311126, 0.00173601892311126, 0.00173601892311126, 0.00173601892311126, 0.00173601892311126, 0.00173601892311126, 0.00173601892311126, 0.00173601892311126, 0.00173601892311126, 0.00173601892311126, 0.00173601892311126, 0.00173601892311126, 0.00173601892311126, 0.00173601892311126, 0.00173601892311126, 0.00173601892311126, 0.00173601892311126, 0.00173601892311126, 0.00173601892311126, 0.00173601892311126, 0.00173601892311126, 0.00173601892311126, 0.00173601892311126, 0.00173601892311126, 0.00173601892311126, 0.00173601892311126, 0.00173601892311126, 0.00173601892311126, 0.00173601892311126, 0.00173601892311126, 0.00173601892311126, 0.00173601892311126, 0.00173601892311126, 0.00173601892311126, 0.00173601892311126, 0.00173601892311126, 0.00173601892311126, 0.00173601892311126, 0.00173601892311126, 0.00173601892311126, 0.00173601892311126, 0.00173601892311126, 0.00173601892311126, 0.00173601892311126, 0.00173601892311126, 0.00173601892311126, 0.00173601892311126, 0.00173601892311126, 0.00173601892311126, 0.00173601892311126, 0.00173601892311126, 0.00173601892311126, 0.00173601892311126, 0.00173601892311126, 0.00173601892311126, 0.00173601892311126, 0.00173601892311126, 0.00173601892311126, 0.00173601892311126, 0.00173601892311126, 0.00173601892311126, 0.00173601892311126, 0.00173601892311126, 0.00173601892311126, 0.00173601892311126, 0.00173601892311126, 0.00173601892311126, 0.00173601892311126, 0.00173601892311126, 0.00173601892311126, 0.00173601892311126, 0.00173601892311126, 0.00173601892311126, 0.00173601892311126, 0.00173601892311126, 0.00173601892311126, 0.00173601892311126, 0.00173601892311126, 0.00173601892311126, 0.00173601892311126, 0.00173601892311126, 0.00173601892311126, 0.00173601892311126, 0.00173601892311126, 0.00017360188940074295, 0.00017360188940074295, 0.00017360188940074295, 0.00017360188940074295, 0.00017360188940074295, 0.00017360188940074295, 0.00017360188940074295, 0.00017360188940074295, 0.00017360188940074295, 0.00017360188940074295, 0.00017360188940074295, 0.00017360188940074295, 0.00017360188940074295, 0.00017360188940074295, 0.00017360188940074295, 0.00017360188940074295, 0.00017360188940074295, 0.00017360188940074295, 0.00017360188940074295, 0.00017360188940074295, 0.00017360188940074295, 0.00017360188940074295, 1.7360189303872176e-05, 1.7360189303872176e-05, 1.7360189303872176e-05, 1.7360189303872176e-05, 1.7360189303872176e-05, 1.7360189303872176e-05, 1.7360189303872176e-05, 1.7360189303872176e-05, 1.7360189303872176e-05, 1.7360189303872176e-05, 1.7360189303872176e-05]}