{"n_parameters": 90834, "training_time": 2.3392703533172607, "loss": [2.747213840484619, 0.7830897569656372, 0.6109198927879333, 0.5325705409049988, 0.4824599027633667, 0.2814537584781647, 0.13429144024848938, 0.2455594837665558, -0.1467120200395584, -0.021532336249947548, -0.06839514523744583, -0.24401335418224335, -0.18689361214637756, -0.3155377209186554, -0.1371525079011917, -0.26044580340385437, -0.4394361674785614, -0.20805543661117554, -0.4829797148704529, -0.334754079580307, -0.1865125149488449, -0.5635217428207397, -0.41653886437416077, -0.1523609459400177, -0.4270128607749939, -0.40069299936294556, -0.4805203974246979, -0.4349290728569031, -0.4933754801750183, -0.47521498799324036, -0.608703076839447, -0.5898715853691101, -0.4881253242492676, -0.5454740524291992, -0.5394837260246277, -0.6317828893661499, -0.48416954278945923, -0.2502196431159973, -0.21540383994579315, -0.7195254564285278, -0.5212630033493042, -0.6384153962135315, -0.7503138780593872, -1.0343632698059082, -1.0653560161590576, -1.1245197057724, -1.1646363735198975, -1.224676489830017, -1.2813704013824463, -1.3226743936538696, -1.3816514015197754, -1.3822273015975952, -1.4280989170074463, -1.4685957431793213, -1.4755860567092896, -1.5520771741867065, -1.5077136754989624, -1.531967043876648, -1.6169832944869995, -1.5596145391464233, -1.548538327217102, -1.624398946762085, -1.6918184757232666, -1.7028706073760986, -1.6650245189666748, -1.748177170753479, -1.640760064125061, -1.6414732933044434, -1.786360502243042, -1.7520686388015747, -1.7656346559524536, -1.7736154794692993, -1.7392925024032593, -1.8316913843154907, -1.6771801710128784, -1.8664829730987549, -1.820517897605896, -1.791881799697876, -1.809647798538208, -1.8383870124816895, -1.9896446466445923, -1.7350414991378784, -1.9003419876098633, -1.6895872354507446, -1.9486807584762573, -1.8741511106491089, -1.8765019178390503, -1.8472621440887451, -1.8830569982528687, -1.8097119331359863, -2.0039126873016357, -1.6984057426452637, -2.010576009750366, -1.9211076498031616, -1.9178978204727173, -1.9900661706924438, -1.9570691585540771, -1.8566802740097046, -2.0045859813690186, -1.9373910427093506, -2.036942958831787, -1.8782662153244019, -2.2457070350646973, -2.2690045833587646, -2.269458293914795, -2.2837860584259033, -2.292388916015625, -2.304121971130371, -2.304564952850342, -2.3202991485595703, -2.3258697986602783, -2.331894636154175, -2.3419320583343506, -2.349118709564209, -2.3510050773620605, -2.3527801036834717], "val_loss": [0.6455444097518921, 0.5650113821029663, 0.4831780195236206, 0.6928627490997314, 0.24857617914676666, 0.10963110625743866, -0.0721902996301651, -0.12023796141147614, -0.18796515464782715, -0.20694871246814728, -0.2494133859872818, -0.4504300057888031, -0.5038845539093018, 0.01588462106883526, -0.3837370276451111, -0.5707781910896301, -0.6940118670463562, -0.7241478562355042, 0.386833518743515, -0.6519255638122559, -0.7175157070159912, -0.6802874207496643, -0.4513925313949585, -0.5335323810577393, -0.24886372685432434, -0.7893531322479248, -0.2206769585609436, -0.8715614676475525, -0.18419243395328522, -0.9116454124450684, -0.44911980628967285, -0.9980783462524414, -0.9822614192962646, -0.9118399620056152, -0.507535457611084, -0.5442759990692139, 3.813903331756592, -0.6335038542747498, -0.6841480135917664, -0.28430354595184326, -0.9757503867149353, 0.2549766004085541, -1.0226956605911255, -1.0858594179153442, -1.1232240200042725, -1.1594955921173096, -1.2084038257598877, -1.2803401947021484, -1.295240879058838, -1.317934513092041, -1.4195483922958374, -1.456911563873291, -1.352569580078125, -1.4934818744659424, -1.4645825624465942, -1.5176526308059692, -1.4570512771606445, -1.510275959968567, -1.6110576391220093, -1.61226487159729, -1.6450482606887817, -1.4138234853744507, -1.5949773788452148, -1.3137129545211792, -1.7008713483810425, -1.4674475193023682, -1.6786690950393677, -1.3402063846588135, -1.6401766538619995, -1.633277416229248, -1.7790096998214722, -1.2370659112930298, -1.6234769821166992, -1.6226330995559692, -1.6645827293395996, -1.8089255094528198, -1.7655556201934814, -1.7665984630584717, -1.4634963274002075, -1.7670716047286987, -1.567348837852478, -1.8242361545562744, -1.8928381204605103, -1.8270983695983887, -1.4992055892944336, -1.7707785367965698, -1.8491132259368896, -1.7605794668197632, -1.6910651922225952, -1.6521666049957275, -1.9263345003128052, -1.9893698692321777, -1.7902460098266602, -0.38875192403793335, -1.9597058296203613, -1.3112683296203613, -1.787232518196106, -1.8174912929534912, -1.6109689474105835, -1.8827037811279297, -1.824662446975708, -1.7607815265655518, -1.9718061685562134, -1.9165689945220947, -1.945908546447754, -1.9611809253692627, -1.9456398487091064, -1.933951735496521, -1.9408953189849854, -1.878420352935791, -1.919268250465393, -1.859189510345459, -1.8970955610275269, -1.908310055732727, -1.9119653701782227, -1.9084099531173706], "lr": [0.002631946699693799, 0.002631946699693799, 0.002631946699693799, 0.002631946699693799, 0.002631946699693799, 0.002631946699693799, 0.002631946699693799, 0.002631946699693799, 0.002631946699693799, 0.002631946699693799, 0.002631946699693799, 0.002631946699693799, 0.002631946699693799, 0.002631946699693799, 0.002631946699693799, 0.002631946699693799, 0.002631946699693799, 0.002631946699693799, 0.002631946699693799, 0.002631946699693799, 0.002631946699693799, 0.002631946699693799, 0.002631946699693799, 0.002631946699693799, 0.002631946699693799, 0.002631946699693799, 0.002631946699693799, 0.002631946699693799, 0.002631946699693799, 0.002631946699693799, 0.002631946699693799, 0.002631946699693799, 0.002631946699693799, 0.002631946699693799, 0.002631946699693799, 0.002631946699693799, 0.002631946699693799, 0.002631946699693799, 0.002631946699693799, 0.002631946699693799, 0.002631946699693799, 0.002631946699693799, 0.0002631946699693799, 0.0002631946699693799, 0.0002631946699693799, 0.0002631946699693799, 0.0002631946699693799, 0.0002631946699693799, 0.0002631946699693799, 0.0002631946699693799, 0.0002631946699693799, 0.0002631946699693799, 0.0002631946699693799, 0.0002631946699693799, 0.0002631946699693799, 0.0002631946699693799, 0.0002631946699693799, 0.0002631946699693799, 0.0002631946699693799, 0.0002631946699693799, 0.0002631946699693799, 0.0002631946699693799, 0.0002631946699693799, 0.0002631946699693799, 0.0002631946699693799, 0.0002631946699693799, 0.0002631946699693799, 0.0002631946699693799, 0.0002631946699693799, 0.0002631946699693799, 0.0002631946699693799, 0.0002631946699693799, 0.0002631946699693799, 0.0002631946699693799, 0.0002631946699693799, 0.0002631946699693799, 0.0002631946699693799, 0.0002631946699693799, 0.0002631946699693799, 0.0002631946699693799, 0.0002631946699693799, 0.0002631946699693799, 0.0002631946699693799, 0.0002631946699693799, 0.0002631946699693799, 0.0002631946699693799, 0.0002631946699693799, 0.0002631946699693799, 0.0002631946699693799, 0.0002631946699693799, 0.0002631946699693799, 0.0002631946699693799, 0.0002631946699693799, 0.0002631946699693799, 0.0002631946699693799, 0.0002631946699693799, 0.0002631946699693799, 0.0002631946699693799, 0.0002631946699693799, 0.0002631946699693799, 0.0002631946699693799, 0.0002631946699693799, 2.631946699693799e-05, 2.631946699693799e-05, 2.631946699693799e-05, 2.631946699693799e-05, 2.631946699693799e-05, 2.631946699693799e-05, 2.631946699693799e-05, 2.631946699693799e-05, 2.631946699693799e-05, 2.631946699693799e-05, 2.631946699693799e-06, 2.631946699693799e-06, 2.631946699693799e-06, 2.631946699693799e-06]}