{"n_parameters": 39106, "training_time": 1.2873620986938477, "loss": [126.85137176513672, 0.9271081686019897, 0.9724823236465454, 0.791388213634491, 1.1089402437210083, 1.0394185781478882, 0.8933804631233215, 1.8418176174163818, 0.790936291217804, 0.6909355521202087, 0.8097041845321655, 1.1639915704727173, 0.5845353603363037, 0.5052607655525208, 0.5420421957969666, 0.5882306694984436, 0.5599653720855713, 0.694710373878479, 0.3610789179801941, 0.3322699964046478, 0.38886329531669617, 0.42775648832321167, 0.08868853747844696, 0.3675602078437805, 0.4100053310394287, 0.1272963434457779, 0.319521427154541, 0.16390696167945862, 0.7898791432380676, 0.04256812483072281, 0.023280657827854156, 0.040882326662540436, 0.17701230943202972, 0.16184310615062714, 1.6381089687347412, -0.03232763707637787, 0.25435590744018555, -0.18993446230888367, 0.3028658330440521, -0.016679037362337112, -0.12212100625038147, 0.2743511497974396, 0.3640844225883484, -0.057274769991636276, -0.03229460492730141, -0.1110258474946022, -0.05768368020653725, 0.7583938837051392, 0.455989807844162, -0.2842715084552765, -0.16630494594573975, 1.0871716737747192, -0.26384276151657104, -0.26238420605659485, 0.3338272273540497, -0.24479936063289642, -0.0944187119603157, -0.20632337033748627, 0.3406727910041809, -0.031493715941905975, -0.10432734340429306, -0.243922159075737, -0.38539713621139526, -0.47457703948020935, -0.5796012878417969, -0.7119332551956177, -0.8285617232322693, -0.9657464623451233, -1.085231065750122, -1.1233575344085693, -1.3009470701217651, -1.349668264389038, -1.241894245147705, -1.5522072315216064, -1.3554842472076416, -1.4713258743286133, -1.5425015687942505, -1.4749937057495117, -1.5540074110031128, -1.50446617603302, -1.4793422222137451, -1.4232252836227417, -1.8033771514892578, -1.4339696168899536, -1.666055679321289, -1.357362985610962, -1.9592304229736328, -1.3329802751541138, -1.659787893295288, -1.8434516191482544, -1.604783296585083, -1.5649017095565796, -1.7975496053695679, -1.7367318868637085, -1.5967333316802979, -1.5863676071166992, -1.4900622367858887, -1.936809778213501, -1.7033367156982422, -1.5997817516326904, -2.051011562347412, -2.07841420173645, -2.1103973388671875, -2.148350954055786, -2.1787993907928467, -2.227689504623413, -2.266062021255493, -2.306886672973633, -2.331019401550293, -2.3772735595703125, -2.4279286861419678, -2.4339654445648193, -2.4688422679901123, -2.501774787902832, -2.554738759994507, -2.546267032623291, -2.5999460220336914, -2.6273140907287598, -2.6266798973083496, -2.677400827407837, -2.682727098464966, -2.691678285598755, -2.726658344268799, -2.72762131690979, -2.779972553253174, -2.7366020679473877, -2.831058979034424, -2.83852481842041, -2.8418679237365723, -2.843374490737915, -2.847508668899536, -2.8472847938537598, -2.8520407676696777, -2.8563570976257324, -2.857905149459839, -2.8580942153930664, -2.862852096557617, -2.8640260696411133, -2.864853620529175], "val_loss": [0.9673701524734497, 0.8446727991104126, 0.8222655057907104, 0.8510603904724121, 0.7588658332824707, 1.515153408050537, 0.6301626563072205, 0.7638745903968811, 0.8841847777366638, 0.7775697708129883, 1.2327518463134766, 0.5846427083015442, 0.7108896374702454, 0.6475895643234253, 1.1013658046722412, 0.5972972512245178, 0.10049626976251602, 0.25600841641426086, 0.15778738260269165, 0.7549005150794983, 0.2741697132587433, 0.11656145751476288, -0.03867923468351364, -0.06232854723930359, 0.26912206411361694, 0.33075398206710815, -0.10017140209674835, 0.715311586856842, -0.08565057814121246, 0.5392054319381714, 0.6331294775009155, 0.7756944894790649, 0.8376162648200989, -0.12139598280191422, 0.08627108484506607, 0.012142213992774487, 0.048250358551740646, -0.43628472089767456, -0.06648559123277664, -0.015505379997193813, 0.7986565828323364, -0.37083467841148376, -0.1316799521446228, -0.2680165469646454, -0.35230791568756104, -0.38553863763809204, -0.5301276445388794, -0.3260061740875244, -0.049035556614398956, 0.21940070390701294, -0.5844724178314209, -0.01684080995619297, -0.05091455578804016, -0.15801669657230377, -0.4228353798389435, -0.22444413602352142, 0.8455750942230225, -0.479489803314209, -0.4445243179798126, -0.3777903914451599, -0.11525384336709976, -0.34581804275512695, -0.44612032175064087, -0.5448441505432129, -0.6769087314605713, -0.8614512085914612, -0.9675307273864746, -0.9583080410957336, -1.215680480003357, -1.3220914602279663, -1.2833654880523682, -1.3085559606552124, -1.5185534954071045, -1.6302437782287598, -1.6036453247070312, -1.4814988374710083, -1.0704721212387085, -1.510022521018982, -0.6913025975227356, -1.3334110975265503, -1.6870453357696533, -1.5359996557235718, -1.7951345443725586, -1.6974471807479858, -1.771317481994629, -1.694884181022644, -1.8508697748184204, -1.8437203168869019, -0.94977867603302, -1.8770054578781128, -1.6560570001602173, -1.7884591817855835, -1.0630550384521484, -1.6522059440612793, -1.799786925315857, -1.8161118030548096, -1.8052767515182495, -1.0002485513687134, -1.8408633470535278, -1.8558100461959839, -1.8726509809494019, -1.8917349576950073, -1.9162083864212036, -1.9299882650375366, -1.9500422477722168, -1.9725537300109863, -1.944338083267212, -2.0037877559661865, -2.0433189868927, -2.0437965393066406, -2.0393922328948975, -2.0577683448791504, -1.9916472434997559, -2.0536129474639893, -1.8853594064712524, -2.061053991317749, -2.0384836196899414, -1.9812588691711426, -2.01623272895813, -1.9874446392059326, -2.020461082458496, -1.984742283821106, -1.9627063274383545, -1.9029422998428345, -1.799432396888733, -1.9129047393798828, -1.9331796169281006, -1.93575918674469, -1.9330315589904785, -1.9262983798980713, -1.9275296926498413, -1.9259222745895386, -1.9215645790100098, -1.917415738105774, -1.9027396440505981, -1.9104992151260376, -1.9107424020767212, -1.9107078313827515, -1.91034996509552],