{"n_parameters": 79250, "training_time": 1.5845470428466797, "loss": [73.78700256347656, 1.7149778604507446, 1.363797903060913, 1.2643362283706665, 0.8044700026512146, 0.7876737713813782, 0.6564511656761169, 0.6411557793617249, 0.4367808401584625, 1.9259836673736572, 0.2918808162212372, 0.29512158036231995, 0.6424840688705444, 0.36079123616218567, 0.1747238039970398, 0.4006284475326538, 0.1706427037715912, 0.33255839347839355, 0.41313791275024414, 6.921525478363037, -0.09569019079208374, -0.07808538526296616, 0.10696978121995926, -0.07883141934871674, 0.1607525497674942, 1.635513186454773, 1.3592449426651, 0.19136497378349304, -0.2597116231918335, -0.11784563213586807, 0.22313612699508667, 0.06017402186989784, 0.23326854407787323, -0.18819482624530792, 0.01663178764283657, -0.12584856152534485, -0.44344276189804077, -0.734308660030365, -0.9493401646614075, -1.063047170639038, -1.2581952810287476, -1.2324374914169312, -1.3192191123962402, -1.2940430641174316, -1.3767582178115845, -1.408854603767395, -1.3581650257110596, -1.4704444408416748, -1.4154834747314453, -1.520527720451355, -1.4928196668624878, -1.4662721157073975, -1.4738348722457886, -1.5714670419692993, -1.4206000566482544, -1.5439176559448242, -1.49528968334198, -1.379963755607605, -1.5708459615707397, -1.3849022388458252, -1.4725475311279297, -1.5423377752304077, -1.5068821907043457, -1.5729196071624756, -1.4871735572814941, -1.4996328353881836, -1.5125540494918823, -1.4634108543395996, -1.5323965549468994, -1.444409728050232, -1.598353385925293, -1.4564403295516968, -1.5616505146026611, -1.552666425704956, -1.7439801692962646, -1.826005458831787, -1.880695104598999, -1.9257028102874756, -1.9587132930755615, -2.001497268676758, -2.040634870529175, -2.04757022857666, -2.101377010345459, -2.0970425605773926, -2.1252453327178955, -2.1427650451660156, -2.147820234298706, -2.148662567138672], "val_loss": [3.0047030448913574, 1.2682759761810303, 1.0655187368392944, 1.244337558746338, 1.1874665021896362, 0.58538818359375, 0.5495837330818176, 0.2971411347389221, 1.5555182695388794, 0.8020542860031128, 0.5103809237480164, 0.2039882242679596, 0.09000004827976227, 0.6082282662391663, -0.0009291471214964986, 0.7361295223236084, -0.09183383733034134, -0.11672642081975937, 0.043066296726465225, -0.22829534113407135, 1.3930490016937256, -0.44679251313209534, -0.1189967691898346, -0.2552332282066345, 0.0008391539449803531, -0.458476185798645, -0.28345632553100586, -0.19664227962493896, 2.6300880908966064, 3.0614709854125977, -0.3333874046802521, -0.283786416053772, -0.0852690190076828, 1.0307035446166992, -0.22337737679481506, -0.32201510667800903, -0.6212945580482483, -0.9462225437164307, -1.0761897563934326, -1.050897479057312, -1.0718724727630615, -1.069780707359314, -0.87518310546875, -1.3616139888763428, -1.4213541746139526, -0.0519154854118824, -1.4806421995162964, -1.512184500694275, -0.7650567293167114, -1.50888192653656, -1.4031368494033813, -1.4793859720230103, -0.6095138192176819, -1.279435396194458, -1.5701851844787598, -1.1955437660217285, -1.4779330492019653, -1.6382017135620117, -1.6018242835998535, -1.652826189994812, -1.592572569847107, -1.5299772024154663, -1.6321868896484375, -1.6703003644943237, -0.7221194505691528, -1.6389358043670654, -1.6526473760604858, 0.30597561597824097, -0.9813348054885864, -1.485451579093933, -1.626133918762207, -1.5412496328353882, -1.028395175933838, -1.568206548690796, -1.6527819633483887, -1.5936717987060547, -1.5690456628799438, -1.5116945505142212, -1.4153363704681396, -1.329179286956787, -1.1832714080810547, -1.0110942125320435, -0.9336715936660767, -0.7591537237167358, -0.8166232705116272, -0.8012978434562683, -0.7802820205688477, -0.7613704204559326], "lr": [0.009812465868890285, 0.009812465868890285, 0.009812465868890285, 0.009812465868890285, 0.009812465868890285, 0.009812465868890285, 0.009812465868890285, 0.009812465868890285, 0.009812465868890285, 0.009812465868890285, 0.009812465868890285, 0.009812465868890285, 0.009812465868890285, 0.009812465868890285, 0.009812465868890285, 0.009812465868890285, 0.009812465868890285, 0.009812465868890285, 0.009812465868890285, 0.009812465868890285, 0.009812465868890285, 0.009812465868890285, 0.009812465868890285, 0.009812465868890285, 0.009812465868890285, 0.009812465868890285, 0.009812465868890285, 0.009812465868890285, 0.009812465868890285, 0.009812465868890285, 0.009812465868890285, 0.009812465868890285, 0.009812465868890285, 0.009812465868890285, 0.009812465868890285, 0.009812465868890285, 0.0009812465868890285, 0.0009812465868890285, 0.0009812465868890285, 0.0009812465868890285, 0.0009812465868890285, 0.0009812465868890285, 0.0009812465868890285, 0.0009812465868890285, 0.0009812465868890285, 0.0009812465868890285, 0.0009812465868890285, 0.0009812465868890285, 0.0009812465868890285, 0.0009812465868890285, 0.0009812465868890285, 0.0009812465868890285, 0.0009812465868890285, 0.0009812465868890285, 0.0009812465868890285, 0.0009812465868890285, 0.0009812465868890285, 0.0009812465868890285, 0.0009812465868890285, 0.0009812465868890285, 0.0009812465868890285, 0.0009812465868890285, 0.0009812465868890285, 0.0009812465868890285, 0.0009812465868890285, 0.0009812465868890285, 0.0009812465868890285, 0.0009812465868890285, 0.0009812465868890285, 0.0009812465868890285, 0.0009812465868890285, 0.0009812465868890285, 0.0009812465868890285, 0.0009812465868890285, 9.812465577851981e-05, 9.812465577851981e-05, 9.812465577851981e-05, 9.812465577851981e-05, 9.812465577851981e-05, 9.812465577851981e-05, 9.812465577851981e-05, 9.812465577851981e-05, 9.812465577851981e-05, 9.812465577851981e-05, 9.812465577851981e-06, 9.812465577851981e-06, 9.812465577851981e-06, 9.812465577851981e-06]}