{"n_parameters": 70290, "training_time": 1.6689708232879639, "loss": [1.2645832300186157, 0.6086801290512085, 0.6209275126457214, 0.543566107749939, 0.4073532819747925, 0.345934122800827, 0.3520071804523468, 1.6287952661514282, 0.11372021585702896, 0.4455810487270355, -0.08315027505159378, -0.053398504853248596, -0.05288361385464668, 0.033198654651641846, -0.14815373718738556, -0.10825000703334808, -0.08907755464315414, -0.17832238972187042, 0.2179228812456131, -0.25245246291160583, -0.3406752645969391, -0.2537767291069031, -0.06818225234746933, -0.13413050770759583, -0.40679794549942017, -0.37993323802948, -0.174281507730484, -0.39192304015159607, -0.1367490589618683, -0.3126111626625061, -0.2276458889245987, -0.15179817378520966, -0.33714309334754944, -0.5790448188781738, -0.25086069107055664, -0.5396872162818909, -0.3069649636745453, -0.45671671628952026, -0.7188137173652649, -0.8601747155189514, -1.061204433441162, -1.2769708633422852, -1.4839974641799927, -1.6351490020751953, -1.7870612144470215, -1.8531357049942017, -1.917625904083252, -1.9455082416534424, -1.9519137144088745, -1.9600597620010376, -2.1303727626800537, -1.8817793130874634, -2.1246790885925293, -2.128206253051758, -2.0183069705963135, -2.0164568424224854, -2.0612096786499023, -2.079350471496582, -2.180877923965454, -2.1557459831237793, -2.0719919204711914, -2.0106074810028076, -2.3947103023529053, -2.0458414554595947, -2.1439273357391357, -2.1156375408172607, -2.032111406326294, -2.0993964672088623, -2.1940813064575195, -2.133923053741455, -2.034477710723877, -2.4946866035461426, -1.8938624858856201, -2.129411220550537, -2.25546932220459, -1.975003719329834, -2.1809074878692627, -2.2207894325256348, -2.2005667686462402, -2.146404981613159, -2.461290121078491, -2.607839345932007, -2.6252753734588623, -2.652366876602173, -2.6777663230895996, -2.7001428604125977, -2.7170164585113525, -2.7413549423217773, -2.7627248764038086, -2.779250383377075, -2.799203872680664, -2.8202717304229736, -2.8403162956237793, -2.8600714206695557, -2.8767354488372803, -2.8918046951293945, -2.901106834411621, -2.923992395401001, -2.9365220069885254, -2.9641356468200684, -2.9866628646850586, -2.988870859146118, -2.989993095397949, -2.9932456016540527, -2.993570327758789, -2.996764659881592, -2.997809410095215, -2.99957275390625, -3.0018527507781982, -3.0043442249298096, -3.006030797958374, -3.0065746307373047, -3.0070412158966064, -3.007363796234131], "val_loss": [0.5462967753410339, 0.6534562110900879, 0.4716508090496063, 0.6540196537971497, 0.2524702250957489, 0.17200180888175964, 0.15789704024791718, -0.026586512103676796, -0.06493210047483444, -0.022028198465704918, 0.15221717953681946, -0.2851530909538269, -0.154842346906662, 0.10839931666851044, 0.1964360475540161, -0.5331975817680359, 0.5185681581497192, -0.6986643075942993, -0.5135284662246704, -0.5825828909873962, 1.7610454559326172, 0.9765973091125488, -0.6016544699668884, -0.43364235758781433, -0.5540001392364502, -0.8120046854019165, 0.64805006980896, -0.8455129861831665, -0.5271275639533997, -0.5521658062934875, -0.7297043204307556, -0.5677523612976074, -0.6173035502433777, 0.1225542351603508, -0.5266736149787903, -0.4124225974082947, -0.6286789774894714, -0.6517093777656555, -0.7519352436065674, -0.9233168959617615, -1.133919358253479, -1.3439780473709106, -1.5365163087844849, -1.6037938594818115, -1.5149593353271484, -1.8903926610946655, -0.8068360686302185, -1.8192133903503418, -1.9835295677185059, -1.739344596862793, -2.0546886920928955, -2.0499556064605713, -2.0370945930480957, -2.067148447036743, -2.153608798980713, -2.024083375930786, -2.0688579082489014, -0.8588247299194336, -2.162522554397583, -1.0418590307235718, -1.5394868850708008, -1.3077406883239746, -0.9641513228416443, 0.13894566893577576, -1.6522265672683716, -1.8277422189712524, -2.047234058380127, -2.1627087593078613, -2.1452853679656982, -2.20055890083313, -2.13077449798584, -1.5066039562225342, -2.191086530685425, -2.1655869483947754, -1.655816674232483, -1.5919811725616455, -2.095266580581665, -0.912561297416687, -2.140136241912842, -1.6431375741958618, -2.2036960124969482, -2.18072247505188, -2.154168128967285, -2.214320659637451, -2.186314582824707, -2.2308757305145264, -2.1975226402282715, -2.2315056324005127, -2.2243568897247314, -2.2334787845611572, -2.175851821899414, -2.2201664447784424, -2.2242603302001953, -2.208832263946533, -2.2092747688293457, -2.1838645935058594, -2.1971468925476074, -2.1024200916290283, -2.116363048553467, -2.1544528007507324, -2.148033857345581, -2.160676956176758, -2.1442432403564453, -2.1610515117645264, -2.152918815612793, -2.154296875, -2.148803234100342, -2.148815631866455, -2.1391210556030273, -2.1483590602874756, -2.1461966037750244, -2.1449999809265137, -2.1438045501708984, -2.1431145668029785], "lr": [0.003013115841895342, 0.003013115841895342, 0.003013115841895342, 0.003013115841895342, 0.003013115841895342, 0.003013115841895342, 0.003013115841895342, 0.003013115841895342, 0.003013115841895342, 0.003013115841895342, 0.003013115841895342, 0.003013115841895342, 0.003013115841895342, 0.003013115841895342, 0.003013115841895342, 0.003013115841895342, 0.003013115841895342, 0.003013115841895342, 0.003013115841895342, 0.003013115841895342, 0.003013115841895342, 0.003013115841895342, 0.003013115841895342, 0.003013115841895342, 0.003013115841895342, 0.003013115841895342, 0.003013115841895342, 0.003013115841895342, 0.003013115841895342, 0.003013115841895342, 0.003013115841895342, 0.003013115841895342, 0.003013115841895342, 0.003013115841895342, 0.003013115841895342, 0.003013115841895342, 0.003013115841895342, 0.003013115841895342, 0.0003013115783687681, 0.0003013115783687681, 0.0003013115783687681, 0.0003013115783687681, 0.0003013115783687681, 0.0003013115783687681, 0.0003013115783687681, 0.0003013115783687681, 0.0003013115783687681, 0.0003013115783687681, 0.0003013115783687681, 0.0003013115783687681, 0.0003013115783687681, 0.0003013115783687681, 0.0003013115783687681, 0.0003013115783687681, 0.0003013115783687681, 0.0003013115783687681, 0.0003013115783687681, 0.0003013115783687681, 0.0003013115783687681, 0.0003013115783687681, 0.0003013115783687681, 0.0003013115783687681, 0.0003013115783687681, 0.0003013115783687681, 0.0003013115783687681, 0.0003013115783687681, 0.0003013115783687681, 0.0003013115783687681, 0.0003013115783687681, 0.0003013115783687681, 0.0003013115783687681, 0.0003013115783687681, 0.0003013115783687681, 0.0003013115783687681, 0.0003013115783687681, 0.0003013115783687681, 0.0003013115783687681, 0.0003013115783687681, 0.0003013115783687681, 0.0003013115783687681, 3.013115747307893e-05, 3.013115747307893e-05, 3.013115747307893e-05, 3.013115747307893e-05, 3.013115747307893e-05, 3.013115747307893e-05, 3.013115747307893e-05, 3.013115747307893e-05, 3.013115747307893e-05, 3.013115747307893e-05, 3.013115747307893e-05, 3.013115747307893e-05, 3.013115747307893e-05, 3.013115747307893e-05, 3.013115747307893e-05, 3.013115747307893e-05, 3.013115747307893e-05, 3.013115747307893e-05, 3.013115747307893e-05, 3.013115747307893e-05, 3.013115701833158e-06, 3.013115701833158e-06, 3.013115701833158e-06, 3.013115701833158e-06, 3.013115701833158e-06, 3.013115701833158e-06, 3.013115701833158e-06, 3.013115701833158e-06, 3.013115701833158e-06, 3.013115701833158e-06, 3.01311558814632e-07, 3.01311558814632e-07, 3.01311558814632e-07, 3.01311558814632e-07]}