{"n_parameters": 132898, "training_time": 4.988473176956177, "loss": [0.9401394724845886, 0.8950129747390747, 0.8603391051292419, 0.8343441486358643, 0.8138530254364014, 0.7967907786369324, 0.7818427085876465, 0.7690259218215942, 0.7564858198165894, 0.7458646297454834, 0.7355537414550781, 0.7258974313735962, 0.7169923186302185, 0.7085071802139282, 0.7000619769096375, 0.6921191811561584, 0.684614360332489, 0.677490770816803, 0.6706548929214478, 0.6641252040863037, 0.6578282713890076, 0.651379406452179, 0.6455727219581604, 0.6398878693580627, 0.6345309019088745, 0.6292325258255005, 0.6243349313735962, 0.6197324395179749, 0.6150892376899719, 0.6108438968658447, 0.6066587567329407, 0.6028489470481873, 0.5987012386322021, 0.5950590968132019, 0.5910959839820862, 0.5876848101615906, 0.5844106674194336, 0.5809299349784851, 0.5777461528778076, 0.5746996998786926, 0.5715643763542175, 0.5687070488929749, 0.5658644437789917, 0.5627796053886414, 0.5602499842643738, 0.5575700402259827, 0.5552188754081726, 0.552771806716919, 0.5501282811164856, 0.5477986931800842, 0.545602023601532, 0.5432591438293457, 0.5408722162246704, 0.5388228297233582, 0.5367720127105713, 0.5347647666931152, 0.5329752564430237, 0.5310770869255066, 0.5292458534240723, 0.5275227427482605, 0.5258333086967468, 0.5242316126823425, 0.5226598978042603, 0.5208977460861206, 0.5196501016616821, 0.5180014967918396, 0.5164762139320374, 0.5149205923080444, 0.5135698318481445, 0.5121787786483765, 0.5107558369636536, 0.509523868560791, 0.50807785987854, 0.5066528916358948, 0.5054036378860474, 0.5042171478271484, 0.5028249025344849, 0.501663327217102, 0.5003399848937988, 0.49896854162216187, 0.4977251887321472, 0.49654051661491394, 0.49525290727615356, 0.49394604563713074, 0.49273547530174255, 0.4915403425693512, 0.49031972885131836, 0.48908731341362, 0.4879913628101349, 0.4866691529750824, 0.48551905155181885, 0.4842767119407654, 0.48311570286750793, 0.48196277022361755, 0.4806765615940094, 0.4796091318130493, 0.47843626141548157, 0.4772520363330841, 0.47615212202072144, 0.4750785529613495, 0.47388964891433716, 0.472776859998703, 0.47173288464546204, 0.4705517590045929, 0.46936362981796265, 0.4683328866958618, 0.4671700894832611, 0.46617236733436584, 0.4650656282901764, 0.46403685212135315, 0.4628422260284424, 0.46190962195396423, 0.46086379885673523, 0.45966944098472595, 0.45861589908599854, 0.4576975107192993, 0.4564436078071594, 0.4554505944252014, 0.4543053209781647, 0.45337069034576416, 0.4521445333957672, 0.4511077404022217, 0.44992369413375854, 0.44882386922836304, 0.44763249158859253, 0.4465765058994293, 0.4454294741153717, 0.4443598687648773, 0.44329768419265747, 0.44218331575393677, 0.44103410840034485, 0.43988245725631714, 0.4388580322265625, 0.4377295672893524, 0.4365750253200531, 0.43549644947052, 0.4343649744987488, 0.43331462144851685, 0.43221184611320496, 0.4310319125652313, 0.43006110191345215, 0.4289831519126892, 0.4277561902999878, 0.4266383945941925, 0.4255584478378296, 0.42443200945854187, 0.42332538962364197, 0.42206698656082153, 0.42097583413124084, 0.4197988212108612, 0.41867977380752563, 0.41743776202201843, 0.4163353741168976, 0.41527459025382996, 0.4141838252544403, 0.4129948914051056, 0.41182392835617065, 0.4107116758823395, 0.4095892906188965, 0.40854912996292114, 0.40732425451278687, 0.40627074241638184, 0.4051055610179901, 0.403973251581192, 0.40284210443496704, 0.4017085134983063, 0.40049487352371216, 0.3994777500629425, 0.3982463479042053, 0.3971598744392395, 0.39592331647872925, 0.39476466178894043, 0.39357152581214905, 0.39238160848617554, 0.39128726720809937, 0.390186607837677, 0.3889923691749573, 0.3878934681415558, 0.3868887424468994, 0.3856979012489319, 0.3845255970954895, 0.38331905007362366, 0.3821190893650055, 0.3810409903526306, 0.37994900345802307, 0.3787197470664978, 0.3775291442871094, 0.37636440992355347, 0.3751464784145355, 0.3739956021308899, 0.3728259205818176, 0.37160801887512207, 0.3703904151916504, 0.369137167930603, 0.3679231107234955, 0.366813987493515, 0.3655397891998291, 0.36430665850639343, 0.36316269636154175, 0.3618933856487274],