{"n_parameters": 59906, "training_time": 3.0126068592071533, "loss": [5.194086074829102, 0.9627153277397156, 0.759716272354126, 0.7101390957832336, 0.690197765827179, 0.6758573651313782, 0.6621569395065308, 0.6484922766685486, 0.6357154250144958, 0.6231639385223389, 0.6108825206756592, 0.5988381505012512, 0.5872926712036133, 0.5767291188240051, 0.5676358938217163, 0.559022843837738, 0.5519005656242371, 0.5454261302947998, 0.5392999649047852, 0.5331220030784607, 0.5267282128334045, 0.5213131308555603, 0.5168622136116028, 0.512626051902771, 0.508712649345398, 0.504636287689209, 0.5004842281341553, 0.4962635338306427, 0.49160048365592957, 0.48676571249961853, 0.4816020429134369, 0.4760453402996063, 0.47005054354667664, 0.4634391665458679, 0.4563254714012146, 0.4485420882701874, 0.4400549530982971, 0.4307742714881897, 0.4203958809375763, 0.4088047742843628, 0.3959318995475769, 0.3807670772075653, 0.36399218440055847, 0.3453790247440338, 0.3248552978038788, 0.3010594844818115, 0.27336692810058594, 0.24065007269382477, 0.20311440527439117, 0.15983402729034424, 0.10864824801683426, 0.04795796796679497, -0.026387033984065056, -0.11724063754081726, -0.2305402010679245, -0.362751841545105, -0.5511216521263123, -0.7225703597068787, -0.6293556690216064, -0.9128580093383789, -0.900296151638031, -1.0333869457244873, -1.1628812551498413, -1.250024437904358, -1.336506724357605, -0.6335663199424744, -1.3053202629089355, -1.2264480590820312, -1.428584098815918, -1.4768942594528198, -1.5613168478012085, -1.6528428792953491, -1.4261976480484009, -1.2853074073791504, -1.5595357418060303, -1.1223819255828857, -1.2760744094848633, -1.469378113746643, -1.2543209791183472, -1.6347897052764893, -1.7703708410263062, -1.7860366106033325, -1.4295157194137573, -1.217523455619812, -0.3339492678642273, -1.5342220067977905, -1.6568827629089355, -1.7087616920471191, -1.7251540422439575, -1.7368519306182861, -1.7463576793670654, -1.7532278299331665, -1.7681361436843872, -1.7790179252624512, -1.7890429496765137, -1.7995121479034424, -1.8106769323349, -1.8207746744155884, -1.8314095735549927, -1.8424309492111206, -1.8536428213119507, -1.8650248050689697, -1.8765960931777954, -1.8878852128982544, -1.9000935554504395, -1.9083400964736938, -1.9234919548034668, -1.9342780113220215, -1.9407525062561035, -1.9582509994506836, -1.974627137184143, -1.9821937084197998, -1.9942716360092163, -2.012000322341919, -2.0189526081085205, -2.0298314094543457, -2.0534629821777344, -2.063570261001587, -2.073056697845459, -2.083697557449341, -2.108346700668335, -2.129878282546997, -2.1302683353424072, -2.1454293727874756, -2.125364303588867, -2.171374559402466, -2.1977427005767822, -2.2031819820404053, -2.228015899658203, -2.2310125827789307, -2.256544351577759, -2.2911131381988525, -2.2830917835235596, -2.2899417877197266, -2.2808868885040283, -2.3232643604278564, -2.349076509475708, -2.3344147205352783, -2.3527817726135254, -2.398503303527832, -2.421313762664795, -2.3773818016052246, -2.3769137859344482, -2.3755173683166504, -2.4758780002593994, -2.469149589538574, -2.4687962532043457, -2.4320106506347656, -2.5124661922454834, -2.4617369174957275, -2.524123430252075, -2.5056729316711426, -2.4219019412994385, -2.607189178466797, -2.5902698040008545, -2.6313741207122803, -2.570013999938965, -2.4946694374084473, -2.558763027191162, -2.617978096008301, -2.6418941020965576, -2.639080762863159, -2.499624490737915, -2.1586966514587402, -2.5314505100250244, -2.610389232635498, -2.720794677734375, -2.6856162548065186, -2.727689743041992, -2.716806650161743, -2.611829996109009, -2.479616641998291, -2.6171088218688965, -2.7222867012023926, -2.6388916969299316, -2.531217098236084, -2.6165685653686523, -2.7497894763946533, -2.7453551292419434, -2.7927842140197754, -2.8235857486724854, -2.837613105773926, -2.833407163619995, -2.8059186935424805, -2.8252816200256348, -2.8305304050445557, -2.836939573287964, -2.8393375873565674, -2.838716983795166, -2.8374507427215576, -2.8464300632476807], "val_loss": [1.2082841396331787, 0.7784970998764038, 0.7069904208183289, 0.6921226978302002, 0.6786721348762512, 0.6640010476112366, 0.650763213634491, 0.6379831433296204, 0.6259936094284058, 0.6140953898429871, 0.6023830771446228, 0.5908071994781494, 0.5797936320304871, 0.5706897974014282, 0.562088131904602, 0.5542768836021423, 0.5478145480155945, 0.5416526198387146, 0.535569429397583, 0.5295106172561646, 0.5239293575286865, 0.5191312432289124, 0.5150584578514099, 0.5109935402870178, 0.5070157051086426, 0.5030813813209534, 0.4990662932395935, 0.49477440118789673, 0.49010396003723145, 0.48519906401634216, 0.47980383038520813, 0.4740966856479645, 0.4678604304790497, 0.46112844347953796, 0.4536636173725128, 0.44553041458129883, 0.43667101860046387, 0.4269692599773407, 0.41608530282974243, 0.4042123556137085, 0.3898317217826843, 0.3746512532234192, 0.35700857639312744, 0.3376917243003845, 0.31591281294822693, 0.29145103693008423, 0.26097002625465393, 0.22689323127269745, 0.18829789757728577, 0.14183488488197327, 0.08809676766395569, 0.023459088057279587, -0.05451846495270729, -0.15303733944892883, -0.27769243717193604, -0.4168355464935303, -0.591306746006012, -0.5344031453132629, -0.8925682902336121, -0.9173214435577393, -0.8152079582214355, -1.1600521802902222, -1.2830026149749756, -1.384304165840149, -1.1370803117752075, -0.9302769303321838, -1.3987785577774048, -1.4054714441299438, -1.4908560514450073, -1.530250906944275, -1.511926531791687, -1.4925974607467651, -1.4696450233459473, -1.2376030683517456, -1.7094725370407104, -1.382344365119934, -0.5091521143913269, -1.5851609706878662, -1.5868788957595825, -1.7053043842315674, -1.6988303661346436, -1.362680435180664, -1.0766159296035767, 0.08708327263593674, -1.466170072555542, -1.562437891960144, -1.6083358526229858, -1.6452730894088745, -1.6593090295791626, -1.6690640449523926, -1.6786632537841797, -1.6894662380218506, -1.6990835666656494, -1.7074538469314575, -1.7171436548233032, -1.727785348892212, -1.7342275381088257, -1.7505054473876953, -1.7591030597686768, -1.767109990119934, -1.7775580883026123, -1.7923780679702759, -1.793143391609192, -1.8120285272598267, -1.8240309953689575, -1.831057071685791, -1.8414782285690308, -1.849368929862976, -1.8669427633285522, -1.8786239624023438, -1.8786816596984863, -1.8842390775680542, -1.9172542095184326, -1.9196326732635498, -1.9012242555618286, -1.9361770153045654, -1.9634935855865479, -1.974432110786438, -1.9798648357391357, -1.9984996318817139, -2.0051522254943848, -2.0189967155456543, -2.0322234630584717, -2.0352795124053955, -2.0661110877990723, -2.0770721435546875, -2.0781073570251465, -2.02407169342041, -2.1077380180358887, -2.099846601486206, -2.1351752281188965, -2.104036569595337, -2.1159019470214844, -2.1451432704925537, -2.1852755546569824, -2.12882399559021, -2.198686122894287, -2.1242780685424805, -2.11844801902771, -2.220262289047241, -2.179980993270874, -2.1202571392059326, -2.1647558212280273, -2.238892078399658, -2.2719218730926514, -2.2157459259033203, -2.22182559967041, -2.2998769283294678, -2.284240961074829, -2.25508713722229, -2.310422658920288, -2.129181385040283, -2.3278605937957764, -2.223219394683838, -2.3170344829559326, -2.2512617111206055, -2.120577335357666, -2.152794361114502, -2.308751344680786, -2.2690274715423584, -2.343109369277954, -2.320711374282837, -1.7041326761245728, -1.8350706100463867, -2.011340618133545, -2.2340381145477295, -2.3167154788970947, -2.3633058071136475, -2.361701488494873, -2.2968590259552, -2.0591633319854736, -2.3344931602478027, -2.359255075454712, -2.1155641078948975, -1.7839926481246948, -2.1272685527801514, -2.165040969848633, -2.3240537643432617, -2.3368537425994873, -2.321851968765259, -2.3555617332458496, -2.355053663253784, -2.2473206520080566, -2.3564915657043457, -2.3561697006225586, -2.353689432144165, -2.3318822383880615, -2.352372884750366, -2.33620285987854, -2.319631338119507, -2.3422579765319824],