{"n_parameters": 60274, "training_time": 1.2228429317474365, "loss": [1.2815200090408325, 0.6038715839385986, 0.525750994682312, 0.4882388114929199, 0.451303631067276, 0.4119466543197632, 0.36296600103378296, 0.2984316051006317, 0.20255421102046967, 0.03584011271595955, -0.24323056638240814, -0.4937640428543091, -0.6753990054130554, -0.2521377205848694, -0.7620582580566406, -0.965929388999939, -1.0624794960021973, -1.1748602390289307, -1.0877652168273926, -0.873022735118866, -0.7308495044708252, -1.0437387228012085, -1.302467942237854, -1.5245206356048584, -0.4679090678691864, -1.0763869285583496, -1.2318123579025269, -1.3842403888702393, -1.58030366897583, -1.672052264213562, -1.8217535018920898, 0.2913858890533447, -0.9787297248840332, -1.2429115772247314, -1.3822340965270996, -1.5346882343292236, -1.7000529766082764, -1.8053630590438843, -1.8534185886383057, -1.394045352935791, -1.5508103370666504, -1.8358443975448608, -1.750561237335205, -1.8602739572525024, -0.30342501401901245, 0.8094255924224854, -0.8291516900062561, -1.1599584817886353, -1.268415927886963, -1.349595546722412, -1.437253713607788, -1.531412124633789, -1.6284977197647095, -1.7342013120651245, -1.797627329826355, -1.810359001159668, -1.8225560188293457, -1.8345577716827393, -1.84503972530365, -1.8561214208602905, -1.8690658807754517, -1.882348656654358, -1.8966692686080933, -1.9098809957504272, -1.9225894212722778], "val_loss": [0.687538743019104, 0.5507485270500183, 0.5012246370315552, 0.4677216708660126, 0.4334851801395416, 0.3906693756580353, 0.3367331326007843, 0.2631966769695282, 0.13841652870178223, -0.077098049223423, -0.30601561069488525, -0.7507195472717285, 0.6796501278877258, -0.5093677043914795, -0.8135694861412048, -1.0529752969741821, -0.984257698059082, -1.2380164861679077, -1.232822299003601, -0.594314455986023, -1.0176379680633545, -1.1599689722061157, -1.359704613685608, -1.4893081188201904, -0.41420072317123413, -1.0714999437332153, -1.2415939569473267, -1.4222036600112915, -1.6265243291854858, -1.4757261276245117, -1.5405128002166748, -1.083718180656433, -1.2392256259918213, -1.2709051370620728, -1.4117093086242676, -1.5524941682815552, -1.7027758359909058, -1.722619652748108, -1.6709016561508179, -0.3611436188220978, -1.6688300371170044, -1.8771283626556396, -1.7330156564712524, -1.4250195026397705, 7.313749313354492, -1.1194822788238525, -1.1139041185379028, -1.1818420886993408, -1.265760898590088, -1.3469064235687256, -1.4279558658599854, -1.5159608125686646, -1.6087946891784668, -1.6920604705810547, -1.7115343809127808, -1.723028540611267, -1.7331796884536743, -1.7424222230911255, -1.7521148920059204, -1.763888955116272, -1.7728886604309082, -1.784635066986084, -1.7967917919158936, -1.8063418865203857, -1.81838059425354], "lr": [0.003707209136337042, 0.003707209136337042, 0.003707209136337042, 0.003707209136337042, 0.003707209136337042, 0.003707209136337042, 0.003707209136337042, 0.003707209136337042, 0.003707209136337042, 0.003707209136337042, 0.003707209136337042, 0.003707209136337042, 0.003707209136337042, 0.003707209136337042, 0.003707209136337042, 0.003707209136337042, 0.003707209136337042, 0.003707209136337042, 0.003707209136337042, 0.003707209136337042, 0.003707209136337042, 0.003707209136337042, 0.003707209136337042, 0.003707209136337042, 0.003707209136337042, 0.003707209136337042, 0.003707209136337042, 0.003707209136337042, 0.003707209136337042, 0.003707209136337042, 0.003707209136337042, 0.003707209136337042, 0.003707209136337042, 0.003707209136337042, 0.003707209136337042, 0.003707209136337042, 0.003707209136337042, 0.003707209136337042, 0.003707209136337042, 0.003707209136337042, 0.003707209136337042, 0.003707209136337042, 0.003707209136337042, 0.003707209136337042, 0.003707209136337042, 0.003707209136337042, 0.003707209136337042, 0.003707209136337042, 0.003707209136337042, 0.003707209136337042, 0.003707209136337042, 0.003707209136337042, 0.003707209136337042, 0.003707209136337042, 0.00037072092527523637, 0.00037072092527523637, 0.00037072092527523637, 0.00037072092527523637, 0.00037072092527523637, 0.00037072092527523637, 0.00037072092527523637, 0.00037072092527523637, 0.00037072092527523637, 0.00037072092527523637, 0.00037072092527523637]}