{"n_parameters": 40162, "training_time": 1.5013349056243896, "loss": [0.7664300799369812, 0.5192487835884094, 0.468793123960495, 0.3128717541694641, 0.5049149990081787, 0.1585894674062729, -0.017833437770605087, 0.173507422208786, 0.17574436962604523, -0.16143366694450378, -0.0711517482995987, -0.39774662256240845, 1.0724486112594604, -0.05609455704689026, -0.21728059649467468, -0.28109028935432434, -0.275739461183548, 0.21165108680725098, -0.2208014577627182, 0.3883283734321594, -0.10234766453504562, -0.3116101324558258, 0.1445959508419037, -0.3370063900947571, -0.4192352890968323, -0.6448753476142883, 0.30586954951286316, -0.36897072196006775, -0.5687144994735718, 1.511316180229187, -0.1744609773159027, -0.13399696350097656, -0.21132680773735046, -0.37833109498023987, -0.4130469262599945, -0.5310184359550476, -0.4679544270038605, -0.6978477835655212, -0.7750551700592041, -0.6940183043479919, -0.08838408440351486, -0.48086902499198914, -0.47100427746772766, -0.6407924890518188, -0.019038449972867966, -0.46372589468955994, -0.5936344861984253, -0.7721725702285767, -0.8073773384094238, -0.9023407101631165, -1.024585247039795, 0.13824968039989471, -0.6558549404144287, -0.7767964005470276, -0.9715768694877625, -1.2402796745300293, 0.6029936075210571, -0.6249549388885498, -0.6965718269348145, -0.8575986623764038, -0.8902155160903931, 0.015351246111094952, -0.6924739480018616, -0.8182963728904724, -0.9835534691810608, -1.1810153722763062, 2.6512575149536133, -0.4825752377510071, -0.43443503975868225, -0.4440291225910187, -0.45665425062179565, -0.46933916211128235, -0.48181214928627014, -0.4947730600833893, -0.5071524977684021, -0.519464910030365, -0.5322517156600952, -0.5448238849639893, -0.5577752590179443], "val_loss": [0.5623699426651001, 0.495595782995224, 0.3776954710483551, 0.3657081723213196, 0.22213760018348694, 0.05302244424819946, -0.22024141252040863, -0.23407813906669617, -0.07233647257089615, -0.3114493787288666, -0.3313445448875427, 19.422119140625, -0.03283154219388962, -0.13109397888183594, -0.36234214901924133, -0.2421603947877884, -0.5088605284690857, -0.4410831034183502, 6.3570637702941895, -0.01706385612487793, -0.17427438497543335, -0.47439518570899963, -0.33584338426589966, -0.39310702681541443, -0.5287490487098694, -0.4127746820449829, 0.06739947944879532, -0.4178030490875244, -0.578321099281311, -0.15876314043998718, -0.272554486989975, -0.3260852098464966, -0.3922203779220581, 0.20123031735420227, -0.6202912330627441, -0.04003319516777992, -0.5876504182815552, -0.7556760311126709, -0.8803897500038147, -0.7706336975097656, -0.3692117929458618, -0.4279942214488983, -0.5367811918258667, -0.7702686786651611, -0.45045042037963867, -0.468955934047699, -0.6133885979652405, -0.8003892302513123, -0.6454758048057556, -1.0134025812149048, 0.48097729682922363, -0.6534518003463745, -0.6847374439239502, -0.8439928889274597, -1.0770052671432495, -1.221593976020813, -0.6043522953987122, -0.6286347508430481, -0.7456343173980713, -0.8954190015792847, 2.1757335662841797, -0.6391205191612244, -0.7112839818000793, -0.8452296257019043, -1.012465238571167, -1.2037370204925537, -0.5391227006912231, -0.38011136651039124, -0.38067930936813354, -0.3900056779384613, -0.40020105242729187, -0.4109959900379181, -0.4210874140262604, -0.4318353831768036, -0.442121297121048, -0.4518769383430481, -0.46270671486854553, -0.47323912382125854, -0.4837862253189087], "lr": [0.0044678449630737305, 0.0044678449630737305, 0.0044678449630737305, 0.0044678449630737305, 0.0044678449630737305, 0.0044678449630737305, 0.0044678449630737305, 0.0044678449630737305, 0.0044678449630737305, 0.0044678449630737305, 0.0044678449630737305, 0.0044678449630737305, 0.0044678449630737305, 0.0044678449630737305, 0.0044678449630737305, 0.0044678449630737305, 0.0044678449630737305, 0.0044678449630737305, 0.0044678449630737305, 0.0044678449630737305, 0.0044678449630737305, 0.0044678449630737305, 0.0044678449630737305, 0.0044678449630737305, 0.0044678449630737305, 0.0044678449630737305, 0.0044678449630737305, 0.0044678449630737305, 0.0044678449630737305, 0.0044678449630737305, 0.0044678449630737305, 0.0044678449630737305, 0.0044678449630737305, 0.0044678449630737305, 0.0044678449630737305, 0.0044678449630737305, 0.0044678449630737305, 0.0044678449630737305, 0.0044678449630737305, 0.0044678449630737305, 0.0044678449630737305, 0.0044678449630737305, 0.0044678449630737305, 0.0044678449630737305, 0.0044678449630737305, 0.0044678449630737305, 0.0044678449630737305, 0.0044678449630737305, 0.0044678449630737305, 0.0044678449630737305, 0.0044678449630737305, 0.0044678449630737305, 0.0044678449630737305, 0.0044678449630737305, 0.0044678449630737305, 0.0044678449630737305, 0.0044678449630737305, 0.0044678449630737305, 0.0044678449630737305, 0.0044678449630737305, 0.0044678449630737305, 0.0044678449630737305, 0.0044678449630737305, 0.0044678449630737305, 0.0044678449630737305, 0.0044678449630737305, 0.0044678449630737305, 0.0044678449630737305, 0.00044678448466584086, 0.00044678448466584086, 0.00044678448466584086, 0.00044678448466584086, 0.00044678448466584086, 0.00044678448466584086, 0.00044678448466584086, 0.00044678448466584086, 0.00044678448466584086, 0.00044678448466584086, 0.00044678448466584086]}