{"n_parameters": 149762, "training_time": 1.263566017150879, "loss": [5.335399150848389, 1.5480337142944336, 1.2261914014816284, 1.1418733596801758, 1.0574138164520264, 0.9867470860481262, 0.916617214679718, 0.8395716547966003, 0.7430233359336853, 0.622373104095459, 0.4971747398376465, 0.3760737478733063, 0.44256317615509033, 0.6509576439857483, 0.22661808133125305, 0.03552348539233208, -0.06497081369161606, -0.02022690512239933, -0.30089041590690613, -0.1486310064792633, 0.6702350378036499, 0.09663974493741989, -0.16927944123744965, -0.12574812769889832, -0.03776072710752487, -0.27433347702026367, -0.11751147359609604, -0.3807985186576843, -0.49668800830841064, -0.41083863377571106, -0.10177330672740936, 0.36821290850639343, -0.0019950876012444496, -0.24059060215950012, -0.29103463888168335, -0.36404651403427124, 0.020856710150837898, -0.045083917677402496, 0.5897505283355713, 0.5114663243293762, 0.024725625291466713, -0.3052985966205597, -0.3260745406150818, -0.3465974032878876, -0.35694068670272827, -0.3683769404888153, -0.3771561086177826, -0.3867320120334625, -0.395241379737854, -0.4053918719291687, -0.41490638256073, -0.4244673252105713, -0.4305795431137085], "val_loss": [1.8729017972946167, 1.238800048828125, 1.1422759294509888, 1.0661461353302002, 1.0009305477142334, 0.9317125678062439, 0.8600914478302002, 0.7698901295661926, 0.6637353301048279, 0.5318214297294617, 0.4458056390285492, 0.32014524936676025, 0.809874415397644, 0.2557465732097626, 0.09179998934268951, -0.03330365568399429, -0.08673907816410065, -0.2347709685564041, -0.27421221137046814, 0.2882798910140991, -0.023430366069078445, 0.08366888016462326, -0.13775143027305603, -0.1945158988237381, -0.12919120490550995, -0.13970528542995453, -0.29976966977119446, -0.43518930673599243, -0.4426971971988678, -0.5309168100357056, -0.19596709311008453, -0.3458355665206909, -0.22089631855487823, -0.2828669250011444, -0.0496753491461277, -0.3798374533653259, -0.28581348061561584, 0.1234138160943985, 0.08505600690841675, 0.14392061531543732, -0.23184072971343994, -0.3006947338581085, -0.3128909170627594, -0.32463449239730835, -0.3327794373035431, -0.3412659764289856, -0.34941694140434265, -0.3578881621360779, -0.36523547768592834, -0.37519052624702454, -0.3836229741573334, -0.3932143449783325, -0.39410606026649475], "lr": [0.00583981815725565, 0.00583981815725565, 0.00583981815725565, 0.00583981815725565, 0.00583981815725565, 0.00583981815725565, 0.00583981815725565, 0.00583981815725565, 0.00583981815725565, 0.00583981815725565, 0.00583981815725565, 0.00583981815725565, 0.00583981815725565, 0.00583981815725565, 0.00583981815725565, 0.00583981815725565, 0.00583981815725565, 0.00583981815725565, 0.00583981815725565, 0.00583981815725565, 0.00583981815725565, 0.00583981815725565, 0.00583981815725565, 0.00583981815725565, 0.00583981815725565, 0.00583981815725565, 0.00583981815725565, 0.00583981815725565, 0.00583981815725565, 0.00583981815725565, 0.00583981815725565, 0.00583981815725565, 0.00583981815725565, 0.00583981815725565, 0.00583981815725565, 0.00583981815725565, 0.00583981815725565, 0.00583981815725565, 0.00583981815725565, 0.00583981815725565, 0.00583981815725565, 0.0005839818040840328, 0.0005839818040840328, 0.0005839818040840328, 0.0005839818040840328, 0.0005839818040840328, 0.0005839818040840328, 0.0005839818040840328, 0.0005839818040840328, 0.0005839818040840328, 0.0005839818040840328, 0.0005839818040840328, 5.83981818635948e-05]}