{"n_parameters": 40098, "training_time": 1.8244450092315674, "loss": [3.385637044906616, 0.7622833251953125, 1.193149209022522, 0.8837074637413025, 0.8646388053894043, 1.0049151182174683, 0.6124364137649536, 0.8749126195907593, 0.5368208885192871, 0.7022120952606201, 0.6274092197418213, 0.5353660583496094, 0.21277987957000732, 0.970497190952301, 0.1448075771331787, 0.44998157024383545, 0.540528416633606, 0.043601423501968384, 0.5727457404136658, 0.11669910699129105, 0.15595965087413788, 0.2582022547721863, 0.469316691160202, -0.1425674557685852, 0.2264983057975769, 0.11974155157804489, -0.013431290164589882, 0.15364649891853333, 0.13481497764587402, -0.001557652954943478, -0.2965009808540344, 0.16524502635002136, -0.006146699655801058, -0.4123559892177582, 0.20139604806900024, -0.2921707332134247, -0.23369383811950684, -0.034418150782585144, -0.23113206028938293, -0.19814836978912354, -0.49709352850914, 0.06502664089202881, -0.19443641602993011, -0.4815410077571869, -0.2680426239967346, -0.20294035971164703, -0.24058082699775696, -0.4803870916366577, -0.39526742696762085, -0.10722603648900986, -0.5664161443710327, -0.19305899739265442, -0.44993552565574646, -0.6650635600090027, 0.03295671194791794, -0.6306279301643372, -0.5087476372718811, -0.2586590647697449, -0.3636762797832489, -0.8270300626754761, -0.09179047495126724, -0.5752608180046082, -0.42532292008399963, -0.5171048045158386, -0.4712444841861725, -0.42491355538368225, -0.5907461047172546, -0.5040395855903625, -0.48601943254470825, -0.4888480603694916, -0.813569962978363, -0.9313411116600037, -0.9643718004226685, -0.9937122464179993, -1.0148184299468994, -1.04349946975708, -1.0729525089263916, -1.0991002321243286, -1.129094123840332, -1.1611658334732056, -1.181481957435608, -1.214487075805664, -1.2469091415405273, -1.2725743055343628, -1.3181368112564087, -1.3312710523605347, -1.3763964176177979, -1.4056488275527954, -1.418805480003357, -1.467305302619934, -1.4885036945343018, -1.520932912826538, -1.5618661642074585, -1.5725884437561035, -1.6360234022140503, -1.604773759841919, -1.699442744255066, -1.6313778162002563, -1.7523905038833618, -1.6968895196914673, -1.8255916833877563, -1.7532951831817627, -1.7742472887039185, -1.8620431423187256, -1.9210103750228882, -1.7763901948928833, -1.8799660205841064, -1.9202401638031006, -1.8767082691192627, -1.9523719549179077, -2.0439796447753906, -1.824889898300171, -2.0664830207824707, -2.0178802013397217, -1.9511771202087402, -2.096099376678467, -1.9073264598846436, -2.1876580715179443, -1.821237325668335, -2.191427707672119, -2.0865135192871094, -1.9970203638076782, -2.2260637283325195, -1.990088701248169, -2.309262275695801, -1.7930182218551636, -2.323340654373169, -2.18183970451355, -2.2411623001098633, -2.008824110031128, -2.2417616844177246, -2.3550453186035156, -2.1522693634033203, -2.2761223316192627, -2.310739517211914, -2.1229288578033447, -2.184717893600464, -2.3858954906463623, -2.1238253116607666, -2.2150981426239014, -2.189119338989258, -2.494091749191284, -2.5062196254730225, -2.511981964111328, -2.5176844596862793, -2.5220415592193604, -2.52553129196167, -2.5325000286102295, -2.5360360145568848, -2.5448176860809326, -2.5448052883148193, -2.5553195476531982, -2.561587333679199, -2.5653085708618164, -2.567835569381714, -2.573326349258423, -2.574704885482788, -2.5870611667633057, -2.580836296081543, -2.5928170680999756, -2.595181941986084, -2.602890729904175, -2.60471510887146, -2.611567735671997, -2.617722272872925, -2.618864059448242, -2.619886875152588, -2.6201798915863037, -2.6209466457366943, -2.6217200756073, -2.6220667362213135, -2.622836112976074, -2.6234793663024902, -2.623647451400757, -2.6243786811828613, -2.6245293617248535, -2.62461519241333, -2.624661684036255, -2.624737024307251, -2.624837636947632], "val_loss": [1.4358911514282227, 0.6252650618553162, 0.6936960220336914, 0.6674718856811523, 0.5875566005706787, 0.6045935750007629, 1.0906755924224854, 0.6215507984161377, 0.8737524151802063, 0.4281883239746094, 0.35219806432724, 0.356373131275177, 0.14707602560520172, 0.16652414202690125, 0.2015787810087204, 0.07004819810390472, 0.16000641882419586, -0.01828141324222088, 0.050917062908411026, 0.2710952162742615, 0.8839081525802612, -0.14558720588684082, -0.09961171448230743, 0.27302658557891846, -0.04241977259516716, 0.4875302314758301, -0.0012708627618849277, -0.20881904661655426, -0.26220619678497314, 0.029948009178042412, -0.3196198642253876, -0.38421630859375, -0.23284442722797394, -0.5301064252853394, -0.47003450989723206, 0.3819037675857544, -0.3664966821670532, -0.3387162387371063, -0.3836378753185272, -0.31853315234184265, 1.6646449565887451, -0.5283776521682739, -0.6061728596687317, 1.7381240129470825, -0.6166588664054871, -0.7026522159576416, -0.5290893912315369, 0.7006725072860718, -0.7226014733314514, -0.5989488363265991, -0.25570619106292725, -0.5945369601249695, 0.0480162687599659, -0.8147191405296326, -0.7925320863723755, 0.7937495112419128, -0.6909502148628235, -0.788502037525177, -0.6070282459259033, -0.8253905773162842, -0.7971795201301575, -0.4122945964336395, -0.5449212789535522, -0.507668137550354, -0.5277819633483887, -0.6031891107559204, -0.7279847264289856, -0.5438319444656372, -0.6500522494316101, -0.5847691893577576, -0.8805993795394897, -0.9117624759674072, -0.9437193870544434, -0.9572762846946716, -0.9935579299926758, -1.0049024820327759, -1.043727159500122, -1.081497311592102, -1.0934721231460571, -1.085618257522583, -1.165181279182434, -1.1922533512115479, -1.2031335830688477, -1.248840093612671, -1.2761342525482178, -1.3216811418533325, -1.3388570547103882, -1.3389453887939453, -1.3626377582550049, -1.4298772811889648, -1.4857405424118042, -1.5089011192321777, -1.359972357749939, -1.5641148090362549, -1.6015973091125488, -1.6270214319229126, -1.2813034057617188, -1.6656599044799805, -1.6776026487350464, -1.7085932493209839, -1.7489515542984009, -1.78718900680542, -1.5056072473526, -1.7982432842254639, -0.4505751132965088, -1.8381277322769165, -1.7820225954055786, -1.8867501020431519, -1.3792362213134766, -1.8560662269592285, -1.8684529066085815, -1.9405968189239502, -1.908311367034912, -1.9592030048370361, -1.6597425937652588, -1.7045828104019165, -1.9802196025848389, -1.996687412261963, -1.9904766082763672, -1.5392087697982788, -1.8247790336608887, -2.016486406326294, -2.0146281719207764, -1.9606924057006836, -2.0777318477630615, -2.018796682357788, -2.0426676273345947, -2.0166778564453125, -0.4257311522960663, -1.0742355585098267, -2.114405632019043, -1.9508888721466064, -2.0130975246429443, -0.7626867890357971, -1.2290056943893433, -1.7224146127700806, -1.6759127378463745, -1.9533723592758179, -2.0399835109710693, -1.9633116722106934, -2.0511653423309326, -2.123843193054199, -2.112386465072632, -2.1363327503204346, -2.1042001247406006, -2.125478744506836, -2.1333446502685547, -2.0958259105682373, -2.079047441482544, -2.0872647762298584, -2.085949182510376, -2.1240618228912354, -2.082547187805176, -2.140123128890991, -2.124983549118042, -2.139885187149048, -2.057673692703247, -2.137054681777954, -2.1240906715393066, -2.1131608486175537, -2.093771457672119, -2.0442888736724854, -2.095470428466797, -2.1098480224609375, -2.100583076477051, -2.097261667251587, -2.103607177734375, -2.107499837875366, -2.103724241256714, -2.107001543045044, -2.1030988693237305, -2.106282949447632, -2.102498769760132, -2.1071529388427734, -2.105985403060913, -2.1052615642547607, -2.104909658432007, -2.1046388149261475, -2.104353666305542, -2.104318141937256],