{"n_parameters": 84386, "training_time": 3.8997790813446045, "loss": [1.5588780641555786, 1.0313080549240112, 0.7259275913238525, 0.5967361330986023, 0.5192120671272278, 0.33174067735671997, 0.2517034709453583, 0.12127478420734406, 0.06852515041828156, -0.08673008531332016, -0.16297219693660736, -0.11082173883914948, -0.1769493818283081, -0.2836762070655823, -0.29519256949424744, -0.27408960461616516, -0.3676196336746216, -0.3766680657863617, -0.4941045045852661, -0.4804058372974396, -0.48364612460136414, -0.6024917960166931, -0.6250134706497192, -0.6126238107681274, -0.5186047554016113, -0.5866503715515137, -0.5864409804344177, -0.6727612018585205, -0.7012619972229004, -0.6955686807632446, -0.7214134931564331, -0.7444471716880798, -0.8060969114303589, -0.8263404369354248, -0.8201017379760742, -0.8637846112251282, -0.9040964245796204, -0.8871193528175354, -0.89093416929245, -0.9176281690597534, -0.9730740189552307, -0.8985446095466614, -0.9332658052444458, -0.8991060256958008, -0.9865306615829468, -0.9924112558364868, -0.9724074602127075, -1.0021244287490845, -1.0155227184295654, -0.9345937967300415, -1.0491621494293213, -1.0856853723526, -1.0307776927947998, -1.032096266746521, -1.1149251461029053, -0.9399113655090332, -1.0901623964309692, -0.9015150666236877, -1.071006417274475, -1.1357210874557495, -0.994512140750885, -1.1717103719711304, -1.0897189378738403, -1.0408580303192139, -1.7070027589797974, -1.9884403944015503, -2.2251288890838623, -2.365427255630493, -2.5054049491882324, -2.4785919189453125, -2.5816009044647217, -2.6210196018218994, -2.6615309715270996, -2.6985714435577393, -2.674041271209717, -2.641155242919922, -2.784048318862915, -2.7097678184509277, -2.7042953968048096, -2.783888101577759, -2.783355712890625, -2.8144099712371826, -2.8427929878234863, -2.769740581512451, -3.135965585708618, -3.231264114379883, -3.2610230445861816, -3.297581434249878, -3.329057216644287, -3.3534176349639893, -3.374657154083252, -3.411918878555298, -3.4406678676605225, -3.456840753555298], "val_loss": [0.9025010466575623, 0.7159702777862549, 0.8036795258522034, 1.224948525428772, 0.2263774871826172, 0.30947890877723694, 0.08562859892845154, 0.03675759956240654, -0.12396814674139023, -0.3068782389163971, -0.14562204480171204, -0.4072374105453491, 0.9331360459327698, -0.6431719660758972, -0.3592861592769623, -0.1660180389881134, -0.5908204913139343, -0.5879855155944824, -0.7192285656929016, -0.695521354675293, -0.8146356344223022, -0.9185988306999207, -0.4822908341884613, -0.43517976999282837, -0.6673287749290466, -0.4615747630596161, -0.9415567517280579, -0.2175603061914444, -0.5121840238571167, -1.0888140201568604, -0.8629809617996216, -0.9520924687385559, -1.034090280532837, -0.2959013879299164, -1.1051422357559204, -1.1584233045578003, -0.24223646521568298, -0.37355726957321167, -0.4709602892398834, -0.3464716970920563, 0.24396000802516937, -0.6531058549880981, -0.6687102317810059, -1.3108844757080078, -1.2650277614593506, -1.3974111080169678, -1.2981847524642944, -1.3907032012939453, -0.7162299156188965, -1.0290355682373047, -1.4934604167938232, -0.8980010151863098, -1.401059865951538, -1.1258777379989624, -1.1836005449295044, -1.2014256715774536, -1.3009556531906128, -1.3411073684692383, -1.2531675100326538, -1.1390866041183472, -1.2970224618911743, -1.2883386611938477, 0.49849748611450195, -1.2929792404174805, -1.8240786790847778, -1.9528822898864746, -2.114215135574341, -2.103055953979492, -0.8291440606117249, -2.166611433029175, -2.2784433364868164, -2.2169628143310547, -1.8844534158706665, -2.0264573097229004, -1.3361704349517822, -2.116805076599121, -1.4844529628753662, -1.2319823503494263, -2.007876396179199, -1.8550317287445068, -1.8930866718292236, -1.0895261764526367, -1.5265977382659912, -1.7663898468017578, -2.029505729675293, -1.9534395933151245, -1.8891921043395996, -1.8242648839950562, -1.7720491886138916, -1.7417356967926025, -1.6759769916534424, -1.6171311140060425, -1.5279635190963745, -1.3807592391967773], "lr": [0.002141505479812622, 0.002141505479812622, 0.002141505479812622, 0.002141505479812622, 0.002141505479812622, 0.002141505479812622, 0.002141505479812622, 0.002141505479812622, 0.002141505479812622, 0.002141505479812622, 0.002141505479812622, 0.002141505479812622, 0.002141505479812622, 0.002141505479812622, 0.002141505479812622, 0.002141505479812622, 0.002141505479812622, 0.002141505479812622, 0.002141505479812622, 0.002141505479812622, 0.002141505479812622, 0.002141505479812622, 0.002141505479812622, 0.002141505479812622, 0.002141505479812622, 0.002141505479812622, 0.002141505479812622, 0.002141505479812622, 0.002141505479812622, 0.002141505479812622, 0.002141505479812622, 0.002141505479812622, 0.002141505479812622, 0.002141505479812622, 0.002141505479812622, 0.002141505479812622, 0.002141505479812622, 0.002141505479812622, 0.002141505479812622, 0.002141505479812622, 0.002141505479812622, 0.002141505479812622, 0.002141505479812622, 0.002141505479812622, 0.002141505479812622, 0.002141505479812622, 0.002141505479812622, 0.002141505479812622, 0.002141505479812622, 0.002141505479812622, 0.002141505479812622, 0.002141505479812622, 0.002141505479812622, 0.002141505479812622, 0.002141505479812622, 0.002141505479812622, 0.002141505479812622, 0.002141505479812622, 0.002141505479812622, 0.002141505479812622, 0.002141505479812622, 0.002141505479812622, 0.002141505479812622, 0.002141505479812622, 0.0002141505538020283, 0.0002141505538020283, 0.0002141505538020283, 0.0002141505538020283, 0.0002141505538020283, 0.0002141505538020283, 0.0002141505538020283, 0.0002141505538020283, 0.0002141505538020283, 0.0002141505538020283, 0.0002141505538020283, 0.0002141505538020283, 0.0002141505538020283, 0.0002141505538020283, 0.0002141505538020283, 0.0002141505538020283, 0.0002141505538020283, 0.0002141505538020283, 0.0002141505538020283, 0.0002141505538020283, 2.141505501640495e-05, 2.141505501640495e-05, 2.141505501640495e-05, 2.141505501640495e-05, 2.141505501640495e-05, 2.141505501640495e-05, 2.141505501640495e-05, 2.141505501640495e-05, 2.141505501640495e-05, 2.141505501640495e-05]}