{"n_parameters": 17666, "training_time": 2.3092617988586426, "loss": [1.0611546039581299, 0.5478346943855286, 0.4124482274055481, 0.2063237875699997, 0.20705662667751312, 0.09626073390245438, -0.33300071954727173, -0.03584326058626175, -0.5184586048126221, -0.4873324930667877, -0.21157559752464294, -0.6230288743972778, -0.8601440191268921, 0.3483889698982239, -0.5633842945098877, -0.6614841222763062, -0.8271516561508179, -1.0767356157302856, 1.511963129043579, -0.6332982778549194, -0.6593829393386841, -0.7059927582740784, -0.7777774333953857, -0.8563592433929443, -0.9481407403945923, -1.0529615879058838, -1.179548740386963, -1.2971255779266357, 3.490023612976074, -0.5399202108383179, -0.6325425505638123, -0.7414904832839966, -0.8227576613426208, -0.881891667842865, -0.9372619390487671, -0.9997260570526123, -1.0624243021011353, -1.125233769416809, -1.1894400119781494, -1.245906949043274, -1.259958028793335, -1.2692286968231201, -1.2794939279556274, -1.287310242652893, -1.2930824756622314, -1.309873342514038, -1.3196971416473389, -1.3286250829696655, -1.3352810144424438, -1.3524502515792847, -1.3650461435317993, -1.3757067918777466, -1.3882251977920532, -1.404387354850769, -1.4158681631088257, -1.426085114479065, -1.4428218603134155, -1.45565664768219, -1.4702311754226685, -1.4788870811462402, -1.5011284351348877, -1.5054841041564941, -1.5282983779907227, -1.546353816986084, -1.5663959980010986, -1.5748069286346436, -1.5901552438735962, -1.613031029701233, -1.6211256980895996, -1.535291075706482, -1.6182137727737427, -1.6663808822631836, -1.4696911573410034, -1.6571544408798218, -1.7038650512695312, -1.7274247407913208, -1.677609920501709, -1.732790470123291, -1.6930665969848633, -1.7913873195648193, -1.8097474575042725, -1.665718913078308, -1.0363978147506714, -1.791548252105713, -1.80038583278656, -1.8041993379592896, -1.8232712745666504, -1.8494349718093872, -1.8164501190185547, -1.8455396890640259, -1.7791533470153809, -1.9087549448013306, -1.9110994338989258, -1.7987821102142334, -1.8915170431137085, -1.8234460353851318, -1.5209860801696777, -1.8455679416656494, -1.6580320596694946, -1.8395791053771973, -1.823550820350647, -1.9522192478179932, -1.9864546060562134, -1.9976561069488525, -1.9892594814300537, -1.8644753694534302, -1.9907070398330688, -1.9025229215621948, -0.2710235118865967, -1.8967829942703247, -1.9401931762695312, -1.9715161323547363, -1.9928205013275146, -2.004685878753662, -2.0231051445007324, -2.040579319000244, -2.0433483123779297, -2.066424608230591, -2.085965633392334, -2.097879648208618, -2.129607677459717, -2.077697277069092, -2.071655511856079, -2.1356968879699707, -1.6996597051620483, -1.9862335920333862, -2.1081631183624268, -2.142550468444824, -2.0723726749420166, -2.113264799118042, -2.173489809036255, -2.1024258136749268, -1.8955415487289429, -1.992152452468872, -1.9470345973968506, -2.1322107315063477, -2.188730239868164, -2.0954270362854004, -2.112008810043335, -2.210698366165161, -1.9965126514434814, -2.2151801586151123, -2.2694342136383057, -1.5752215385437012, -2.1530401706695557, -2.0212550163269043, -2.180859327316284, -2.2049031257629395, -1.7861056327819824, -2.2782680988311768, -2.2882184982299805, -2.2936365604400635, -2.2960522174835205, -2.296687602996826, -2.2991883754730225, -2.303025960922241, -2.3012170791625977, -2.304718255996704, -2.3093135356903076, -2.3106701374053955, -2.311840534210205, -2.3127734661102295, -2.3160765171051025, -2.318589925765991, -2.3182079792022705, -2.3225629329681396, -2.3267605304718018, -2.325009346008301, -2.3222038745880127, -2.331702709197998, -2.3327221870422363, -2.333688497543335, -2.3342950344085693, -2.3343565464019775, -2.333329916000366, -2.335084915161133, -2.334479808807373, -2.334657907485962, -2.335512399673462, -2.3352742195129395, -2.3359107971191406], "val_loss": [0.5843012928962708, 0.47366851568222046, 0.31268852949142456, 0.06642971187829971, -0.12018115073442459, -0.27754464745521545, -0.505052387714386, -0.45491889119148254, -0.3368648588657379, -0.8476873636245728, -0.5701217651367188, -0.7547200918197632, 1.6956597566604614, -0.551906168460846, -0.6098316311836243, -0.7459508776664734, -0.9396985769271851, -1.2215663194656372, -0.6283892393112183, -0.6432175636291504, -0.6807734966278076, -0.7395867109298706, -0.8130342364311218, -0.8997361660003662, -0.9973838925361633, -1.1173375844955444, -1.252239465713501, -0.5827004313468933, -0.28424370288848877, -0.5463652014732361, -0.6680895090103149, -0.7569737434387207, -0.8342248201370239, -0.9043323397636414, -0.9646437168121338, -1.0259121656417847, -1.072605013847351, -1.1489275693893433, -1.204278588294983, -1.2294845581054688, -1.2392432689666748, -1.2461806535720825, -1.2547599077224731, -1.2629317045211792, -1.2748031616210938, -1.281769037246704, -1.28778076171875, -1.2973663806915283, -1.3115583658218384, -1.3223273754119873, -1.3314214944839478, -1.344400405883789, -1.3486409187316895, -1.3549636602401733, -1.377837061882019, -1.3889063596725464, -1.3920494318008423, -1.3967633247375488, -1.4122247695922852, -1.4386039972305298, -1.451390266418457, -1.4443788528442383, -1.4779696464538574, -1.4920697212219238, -1.46005380153656, -1.5187908411026, -1.533392310142517, -1.5392576456069946, -1.39670729637146, -1.5335191488265991, -1.5359501838684082, -1.5656007528305054, -1.5427358150482178, -1.5753546953201294, -1.5869581699371338, -1.4300858974456787, -1.6039822101593018, -1.4431567192077637, -1.6455674171447754, -1.6712653636932373, -1.6486482620239258, 6.650548934936523, -1.666887879371643, -1.6725815534591675, -1.618549108505249, -1.5762813091278076, -1.673927903175354, -1.6506532430648804, -1.7215648889541626, -1.424687147140503, -1.7445071935653687, -1.716961145401001, -1.7576535940170288, -1.7489646673202515, -1.5270527601242065, -1.7183464765548706, -1.7413146495819092, -0.8343681693077087, -1.0031824111938477, -1.7467550039291382, -1.7549893856048584, -1.77443265914917, -1.78410804271698, -1.7881951332092285, -1.5546492338180542, -1.211207628250122, -1.7505707740783691, 8.189067840576172, -1.7609829902648926, -1.7670222520828247, -1.8008354902267456, -1.8085309267044067, -1.8145513534545898, -1.7777869701385498, -1.823448657989502, -1.8286190032958984, -1.7995237112045288, -1.8293969631195068, -1.8402637243270874, -1.697823166847229, -1.822598934173584, -1.1878875494003296, -1.8160107135772705, -1.0604857206344604, -1.4981900453567505, -1.8428828716278076, -1.6871001720428467, -1.2496726512908936, -1.81576406955719, -1.8581033945083618, -1.8628733158111572, -1.0427180528640747, -1.867081880569458, -1.572043538093567, -1.8713551759719849, -1.8978832960128784, -1.790345311164856, -1.8593456745147705, -1.8844432830810547, -1.8751883506774902, -1.8558075428009033, -1.8200404644012451, -1.8863072395324707, -1.202921748161316, -1.8473442792892456, -1.7125496864318848, -1.8641138076782227, -0.3249208331108093, -1.8093092441558838, -1.907916784286499, -1.904694676399231, -1.905263066291809, -1.9051581621170044, -1.897276520729065, -1.9058917760849, -1.9013888835906982, -1.900684118270874, -1.9080923795700073, -1.8915406465530396, -1.9055304527282715, -1.9045828580856323, -1.8948694467544556, -1.901841640472412, -1.8995922803878784, -1.8981764316558838, -1.8940824270248413, -1.9046114683151245, -1.8467719554901123, -1.9036043882369995, -1.8908045291900635, -1.8956788778305054, -1.8979010581970215, -1.898669719696045, -1.8984425067901611, -1.895647406578064, -1.8983720541000366, -1.8996775150299072, -1.8975858688354492, -1.8982244729995728, -1.895647644996643, -1.8982285261154175],