{"n_parameters": 87298, "training_time": 1.1585960388183594, "loss": [1.3681085109710693, 0.6353003978729248, 0.47281426191329956, 0.3682422935962677, 0.4510452151298523, 0.09846194088459015, 0.28209078311920166, 0.013506114482879639, 0.26307857036590576, -0.023149646818637848, -0.3129418194293976, -0.06698562204837799, -0.20903179049491882, -0.35564032196998596, -0.5939998030662537, -0.1402767151594162, -0.4018200933933258, 0.19232697784900665, -0.2769138813018799, -0.3602583110332489, -0.20869731903076172, -0.2440161108970642, -0.4656507074832916, -0.7283880710601807, -0.34583672881126404, -0.5291046500205994, -0.5904015898704529, -0.694518506526947, -1.0196764469146729, -0.4755028486251831, -0.6604677438735962, -0.8110716342926025, -1.0917954444885254, -0.21576549112796783, -0.6311162710189819, -0.7244473099708557, -0.9919644594192505, -0.9976069927215576, -1.279697299003601, -0.6328135132789612, -0.42958223819732666, -0.5102724432945251, -0.576119065284729, -0.8032992482185364, -1.1936999559402466, 3.0243639945983887, 0.06219426915049553, -0.03260371834039688, -0.14117228984832764, -0.23276597261428833, -0.3447195887565613, -0.5020688772201538, -0.7501485347747803, -0.5368149280548096, -0.29958540201187134, -0.5516645908355713, -0.7377146482467651, -0.8956292271614075, -0.938499927520752, -0.9758138656616211, -1.0134936571121216, -1.0514812469482422, -1.0961596965789795, -1.1394652128219604, -1.1836131811141968, -1.2284572124481201, -1.2701611518859863, -1.311443567276001, -1.3396422863006592], "val_loss": [0.6717302203178406, 0.5252983570098877, 0.5150162577629089, 0.9409055113792419, 0.1965472549200058, 0.4575512111186981, 0.08993794769048691, 0.0784267783164978, -0.06148966774344444, -0.1780446320772171, -0.5735633969306946, -0.026137100532650948, -0.1861930638551712, -0.5927844643592834, 0.6860222816467285, -0.4983865022659302, -0.5264126658439636, -0.25726523995399475, -0.3846295177936554, 0.8169826865196228, -0.10563020408153534, -0.45413506031036377, -0.597339928150177, -0.6456711888313293, -0.3184642195701599, -0.5208641290664673, -0.1755433827638626, -0.87977135181427, -0.49575480818748474, -0.5083612203598022, -0.5247184634208679, -0.9213818311691284, 0.12015920132398605, -0.7371717095375061, -0.6605883836746216, -0.8999680876731873, -0.7818374037742615, -1.3242712020874023, -1.3645670413970947, 0.8599688410758972, -0.7462876439094543, -0.5288017988204956, -0.681903064250946, -1.01106858253479, -1.459846019744873, -0.15377409756183624, 0.0634273812174797, -0.08038995414972305, -0.14821669459342957, -0.2576935291290283, -0.3800107538700104, -0.5451710820198059, -0.8492987751960754, 0.1137869656085968, -0.6051639914512634, -0.6082533597946167, -0.8471071720123291, -0.9116871953010559, -0.94339919090271, -0.9805130362510681, -1.0145870447158813, -1.0547821521759033, -1.0858299732208252, -1.1321829557418823, -1.1707814931869507, -1.2123596668243408, -1.2567784786224365, -1.2130616903305054, -1.3257049322128296], "lr": [0.003739200998097658, 0.003739200998097658, 0.003739200998097658, 0.003739200998097658, 0.003739200998097658, 0.003739200998097658, 0.003739200998097658, 0.003739200998097658, 0.003739200998097658, 0.003739200998097658, 0.003739200998097658, 0.003739200998097658, 0.003739200998097658, 0.003739200998097658, 0.003739200998097658, 0.003739200998097658, 0.003739200998097658, 0.003739200998097658, 0.003739200998097658, 0.003739200998097658, 0.003739200998097658, 0.003739200998097658, 0.003739200998097658, 0.003739200998097658, 0.003739200998097658, 0.003739200998097658, 0.003739200998097658, 0.003739200998097658, 0.003739200998097658, 0.003739200998097658, 0.003739200998097658, 0.003739200998097658, 0.003739200998097658, 0.003739200998097658, 0.003739200998097658, 0.003739200998097658, 0.003739200998097658, 0.003739200998097658, 0.003739200998097658, 0.003739200998097658, 0.003739200998097658, 0.003739200998097658, 0.003739200998097658, 0.003739200998097658, 0.003739200998097658, 0.003739200998097658, 0.003739200998097658, 0.003739200998097658, 0.003739200998097658, 0.003739200998097658, 0.003739200998097658, 0.003739200998097658, 0.003739200998097658, 0.003739200998097658, 0.003739200998097658, 0.003739200998097658, 0.003739200998097658, 0.0003739201056305319, 0.0003739201056305319, 0.0003739201056305319, 0.0003739201056305319, 0.0003739201056305319, 0.0003739201056305319, 0.0003739201056305319, 0.0003739201056305319, 0.0003739201056305319, 0.0003739201056305319, 0.0003739201056305319, 0.0003739201056305319]}