{"n_parameters": 78498, "training_time": 2.203599214553833, "loss": [1.2747695446014404, 0.6175427436828613, 0.5771500468254089, 0.7732095718383789, 0.44027790427207947, 0.5786193609237671, 0.5248305797576904, 0.4519740045070648, 0.4054117798805237, 0.3680608570575714, 0.47758063673973083, 0.15960972011089325, 0.4215860068798065, 0.1920527070760727, 0.2559089660644531, 0.2529710829257965, 0.0777498334646225, 0.21896880865097046, 0.05401924252510071, 0.23131412267684937, -0.013779271394014359, 0.14276118576526642, 0.1237359493970871, 0.1802259236574173, -0.22667178511619568, 0.19965501129627228, -0.04481302946805954, 0.11496201902627945, 0.005454326514154673, -0.3053582012653351, 0.12020210176706314, 0.05706376954913139, -0.064579539000988, -0.25963297486305237, -0.036512505263090134, -0.19519966840744019, -0.30640271306037903, 0.10261054337024689, -0.5276985168457031, 0.2911583483219147, -0.3644774854183197, -0.19042310118675232, -0.08479849249124527, -0.4770432114601135, -0.052168458700180054, -0.15092679858207703, -0.2270709127187729, -0.4623758792877197, 0.040780726820230484, -0.49884018301963806, -0.38406628370285034, -0.03511032834649086, -0.3355235159397125, -0.38093000650405884, -0.33789268136024475, -0.3329436480998993, -0.2743636965751648, -0.3378814458847046, -0.3641188144683838, -0.2899574339389801, -0.6957669258117676, -0.04632021486759186, -0.6868431568145752, -0.2827198803424835, -0.2460489124059677, -0.6234577298164368, -0.37465599179267883, -0.38083165884017944, -0.630152702331543, -0.23286639153957367, -0.7868187427520752, -0.33886629343032837, -0.38452762365341187, -0.36627814173698425, -0.8113146424293518, -0.2799239158630371, -0.5860831141471863, -0.5360278487205505, -0.35975223779678345, -0.8277761936187744, -0.36498451232910156, -0.6097878217697144, -0.43346935510635376, -0.43870291113853455, -0.9311106204986572, -0.1837606132030487, -0.8541176915168762, -0.42887574434280396, -0.48437076807022095, -0.7991710901260376, -0.5164655447006226, -0.5021330714225769, -0.9632387161254883, -0.4406038820743561, -0.5930374264717102, -0.6668135523796082, -0.9076940417289734, -1.0378267765045166, -1.062557339668274, -1.0891185998916626, -1.1185142993927002, -1.141485333442688, -1.1777772903442383, -1.201842188835144, -1.2368308305740356, -1.2645846605300903, -1.2963323593139648, -1.3222808837890625, -1.3556593656539917, -1.3815813064575195, -1.4191207885742188, -1.4263643026351929, -1.479102611541748, -1.4760574102401733, -1.5185219049453735, -1.5306472778320312, -1.5739617347717285, -1.561646819114685, -1.6352890729904175, -1.6306791305541992, -1.6683685779571533, -1.6831446886062622, -1.692075252532959, -1.7148306369781494, -1.7818361520767212, -1.7376269102096558, -1.8212218284606934, -1.7866687774658203, -1.8402482271194458, -1.8585036993026733, -1.8540887832641602, -1.9142576456069946, -1.8911254405975342, -1.9088071584701538, -1.9608219861984253, -1.9265766143798828, -1.991497278213501, -1.9121630191802979, -1.958263635635376, -2.0713462829589844, -1.9535712003707886, -2.053706169128418, -2.0786681175231934, -2.056969165802002, -2.1238512992858887, -2.0012943744659424, -2.1385390758514404, -2.171994686126709, -2.038461923599243, -2.0856406688690186, -2.1775739192962646, -2.1397578716278076, -2.0866804122924805, -2.286623477935791, -2.0500810146331787, -2.3142428398132324, -2.107168436050415, -2.28273606300354, -2.212073802947998, -2.093724250793457, -2.386833667755127, -2.213623046875, -2.2533700466156006, -2.182326078414917, -2.4280004501342773, -2.089017152786255, -2.32391357421875, -2.3494713306427, -2.0633039474487305, -2.4781394004821777, -2.1733434200286865, -2.4340946674346924, -2.5139756202697754, -2.5227925777435303, -2.5232152938842773, -2.5270633697509766, -2.5337166786193848, -2.5352988243103027, -2.5420165061950684, -2.538792133331299, -2.545633554458618, -2.54860782623291, -2.5547008514404297, -2.55574369430542, -2.5567033290863037, -2.5569186210632324, -2.5572261810302734, -2.557671546936035, -2.557905435562134, -2.5584797859191895, -2.5586955547332764, -2.559535026550293, -2.559877634048462, -2.559936761856079, -2.560009479522705, -2.560029983520508, -2.5600719451904297, -2.560154438018799],