{"n_parameters": 130834, "training_time": 1.6718809604644775, "loss": [92.04991149902344, 1.9563225507736206, 1.9708102941513062, 1.944949746131897, 1.2760344743728638, 0.7143609523773193, 0.6550546288490295, 0.6048918962478638, 0.5844720005989075, 0.6186766624450684, 0.461617112159729, 0.35917747020721436, 2.214792251586914, 0.0526917390525341, 0.054624177515506744, 0.3472706973552704, 0.13360778987407684, 0.5117285251617432, 0.17915183305740356, 0.2163156270980835, 0.4496321678161621, 0.14914119243621826, 0.5248996615409851, 0.6769535541534424, 0.32224124670028687, 0.1879715472459793, 0.014518910087645054, -0.06102193519473076, -0.2153579741716385, -0.4202316999435425, -0.40370938181877136, -0.9204381704330444, -0.8124476671218872, -1.0091662406921387, -0.9917848110198975, -1.1312764883041382, -1.0226829051971436, -1.1560907363891602, -1.2628223896026611, -1.1442530155181885, -1.1470625400543213, -1.2118903398513794, -1.317706823348999, -1.2646973133087158, -1.0472098588943481, -1.275779366493225, -1.394148826599121, -1.2889044284820557, -1.1375502347946167, -1.3241262435913086, -1.4159923791885376, -1.128472924232483, -1.4116599559783936, -1.265350580215454, -1.3029783964157104, -1.2019788026809692, -0.9544845819473267, -1.666464924812317, -1.2241647243499756, -1.4081311225891113, -1.3704149723052979, -1.722778081893921, -1.7826007604599, -1.863998293876648, -1.9481123685836792, -1.999531626701355, -2.086529493331909, -2.148526430130005, -2.187068462371826, -2.248628616333008, -2.2867493629455566, -2.311725378036499, -2.3610904216766357, -2.3482778072357178, -2.4073574542999268, -2.432238817214966, -2.424197196960449, -2.4312102794647217, -2.4527690410614014, -2.466102123260498, -2.4806034564971924, -2.495386838912964, -2.4980719089508057, -2.6185810565948486, -2.624476671218872, -2.6288228034973145, -2.634960412979126, -2.632993221282959, -2.6361067295074463, -2.6389143466949463, -2.6457393169403076, -2.646358013153076, -2.6498560905456543, -2.655500650405884, -2.656172752380371, -2.6572980880737305, -2.658024787902832, -2.658421277999878], "val_loss": [1.8127391338348389, 1.807283639907837, 1.851667881011963, 1.1918705701828003, 0.7779815793037415, 0.6421998739242554, 0.5984600186347961, 0.5737766027450562, 0.5260436534881592, 0.49003866314888, 0.3758842349052429, 1.625237226486206, 0.05186336860060692, -0.25165319442749023, 0.8136882185935974, -0.06559674441814423, -0.20510824024677277, 0.2282913476228714, 0.07825009524822235, 2.7452359199523926, 0.12996914982795715, -0.225577250123024, 0.11278553307056427, 0.41808104515075684, 0.3069806396961212, 0.18594245612621307, -0.001401520217768848, -0.10010124742984772, -0.26618704199790955, -0.5052422285079956, -0.7218695282936096, -0.1895904242992401, -0.5784472227096558, -0.7842985987663269, -1.2125025987625122, -1.2103320360183716, -1.3183962106704712, -0.8596358895301819, -0.9181249737739563, -1.4738030433654785, -1.077414870262146, -1.4261974096298218, -1.4658185243606567, 0.33860233426094055, -1.4085466861724854, -1.5165417194366455, -0.2765498161315918, -0.14014622569084167, -1.5378525257110596, -1.3491533994674683, -1.6818739175796509, -1.5260430574417114, -1.6208382844924927, -1.5414565801620483, -1.6554105281829834, -1.3978122472763062, -1.501070261001587, 1.6430951356887817, -1.5230149030685425, -1.564643144607544, -1.6546950340270996, -1.710055947303772, -1.7670278549194336, -1.7988662719726562, -1.844570279121399, -1.9008604288101196, -1.9529005289077759, -1.9740736484527588, -2.0076000690460205, -2.015748977661133, -2.0372843742370605, -1.9407917261123657, -2.066788911819458, -1.9857248067855835, -2.000502347946167, -1.983121395111084, -1.9853978157043457, -1.6810449361801147, -2.0442936420440674, -1.7223265171051025, -1.996856927871704, -1.977881669998169, -1.9944669008255005, -2.0078790187835693, -2.01127028465271, -2.0105366706848145, -2.0072853565216064, -1.998008131980896, -1.99687659740448, -1.9969985485076904, -1.9747236967086792, -1.9900416135787964, -1.9726898670196533, -1.9761052131652832, -1.9774916172027588, -1.9784191846847534, -1.980151891708374, -1.9805694818496704], "lr": [0.010329702869057655, 0.010329702869057655, 0.010329702869057655, 0.010329702869057655, 0.010329702869057655, 0.010329702869057655, 0.010329702869057655, 0.010329702869057655, 0.010329702869057655, 0.010329702869057655, 0.010329702869057655, 0.010329702869057655, 0.010329702869057655, 0.010329702869057655, 0.010329702869057655, 0.010329702869057655, 0.010329702869057655, 0.010329702869057655, 0.010329702869057655, 0.010329702869057655, 0.010329702869057655, 0.010329702869057655, 0.010329702869057655, 0.010329702869057655, 0.0010329702636227012, 0.0010329702636227012, 0.0010329702636227012, 0.0010329702636227012, 0.0010329702636227012, 0.0010329702636227012, 0.0010329702636227012, 0.0010329702636227012, 0.0010329702636227012, 0.0010329702636227012, 0.0010329702636227012, 0.0010329702636227012, 0.0010329702636227012, 0.0010329702636227012, 0.0010329702636227012, 0.0010329702636227012, 0.0010329702636227012, 0.0010329702636227012, 0.0010329702636227012, 0.0010329702636227012, 0.0010329702636227012, 0.0010329702636227012, 0.0010329702636227012, 0.0010329702636227012, 0.0010329702636227012, 0.0010329702636227012, 0.0010329702636227012, 0.0010329702636227012, 0.0010329702636227012, 0.0010329702636227012, 0.0010329702636227012, 0.0010329702636227012, 0.0010329702636227012, 0.0010329702636227012, 0.0010329702636227012, 0.0010329702636227012, 0.0010329702636227012, 0.0001032970249070786, 0.0001032970249070786, 0.0001032970249070786, 0.0001032970249070786, 0.0001032970249070786, 0.0001032970249070786, 0.0001032970249070786, 0.0001032970249070786, 0.0001032970249070786, 0.0001032970249070786, 0.0001032970249070786, 0.0001032970249070786, 0.0001032970249070786, 0.0001032970249070786, 0.0001032970249070786, 0.0001032970249070786, 0.0001032970249070786, 0.0001032970249070786, 0.0001032970249070786, 0.0001032970249070786, 0.0001032970249070786, 0.0001032970249070786, 1.032970249070786e-05, 1.032970249070786e-05, 1.032970249070786e-05, 1.032970249070786e-05, 1.032970249070786e-05, 1.032970249070786e-05, 1.032970249070786e-05, 1.032970249070786e-05, 1.032970249070786e-05, 1.032970249070786e-05, 1.0329702035960509e-06, 1.0329702035960509e-06, 1.0329702035960509e-06, 1.0329702035960509e-06, 1.0329702035960509e-06]}