{"n_parameters": 117922, "training_time": 3.591853141784668, "loss": [7.589204788208008, 1.3787477016448975, 1.0191707611083984, 0.9053207039833069, 0.8703329563140869, 0.8412310481071472, 0.8122264742851257, 0.7822520732879639, 0.7495883703231812, 0.7136150002479553, 0.6727040410041809, 0.6205439567565918, 0.5535703301429749, 0.4712746739387512, 0.36885449290275574, 0.24554504454135895, 0.0956321507692337, -0.085149846971035, -0.272129625082016, -0.4911862909793854, -0.6625972986221313, -0.7335825562477112, -0.6566664576530457, -0.4131227731704712, -0.10482729226350784, -0.5122470259666443, -0.7534863352775574, -0.8358887434005737, -0.9788869023323059, -1.0431290864944458, -1.0705057382583618, -0.775858998298645, -1.1584153175354004, -1.1977574825286865, -0.9743537902832031, -0.3605060577392578, -0.517983615398407, -0.7366397976875305, -1.0099239349365234, -1.222654938697815, -1.1663248538970947, -1.1179054975509644, -1.2318886518478394, -1.3204354047775269, -1.2953190803527832, -1.3341046571731567, -1.241227626800537, -1.2437225580215454, -1.4141796827316284, -1.231406569480896, 1.4513901472091675, -0.16016751527786255, -1.0127936601638794, -1.162952184677124, -1.2109386920928955, -1.3824563026428223, -1.438477873802185, -1.4735318422317505, -1.4777307510375977, -1.4807184934616089, -1.4827985763549805, -1.4863697290420532, -1.4883718490600586, -1.491353154182434, -1.492331624031067, -1.4953066110610962, -1.4992352724075317, -1.5021761655807495, -1.503928780555725, -1.5068668127059937, -1.5087342262268066, -1.5124847888946533, -1.5160237550735474, -1.516626238822937, -1.5206761360168457, -1.5232332944869995, -1.5275646448135376, -1.5299087762832642, -1.5329898595809937, -1.532759189605713, -1.5387104749679565, -1.5429761409759521, -1.5448267459869385, -1.5470813512802124, -1.5509364604949951, -1.5536110401153564, -1.5594940185546875, -1.5599743127822876, -1.5635223388671875, -1.5689626932144165, -1.5713878870010376, -1.5730961561203003, -1.5795801877975464, -1.5813794136047363, -1.5859349966049194, -1.590598464012146, -1.5913535356521606, -1.5945079326629639, -1.60331392288208, -1.6061185598373413, -1.6068954467773438, -1.611990213394165, -1.616377830505371, -1.6213101148605347, -1.626702070236206, -1.6278102397918701, -1.6354420185089111, -1.6399084329605103, -1.6425116062164307, -1.6500920057296753, -1.6534812450408936, -1.653301477432251, -1.6647599935531616, -1.6669063568115234, -1.6758346557617188, -1.6755081415176392, -1.6750553846359253, -1.6855878829956055, -1.6888834238052368, -1.6852478981018066, -1.6714543104171753, -1.6757525205612183, -1.6765813827514648, -1.7015564441680908, -1.7059152126312256, -1.7256875038146973, -1.7355122566223145, -1.7393490076065063, -1.7390000820159912, -1.7539154291152954, -1.76492440700531, -1.7656341791152954, -1.7664862871170044, -1.7656705379486084, -1.7773311138153076, -1.778196930885315, -1.7828030586242676, -1.7445611953735352, -1.7576192617416382, -1.780470371246338, -1.8173991441726685, -1.8213376998901367, -1.7969045639038086, -1.838576316833496, -1.855782151222229, -1.8514949083328247, -1.84775972366333, -1.8497875928878784, -1.8746943473815918, -1.8819669485092163, -1.8682795763015747, -1.902234673500061, -1.8941490650177002, -1.9150173664093018, -1.8810169696807861, -1.9388684034347534, -1.904751181602478, -1.9190322160720825, -1.9192808866500854, -1.9127395153045654, -1.8587177991867065, -1.9411062002182007, -1.9619247913360596, -1.9719327688217163, -1.973461627960205, -1.9949272871017456, -2.0131380558013916, -2.005850315093994, -2.0027458667755127, -1.9643769264221191, -2.026499032974243, -2.0250308513641357, -2.056117057800293, -2.0514655113220215, -1.9708871841430664, -2.0113117694854736, -2.08790922164917, -2.0910966396331787, -2.0566508769989014, -2.074862480163574, -2.0834412574768066, -2.116302728652954, -2.1327621936798096, -2.102104425430298, -2.07639741897583, -1.9866595268249512, -1.9616652727127075, -2.1173107624053955, -2.137242555618286, -2.1832971572875977, -2.1844289302825928, -2.1783456802368164, -2.1902754306793213, -2.117548942565918, -2.1893887519836426, -2.1699941158294678, -2.168215751647949, -2.1777515411376953, -2.2388243675231934, -2.240631103515625],