{"n_parameters": 115730, "training_time": 1.2604568004608154, "loss": [3.9467363357543945, 0.7662449479103088, 0.5906741619110107, 0.5335401296615601, 0.665241003036499, 0.21027562022209167, 0.04130937531590462, 0.6579663753509521, -0.04524433985352516, -0.15425129234790802, 0.900141716003418, -0.06930210441350937, -0.21354515850543976, 0.35307517647743225, -0.27512598037719727, -0.267025887966156, -0.3486792743206024, 0.2532963156700134, -0.44025301933288574, -0.669653594493866, 1.7910209894180298, -0.021320851519703865, -0.03696780279278755, -0.13099484145641327, -0.25700968503952026, -0.41625577211380005, -0.6243062615394592, 0.055582061409950256, -0.6227549314498901, -0.6953608393669128, -0.9208398461341858, 0.9533390998840332, -0.4185791611671448, -0.43672120571136475, -0.45477601885795593, -0.4744330644607544, -0.49507981538772583, -0.5167169570922852, -0.5388726592063904, -0.5627717971801758, -0.5876386761665344, -0.6135470867156982, -0.640927255153656], "val_loss": [1.1205978393554688, 0.6745776534080505, 0.5260737538337708, 0.2393960952758789, 0.2320093959569931, 0.09305217117071152, 0.6003747582435608, 0.0005292010609991848, -0.12505896389484406, 3.6158394813537598, -0.0430123470723629, -0.13175031542778015, -0.3162902295589447, -0.31228139996528625, 1.4190361499786377, -0.4767702519893646, 4.33312463760376, -0.3609452545642853, -0.5328223705291748, -0.818416178226471, -0.07925450801849365, -0.011620613746345043, -0.08091878890991211, -0.19100221991539001, -0.3326796889305115, -0.5161969065666199, -0.7534231543540955, -0.44492992758750916, -0.6053833961486816, -0.7910318374633789, -0.7875997424125671, -0.37511566281318665, -0.4233284592628479, -0.438241183757782, -0.45505470037460327, -0.47783464193344116, -0.49815988540649414, -0.5199159383773804, -0.5427911877632141, -0.5658204555511475, -0.5908361077308655, -0.6165557503700256, -0.6451805233955383], "lr": [0.00349140795879066, 0.00349140795879066, 0.00349140795879066, 0.00349140795879066, 0.00349140795879066, 0.00349140795879066, 0.00349140795879066, 0.00349140795879066, 0.00349140795879066, 0.00349140795879066, 0.00349140795879066, 0.00349140795879066, 0.00349140795879066, 0.00349140795879066, 0.00349140795879066, 0.00349140795879066, 0.00349140795879066, 0.00349140795879066, 0.00349140795879066, 0.00349140795879066, 0.00349140795879066, 0.00349140795879066, 0.00349140795879066, 0.00349140795879066, 0.00349140795879066, 0.00349140795879066, 0.00349140795879066, 0.00349140795879066, 0.00349140795879066, 0.00349140795879066, 0.00349140795879066, 0.00349140795879066, 0.0003491407842375338, 0.0003491407842375338, 0.0003491407842375338, 0.0003491407842375338, 0.0003491407842375338, 0.0003491407842375338, 0.0003491407842375338, 0.0003491407842375338, 0.0003491407842375338, 0.0003491407842375338, 0.0003491407842375338]}