{"n_parameters": 39858, "training_time": 2.306542158126831, "loss": [0.848300576210022, 0.638459324836731, 0.5389201045036316, 0.47629374265670776, 0.41554614901542664, 0.34121161699295044, 0.23749572038650513, 0.09003893285989761, -0.13895751535892487, -0.36778461933135986, -0.2455047070980072, -0.16945567727088928, -0.5877388715744019, -0.6623761653900146, -0.25408264994621277, -0.34809666872024536, -0.6498512625694275, -0.7712734937667847, -0.8627215623855591, -0.9411075115203857, -0.9578572511672974, -0.762294590473175, -0.41859865188598633, -0.592195451259613, -0.8556615114212036, -1.0294206142425537, -0.7162717580795288, -0.27299177646636963, -0.8961223363876343, -1.018010139465332, -1.0913143157958984, -1.1526734828948975, -1.130549430847168, -1.0230655670166016, -1.1276143789291382, -1.1449180841445923, -1.2984017133712769, -1.2624468803405762, -1.3661423921585083, -1.0390393733978271, -0.9221565127372742, -0.9685397744178772, -0.9963274002075195, -1.1973415613174438, -1.3687596321105957, -0.9512972235679626, -1.3339035511016846, -1.3929476737976074, -1.072677493095398, -0.5100654363632202, -0.7112336754798889, -1.1614965200424194, -1.2263505458831787, -1.3909374475479126, -1.4614003896713257, -1.567653775215149, -1.6086459159851074, -1.6401968002319336, -1.1031841039657593, -0.9826897382736206, -0.5570525527000427, -0.7835459113121033, -1.3209903240203857, -1.367472767829895, -1.463679552078247, -1.5741560459136963, -1.6828584671020508, -1.7782918214797974, -1.869448184967041, -1.659424901008606, -0.29741576313972473, -0.14239561557769775, -1.1352603435516357, -1.389784336090088, -1.4706089496612549, -1.5652555227279663, -1.6411700248718262, -1.7410824298858643, -1.8310796022415161, -1.9105174541473389, -1.0183820724487305, -0.60381680727005, -1.5268937349319458, -1.628633975982666, -1.6911556720733643, -1.6303341388702393, -1.6609442234039307, -1.5853915214538574, -0.7877798080444336, -1.7565163373947144, -1.8139389753341675, -1.8953192234039307, -1.9825714826583862, -2.0237343311309814, -2.064664125442505, -2.0977015495300293, 0.5838096141815186, -0.02200314775109291, -1.0099440813064575, -1.4997807741165161, -1.6338273286819458, -1.7312006950378418, -1.7834075689315796, -1.843651533126831, -1.9020017385482788, -1.9568370580673218, -2.010648012161255, -2.047302722930908, -2.0563161373138428, -2.062274217605591, -2.068081855773926, -2.073906421661377, -2.079998254776001, -2.086177110671997, -2.0921733379364014, -2.0980467796325684, -2.1042211055755615, -2.1103508472442627, -2.1164491176605225, -2.1221487522125244, -2.130272388458252, -2.1370134353637695, -2.1435184478759766, -2.150752067565918, -2.1561696529388428, -2.163623332977295, -2.169816255569458, -2.178709030151367, -2.1851580142974854, -2.1945974826812744, -2.201585292816162, -2.2091050148010254, -2.2176496982574463, -2.2271370887756348, -2.2350242137908936, -2.243222713470459, -2.251627206802368, -2.26096248626709, -2.268106460571289, -2.2767083644866943, -2.287609338760376, -2.2967288494110107, -2.30393648147583, -2.3132481575012207, -2.3248403072357178, -2.3334269523620605, -2.3447682857513428, -2.355095148086548, -2.3648927211761475, -2.372330904006958, -2.373745918273926, -2.395467758178711, -2.4059579372406006, -2.416292667388916, -2.4308531284332275, -2.441409111022949, -2.4511983394622803, -2.455693006515503, -2.4375486373901367, -2.4654603004455566, -2.483786106109619, -2.5061817169189453, -2.5221049785614014, -2.532475471496582, -2.544825792312622, -2.552973747253418, -2.5590109825134277, -2.5494606494903564, -2.5894813537597656, -2.58437180519104, -2.5517306327819824, -2.4533915519714355, -2.585949659347534, -2.6467185020446777, -2.6689727306365967, -2.6845455169677734, -2.6871297359466553, -2.7125892639160156, -2.7285208702087402, -2.6828746795654297, -2.672111749649048, -2.6323699951171875, -2.6050546169281006, -2.582820177078247, -2.7575888633728027, -2.780696153640747, -2.7907214164733887, -2.799083709716797, -2.8008275032043457, -2.803591012954712, -2.804354190826416, -2.806368827819824, -2.808910369873047, -2.810840129852295, -2.812221050262451],