{"n_parameters": 34402, "training_time": 1.5130119323730469, "loss": [1.6876240968704224, 1.0265008211135864, 0.9886465668678284, 0.8476582765579224, 0.878258466720581, 0.6864297389984131, 0.7321521639823914, 0.45730605721473694, 0.5335953831672668, 0.4369683563709259, 0.4621826410293579, 0.20527441799640656, 0.4450734555721283, 0.3744884133338928, 0.5468848347663879, -0.03852210193872452, 0.23276343941688538, 0.3127548396587372, 0.09896882623434067, 0.050853993743658066, 0.9413560628890991, -0.2448524385690689, -0.10944642126560211, 0.1437869518995285, -0.04773997142910957, 0.060780759900808334, 0.03128243237733841, 0.01723889261484146, -0.029144588857889175, -0.06547469645738602, 0.061692193150520325, -0.1765306293964386, -0.010105257853865623, -0.3691485822200775, -0.09473622590303421, -0.2527349293231964, -0.26275381445884705, -0.2681281268596649, -0.0384870246052742, -0.34971699118614197, -0.2235756516456604, -0.4568108916282654, -0.10193557292222977, -0.3545839786529541, -0.0665602833032608, -0.5768163204193115, -0.2543574273586273, -0.39093005657196045, 0.09276419878005981, -0.41839107871055603, -0.6009263396263123, -0.27245476841926575, -0.44872745871543884, -0.3827688694000244, -0.44729146361351013, -0.4494645893573761, -0.36244064569473267, -0.5020233392715454, 0.3181683421134949, -0.19194895029067993, -0.290934681892395, -0.5722785592079163, -0.6029325127601624, -0.3977629840373993, -0.2571657598018646, -0.7513856291770935, -0.46923020482063293, -0.49118736386299133, -0.38497111201286316, -0.5253602266311646, -0.9694730639457703, -1.1490269899368286, -1.3600355386734009, -1.5979983806610107, -1.7750277519226074, -1.9181137084960938, -1.9998042583465576, -1.9189695119857788, -2.1539275646209717, -1.997487187385559, -2.2701940536499023, -2.0670888423919678, -2.0864620208740234, -2.249532461166382, -2.255526304244995, -2.1658999919891357, -2.093198776245117, -2.402971029281616, -2.110374689102173, -2.221839427947998, -2.36531400680542, -2.2080798149108887, -2.3029682636260986, -2.194375991821289, -2.6451303958892822, -2.6715610027313232, -2.689471483230591, -2.7125813961029053, -2.7417755126953125, -2.7473697662353516, -2.780967950820923, -2.8114683628082275, -2.8248372077941895, -2.8436126708984375, -2.8607118129730225, -2.8776917457580566, -2.8955202102661133, -2.9159419536590576, -2.918121099472046, -2.921947956085205, -2.9233875274658203, -2.9261837005615234, -2.9275622367858887, -2.9306321144104004, -2.9329073429107666, -2.934109687805176, -2.937821865081787, -2.938068389892578, -2.938364028930664, -2.9385602474212646], "val_loss": [1.5071587562561035, 1.6908706426620483, 0.6034811735153198, 0.9504748582839966, 0.4369847774505615, 0.39192068576812744, 1.2587815523147583, 0.2410556524991989, 0.4887593388557434, 0.1904255449771881, 0.13370777666568756, 1.1808404922485352, -0.06316834688186646, -0.23078380525112152, -0.009841209277510643, -0.2841683626174927, -0.2601771354675293, -0.22645115852355957, -0.13088823854923248, -0.15094898641109467, -0.21883787214756012, -0.2837652266025543, -0.35523250699043274, -0.3293469250202179, -0.25169575214385986, 0.067641481757164, -0.4137481153011322, -0.5540876388549805, 0.04610133916139603, -0.21050961315631866, -0.42766863107681274, 0.5288564562797546, -0.05654747784137726, -0.07909608632326126, -0.4569518268108368, 0.7046261429786682, -0.49633803963661194, -0.55836021900177, -0.6147483587265015, -0.39965200424194336, -0.44316864013671875, -0.2504569888114929, 0.59747314453125, -0.6196553707122803, -0.6403775215148926, -0.33464714884757996, -0.45008131861686707, -0.5701172351837158, -0.5468211770057678, -0.6144412159919739, -0.33855023980140686, -0.600619375705719, -0.01258010696619749, -0.8038111925125122, -0.8457592129707336, 0.237004354596138, -0.4066597819328308, 6.769261837005615, -0.8886978030204773, -1.0000030994415283, -0.7176505923271179, 0.2744751572608948, -0.5735292434692383, -0.18979689478874207, -0.6314287781715393, -0.3639566898345947, -0.8330880999565125, -0.7658253908157349, -0.5807972550392151, -0.8091986179351807, -1.0024993419647217, -1.1552850008010864, -1.4214189052581787, -1.5272456407546997, -1.7924062013626099, -1.8541885614395142, -0.9663663506507874, -1.6784213781356812, -1.5562503337860107, -1.874466061592102, -1.460641622543335, -1.8359370231628418, -1.9985651969909668, -2.026432752609253, -2.0254721641540527, -1.9380714893341064, -1.9954206943511963, -2.0059707164764404, -1.8660539388656616, -2.012287139892578, -1.4227694272994995, -1.7996978759765625, -1.917624592781067, -1.974382758140564, -2.053562879562378, -2.0591495037078857, -2.0337932109832764, -2.0322530269622803, -1.9889813661575317, -2.0011744499206543, -2.007352113723755, -1.948473334312439, -1.95881986618042, -1.8941676616668701, -1.922902226448059, -1.8298190832138062, -1.8924376964569092, -1.89751136302948, -1.9033302068710327, -1.8981224298477173, -1.9009157419204712, -1.8970577716827393, -1.8955943584442139, -1.8910846710205078, -1.895018219947815, -1.884169340133667, -1.8843872547149658, -1.8846912384033203, -1.8845508098602295, -1.884683609008789], "lr": [0.007911083288490772, 0.007911083288490772, 0.007911083288490772, 0.007911083288490772, 0.007911083288490772, 0.007911083288490772, 0.007911083288490772, 0.007911083288490772, 0.007911083288490772, 0.007911083288490772, 0.007911083288490772, 0.007911083288490772, 0.007911083288490772, 0.007911083288490772, 0.007911083288490772, 0.007911083288490772, 0.007911083288490772, 0.007911083288490772, 0.007911083288490772, 0.007911083288490772, 0.007911083288490772, 0.007911083288490772, 0.007911083288490772, 0.007911083288490772, 0.007911083288490772, 0.007911083288490772, 0.007911083288490772, 0.007911083288490772, 0.007911083288490772, 0.007911083288490772, 0.007911083288490772, 0.007911083288490772, 0.007911083288490772, 0.007911083288490772, 0.007911083288490772, 0.007911083288490772, 0.007911083288490772, 0.007911083288490772, 0.007911083288490772, 0.007911083288490772, 0.007911083288490772, 0.007911083288490772, 0.007911083288490772, 0.007911083288490772, 0.007911083288490772, 0.007911083288490772, 0.007911083288490772, 0.007911083288490772, 0.007911083288490772, 0.007911083288490772, 0.007911083288490772, 0.007911083288490772, 0.007911083288490772, 0.007911083288490772, 0.007911083288490772, 0.007911083288490772, 0.007911083288490772, 0.007911083288490772, 0.007911083288490772, 0.007911083288490772, 0.007911083288490772, 0.007911083288490772, 0.007911083288490772, 0.007911083288490772, 0.007911083288490772, 0.007911083288490772, 0.007911083288490772, 0.007911083288490772, 0.007911083288490772, 0.007911083288490772, 0.0007911083521321416, 0.0007911083521321416, 0.0007911083521321416, 0.0007911083521321416, 0.0007911083521321416, 0.0007911083521321416, 0.0007911083521321416, 0.0007911083521321416, 0.0007911083521321416, 0.0007911083521321416, 0.0007911083521321416, 0.0007911083521321416, 0.0007911083521321416, 0.0007911083521321416, 0.0007911083521321416, 0.0007911083521321416, 0.0007911083521321416, 0.0007911083521321416, 0.0007911083521321416, 0.0007911083521321416, 0.0007911083521321416, 0.0007911083521321416, 0.0007911083521321416, 0.0007911083521321416, 7.911083230283111e-05, 7.911083230283111e-05, 7.911083230283111e-05, 7.911083230283111e-05, 7.911083230283111e-05, 7.911083230283111e-05, 7.911083230283111e-05, 7.911083230283111e-05, 7.911083230283111e-05, 7.911083230283111e-05, 7.911083230283111e-05, 7.911083230283111e-05, 7.911083230283111e-06, 7.911083230283111e-06, 7.911083230283111e-06, 7.911083230283111e-06, 7.911083230283111e-06, 7.911083230283111e-06, 7.911083230283111e-06, 7.911083230283111e-06, 7.911083230283111e-06, 7.911083230283111e-06, 7.911083343969949e-07, 7.911083343969949e-07, 7.911083343969949e-07, 7.911083343969949e-07]}