{"n_parameters": 76914, "training_time": 1.4289259910583496, "loss": [3.8952813148498535, 0.6732231378555298, 0.6350211501121521, 0.5470373630523682, 0.46735039353370667, 0.39154982566833496, 0.26157382130622864, 0.973085880279541, 0.1857292652130127, 0.07697270065546036, 0.5915457606315613, 0.09828931093215942, 0.01118690799921751, 0.5483499765396118, -0.13917243480682373, -0.027123374864459038, 0.5783590078353882, -0.13475358486175537, -0.2930954694747925, 0.6815506219863892, 1.1062917709350586, 0.18308572471141815, 0.12766234576702118, 0.033292464911937714, -0.17205895483493805, -0.15887412428855896, -0.6365354061126709, 2.080955982208252, -0.1763770878314972, -0.19003917276859283, -0.29203367233276367, -0.11754506826400757, -0.4712391197681427, -0.6245628595352173, -0.8098886609077454, 0.04651440307497978, -0.7096899747848511, -0.8533650636672974, -1.0586352348327637, 0.9847167134284973, -0.543923020362854, -0.5819042325019836, -0.6985097527503967, -0.8523660898208618, -0.8538851141929626, -0.13274770975112915, -1.005415916442871, -1.0997051000595093, -0.9639478921890259, 0.36574336886405945, -0.821547269821167, -0.9300031661987305, -0.9901171922683716, -1.3001023530960083, 0.5386168360710144, -0.9299269914627075, -0.9281924366950989, -1.073335886001587, -1.2786275148391724, 0.5390132665634155, -0.9107387661933899, -0.8789110779762268, -1.0257712602615356, -1.2082574367523193, -0.9075064063072205, 3.6772775650024414, -0.19711704552173615, -0.14873935282230377, -0.2034340649843216, -0.3208328187465668, -0.48044994473457336, -0.7193210124969482, -0.7798640727996826, -0.8442219495773315, -0.9103736877441406, -0.9784541130065918, -1.0520367622375488, -1.126103401184082, -1.1832503080368042, -1.2676215171813965, -1.3445241451263428], "val_loss": [0.6941148638725281, 0.651135265827179, 0.5876583456993103, 0.5093775391578674, 0.41206154227256775, 0.2915314733982086, 1.3976308107376099, 0.21846094727516174, 0.16330905258655548, 0.024331863969564438, 0.5597801804542542, 0.03144977241754532, 1.8060232400894165, -0.07233760505914688, -0.2287360280752182, 4.570071697235107, -0.1008608415722847, -0.21182414889335632, -0.4225216507911682, 11.30741024017334, 0.14927873015403748, 0.145244762301445, 0.08396603167057037, -0.09977727383375168, 0.998037576675415, -0.4927205741405487, 5.204996585845947, -0.21522361040115356, -0.15751774609088898, -0.23946043848991394, -0.36249327659606934, -0.4236365258693695, -0.5479121804237366, -0.706222414970398, -0.8961007595062256, -0.4812203049659729, -0.7898285984992981, -0.913419246673584, -1.1892362833023071, -0.35868406295776367, -0.5731960535049438, -0.6542807817459106, -0.8154587149620056, -0.9499855637550354, -1.134696125984192, -0.9957950115203857, -1.0174241065979004, -1.196244239807129, 11.628458976745605, -0.8506042957305908, -0.8827791810035706, -1.0288872718811035, -1.1846574544906616, -1.401138186454773, -1.0331557989120483, -0.8978735208511353, -0.9923609495162964, -1.1328843832015991, -1.4044028520584106, -1.0245232582092285, -0.833042562007904, -0.9575764536857605, -1.1104443073272705, -1.317183017730713, 19.67900276184082, -0.19608286023139954, -0.14623770117759705, -0.16734591126441956, -0.2501124143600464, -0.4490949809551239, -0.6991154551506042, -0.7524541020393372, -0.8201703429222107, -0.886562168598175, -0.9527052640914917, -1.0239036083221436, -1.0919451713562012, -1.1126877069473267, -1.2411249876022339, -1.3184177875518799, -1.3423736095428467], "lr": [0.003983925562351942, 0.003983925562351942, 0.003983925562351942, 0.003983925562351942, 0.003983925562351942, 0.003983925562351942, 0.003983925562351942, 0.003983925562351942, 0.003983925562351942, 0.003983925562351942, 0.003983925562351942, 0.003983925562351942, 0.003983925562351942, 0.003983925562351942, 0.003983925562351942, 0.003983925562351942, 0.003983925562351942, 0.003983925562351942, 0.003983925562351942, 0.003983925562351942, 0.003983925562351942, 0.003983925562351942, 0.003983925562351942, 0.003983925562351942, 0.003983925562351942, 0.003983925562351942, 0.003983925562351942, 0.003983925562351942, 0.003983925562351942, 0.003983925562351942, 0.003983925562351942, 0.003983925562351942, 0.003983925562351942, 0.003983925562351942, 0.003983925562351942, 0.003983925562351942, 0.003983925562351942, 0.003983925562351942, 0.003983925562351942, 0.003983925562351942, 0.003983925562351942, 0.003983925562351942, 0.003983925562351942, 0.003983925562351942, 0.003983925562351942, 0.003983925562351942, 0.003983925562351942, 0.003983925562351942, 0.003983925562351942, 0.003983925562351942, 0.003983925562351942, 0.003983925562351942, 0.003983925562351942, 0.003983925562351942, 0.003983925562351942, 0.003983925562351942, 0.003983925562351942, 0.003983925562351942, 0.003983925562351942, 0.003983925562351942, 0.003983925562351942, 0.003983925562351942, 0.003983925562351942, 0.003983925562351942, 0.003983925562351942, 0.003983925562351942, 0.003983925562351942, 0.003983925562351942, 0.003983925562351942, 0.003983925562351942, 0.003983925562351942, 0.0003983925562351942, 0.0003983925562351942, 0.0003983925562351942, 0.0003983925562351942, 0.0003983925562351942, 0.0003983925562351942, 0.0003983925562351942, 0.0003983925562351942, 0.0003983925562351942, 0.0003983925562351942]}