{"n_parameters": 72354, "training_time": 1.6343629360198975, "loss": [4.504042625427246, 0.6051040887832642, 0.5578117370605469, 0.5795373320579529, 0.4176225960254669, 0.7559689879417419, 0.19770652055740356, 0.026809515431523323, 0.8116577863693237, -0.07352711260318756, -0.06072114035487175, -0.18483947217464447, -0.047948043793439865, 0.013306954875588417, -0.11888621747493744, 0.04998515918850899, -0.16795514523983002, -0.09967291355133057, -0.04945586994290352, -0.06408100575208664, 0.023806177079677582, 2.2060532569885254, -0.3248012065887451, -0.2700856328010559, -0.014321000315248966, -0.06009967252612114, 0.53740394115448, -0.19339731335639954, 0.03698965162038803, -0.10485921800136566, -0.47196221351623535, 0.32960137724876404, 1.0402681827545166, -0.07080844044685364, -0.496661514043808, -0.5710187554359436, -0.7226919531822205, -0.9664696455001831, -1.1932679414749146, -1.284975528717041, -1.4502283334732056, -1.5021965503692627, -1.582023024559021, -1.496457576751709, -1.6042485237121582, -1.7654402256011963, -1.6506422758102417, -1.7146111726760864, -1.726682424545288, -1.7148734331130981, -1.6132092475891113, -1.6717126369476318, -1.7966766357421875, -1.6930155754089355, -1.687842607498169, -1.718220829963684, -1.6310259103775024, -1.7624622583389282, -1.859401822090149, -1.5307799577713013, -1.6769452095031738, -1.7852357625961304, -2.019911527633667, -2.039433002471924, -2.0600149631500244, -2.0692379474639893, -2.0941662788391113, -2.0983035564422607, -2.115265369415283, -2.1355152130126953, -2.1520912647247314, -2.1489779949188232, -2.1626675128936768, -2.181457042694092, -2.1809375286102295, -2.203162908554077, -2.197119951248169, -2.203125238418579, -2.2373697757720947, -2.2428746223449707, -2.2437543869018555, -2.244107484817505, -2.246389865875244, -2.247995138168335, -2.248215436935425, -2.2494890689849854, -2.2500882148742676, -2.2519969940185547, -2.254584312438965, -2.2546770572662354, -2.2548577785491943], "val_loss": [0.6190670728683472, 0.5727012753486633, 0.5940694212913513, 0.6530234217643738, 0.5617488026618958, 0.2144455760717392, 0.19438999891281128, 0.4633984863758087, -0.02948657050728798, -0.2658718526363373, -0.3352487087249756, -0.4607391655445099, -0.3938433825969696, -0.48901286721229553, -0.38766032457351685, -0.23900099098682404, -0.4228942096233368, 0.39588475227355957, -0.3741571009159088, -0.5229396224021912, 38.68194580078125, -0.3438284993171692, -0.5321617126464844, -0.6975703835487366, -0.5935090184211731, 0.20919154584407806, 2.1610100269317627, 6.14379358291626, 3.232228994369507, -0.41893601417541504, -0.4545520544052124, -0.6365304589271545, -0.4632822573184967, -0.4749957025051117, -0.5253921747207642, -0.6361231207847595, -0.8440372347831726, -1.1430054903030396, -1.3833054304122925, -1.4986730813980103, -1.4016209840774536, -1.6732065677642822, -1.7061614990234375, -1.718136191368103, -1.7471562623977661, -1.5658403635025024, -1.5351016521453857, -1.79468834400177, -1.820204257965088, -1.7806264162063599, -1.7875211238861084, -1.8453285694122314, -1.7839711904525757, -1.703039288520813, -1.2871414422988892, -1.7547816038131714, -1.8313435316085815, -1.69634211063385, 0.34771469235420227, -1.748770833015442, -1.495845079421997, -1.8183432817459106, -1.8542426824569702, -1.8619521856307983, -1.8394570350646973, -1.8709157705307007, -1.8813471794128418, -1.9036785364151, -1.884489893913269, -1.8644702434539795, -1.9034658670425415, -1.7965989112854004, -1.8904340267181396, -1.8428003787994385, -1.8461724519729614, -1.8806867599487305, -1.8185453414916992, -1.8638614416122437, -1.8456405401229858, -1.8395171165466309, -1.8349899053573608, -1.8371546268463135, -1.8367425203323364, -1.8311444520950317, -1.8361356258392334, -1.833925485610962, -1.8304884433746338, -1.824325442314148, -1.8247464895248413, -1.824773907661438, -1.824483036994934], "lr": [0.0041228835470974445, 0.0041228835470974445, 0.0041228835470974445, 0.0041228835470974445, 0.0041228835470974445, 0.0041228835470974445, 0.0041228835470974445, 0.0041228835470974445, 0.0041228835470974445, 0.0041228835470974445, 0.0041228835470974445, 0.0041228835470974445, 0.0041228835470974445, 0.0041228835470974445, 0.0041228835470974445, 0.0041228835470974445, 0.0041228835470974445, 0.0041228835470974445, 0.0041228835470974445, 0.0041228835470974445, 0.0041228835470974445, 0.0041228835470974445, 0.0041228835470974445, 0.0041228835470974445, 0.0041228835470974445, 0.0041228835470974445, 0.0041228835470974445, 0.0041228835470974445, 0.0041228835470974445, 0.0041228835470974445, 0.0041228835470974445, 0.0041228835470974445, 0.0041228835470974445, 0.0041228835470974445, 0.00041228835470974445, 0.00041228835470974445, 0.00041228835470974445, 0.00041228835470974445, 0.00041228835470974445, 0.00041228835470974445, 0.00041228835470974445, 0.00041228835470974445, 0.00041228835470974445, 0.00041228835470974445, 0.00041228835470974445, 0.00041228835470974445, 0.00041228835470974445, 0.00041228835470974445, 0.00041228835470974445, 0.00041228835470974445, 0.00041228835470974445, 0.00041228835470974445, 0.00041228835470974445, 0.00041228835470974445, 0.00041228835470974445, 0.00041228835470974445, 0.00041228835470974445, 0.00041228835470974445, 0.00041228835470974445, 0.00041228835470974445, 0.00041228835470974445, 0.00041228835470974445, 4.1228835470974445e-05, 4.1228835470974445e-05, 4.1228835470974445e-05, 4.1228835470974445e-05, 4.1228835470974445e-05, 4.1228835470974445e-05, 4.1228835470974445e-05, 4.1228835470974445e-05, 4.1228835470974445e-05, 4.1228835470974445e-05, 4.1228835470974445e-05, 4.1228835470974445e-05, 4.1228835470974445e-05, 4.1228835470974445e-05, 4.1228835470974445e-05, 4.1228835470974445e-05, 4.122883638046915e-06, 4.122883638046915e-06, 4.122883638046915e-06, 4.122883638046915e-06, 4.122883638046915e-06, 4.122883638046915e-06, 4.122883638046915e-06, 4.122883638046915e-06, 4.122883638046915e-06, 4.122883638046915e-06, 4.122883581203496e-07, 4.122883581203496e-07, 4.122883581203496e-07]}