{"n_parameters": 60130, "training_time": 1.2035272121429443, "loss": [5.0755414962768555, 0.972131609916687, 0.9161380529403687, 0.7708940505981445, 0.587984561920166, 2.1764168739318848, 0.7014867067337036, 0.605221152305603, 0.4467480182647705, 1.712767481803894, 0.6540435552597046, 0.4894299805164337, 0.3550777733325958, 0.33049654960632324, 1.4528367519378662, 0.3332805931568146, 0.20612475275993347, 0.13480491936206818, 1.6996394395828247, 0.29984429478645325, 0.19076450169086456, 0.007381151895970106, 1.834693193435669, 0.3017454445362091, 0.21214035153388977, -0.01390819251537323, 0.6785815954208374, -0.011369562707841396, -0.15449698269367218, -0.37518563866615295, 1.5952874422073364, 0.05292194336652756, -0.09800413250923157, -0.3265460729598999, 1.3844630718231201, -0.04221401736140251, -0.0985240489244461, -0.27766236662864685, -0.4925764501094818, 1.6964309215545654, -0.05047294870018959, -0.1493062525987625, -0.37240472435951233, 0.8188231587409973, -0.25361692905426025, -0.2948134243488312, -0.4719216823577881, -0.679437518119812, 1.9098118543624878, -0.009212473407387733, -0.11512203514575958, -0.28598156571388245, -0.532798171043396, 3.8413357734680176, 0.3018219470977783, 0.11832334101200104, -0.05346411094069481, -0.27581021189689636, 0.8284288048744202, 0.10223110765218735, 0.022163286805152893, -0.0151969650760293, -0.042146530002355576, -0.061418503522872925, -0.07990920543670654, -0.09849902242422104, -0.11725462973117828, -0.13729575276374817, -0.1587289571762085, -0.17931292951107025, -0.20115149021148682], "val_loss": [0.9450541734695435, 0.9617995619773865, 0.850170373916626, 0.6786500215530396, 0.500044584274292, 0.7068773508071899, 0.6621447801589966, 0.5291463136672974, 0.3827309310436249, 1.068727970123291, 0.5264440178871155, 0.4228495955467224, 0.25913166999816895, 1.1917654275894165, 0.3699702322483063, 0.2906346619129181, 0.1140022724866867, 0.6397801041603088, 0.2885377109050751, 0.2522933781147003, 0.10123574733734131, -0.11256325989961624, 0.3696582019329071, 0.2934754192829132, 0.11105521023273468, -0.16663873195648193, -0.015303383581340313, -0.05785509943962097, -0.2809220850467682, 1.8284333944320679, 0.07133904099464417, -0.0076875993981957436, -0.20665092766284943, -0.45876699686050415, -0.11161410808563232, -0.037712473422288895, -0.17947570979595184, -0.39279815554618835, -0.5759726166725159, -0.1386033296585083, -0.07998178899288177, -0.2534668445587158, -0.519790768623352, -0.3476327359676361, -0.24066682159900665, -0.3769393265247345, -0.5741435885429382, -0.8077803254127502, 0.26055869460105896, -0.08391838520765305, -0.199223592877388, -0.4137495756149292, -0.692362368106842, 0.4481290876865387, 0.16336868703365326, 0.02633029967546463, -0.17186884582042694, -0.357277512550354, 0.39410290122032166, 0.038665562868118286, 0.0011379929492250085, -0.031162375584244728, -0.05173273757100105, -0.06980463117361069, -0.08751760423183441, -0.10694708675146103, -0.12622615694999695, -0.14585758745670319, -0.16739508509635925, -0.18889790773391724, -0.21123214066028595], "lr": [0.00401762081310153, 0.00401762081310153, 0.00401762081310153, 0.00401762081310153, 0.00401762081310153, 0.00401762081310153, 0.00401762081310153, 0.00401762081310153, 0.00401762081310153, 0.00401762081310153, 0.00401762081310153, 0.00401762081310153, 0.00401762081310153, 0.00401762081310153, 0.00401762081310153, 0.00401762081310153, 0.00401762081310153, 0.00401762081310153, 0.00401762081310153, 0.00401762081310153, 0.00401762081310153, 0.00401762081310153, 0.00401762081310153, 0.00401762081310153, 0.00401762081310153, 0.00401762081310153, 0.00401762081310153, 0.00401762081310153, 0.00401762081310153, 0.00401762081310153, 0.00401762081310153, 0.00401762081310153, 0.00401762081310153, 0.00401762081310153, 0.00401762081310153, 0.00401762081310153, 0.00401762081310153, 0.00401762081310153, 0.00401762081310153, 0.00401762081310153, 0.00401762081310153, 0.00401762081310153, 0.00401762081310153, 0.00401762081310153, 0.00401762081310153, 0.00401762081310153, 0.00401762081310153, 0.00401762081310153, 0.00401762081310153, 0.00401762081310153, 0.00401762081310153, 0.00401762081310153, 0.00401762081310153, 0.00401762081310153, 0.00401762081310153, 0.00401762081310153, 0.00401762081310153, 0.00401762081310153, 0.00401762081310153, 0.00401762081310153, 0.000401762081310153, 0.000401762081310153, 0.000401762081310153, 0.000401762081310153, 0.000401762081310153, 0.000401762081310153, 0.000401762081310153, 0.000401762081310153, 0.000401762081310153, 0.000401762081310153, 0.000401762081310153]}