{"n_parameters": 60130, "training_time": 2.007830858230591, "loss": [20.97015953063965, 0.5370652079582214, 0.6090834140777588, 0.6852836012840271, 0.5575497150421143, 0.6925180554389954, 0.5557847023010254, 0.6426524519920349, 0.49822884798049927, 0.5037000775337219, 0.564408540725708, 0.37422165274620056, 0.38253411650657654, 0.49571433663368225, 0.3203604221343994, 0.5038186311721802, 0.11777026951313019, 0.25074946880340576, 0.341896653175354, -0.034358520060777664, 0.27993255853652954, 0.1496206521987915, 0.026782823726534843, 0.2020176649093628, -0.1053721159696579, 0.05969462916254997, 0.06107108294963837, 0.036356162279844284, -0.24457964301109314, 0.024634789675474167, 0.07979277521371841, -0.3446542024612427, 0.05822429060935974, -0.15318797528743744, 0.008450102992355824, -0.3083163797855377, -0.12538361549377441, -0.5332810878753662, 0.1800617128610611, -0.4891037344932556, -0.23433928191661835, -0.2111453413963318, -0.25948473811149597, -0.4259098470211029, -0.3402895927429199, -0.43496134877204895, 0.06662200391292572, -0.5738612413406372, -0.4229638874530792, -0.5431534051895142, 0.20746588706970215, -0.6116365194320679, -0.31065645813941956, -0.45628586411476135, -0.37061581015586853, -0.14244981110095978, -0.5229406356811523, -0.49519509077072144, -0.36923229694366455, -0.5106258988380432, -0.4961555302143097, -0.17020083963871002, -0.5444173216819763, -0.5232523083686829, -0.18407800793647766, -0.7746604084968567, -0.44463711977005005, -0.1821117103099823, -0.8952259421348572, 0.05857783183455467, -0.7249625325202942, -0.34246668219566345, -0.489703506231308, -0.6196818351745605, -0.3627287447452545, -0.8276548981666565, -0.07416550815105438, -0.7939937114715576, -0.9430314302444458, 1.4680179357528687, -0.9021645784378052, -0.5098308324813843, -0.5108752250671387, -0.6100907325744629, -0.25194209814071655, -0.945499837398529, -0.2038453221321106, -0.8286593556404114, 0.05675662308931351, -0.7976465225219727, -0.40666690468788147, -0.784830629825592, -0.49365299940109253, -0.8523969650268555, -1.010513424873352, -1.0296560525894165, -1.0459837913513184, -1.0592432022094727, -1.0763169527053833, -1.0790753364562988, -1.1170364618301392, -1.1164215803146362, -1.1374964714050293, -1.1479073762893677, -1.158995509147644, -1.178875207901001, -1.1896533966064453, -1.216913104057312, -1.2236677408218384, -1.2343412637710571, -1.260282039642334, -1.2703496217727661, -1.2778059244155884, -1.3039308786392212, -1.3110580444335938, -1.3272089958190918, -1.3367377519607544, -1.336927890777588, -1.3565397262573242, -1.3768726587295532, -1.4008400440216064, -1.4160020351409912, -1.3906112909317017, -1.4242470264434814, -1.450767159461975, -1.4559547901153564, -1.4582526683807373, -1.493141770362854, -1.491267442703247, -1.4847933053970337, -1.4847486019134521, -1.5135958194732666, -1.561665654182434, -1.507263422012329, -1.5466060638427734, -1.5833927392959595, -1.5883575677871704, -1.598738670349121, -1.6036981344223022, -1.6312615871429443, -1.597461223602295, -1.6325736045837402, -1.639533519744873, -1.6395089626312256, -1.6390695571899414, -1.6636608839035034, -1.7014429569244385, -1.637261986732483, -1.723139762878418, -1.6257094144821167, -1.7518789768218994, -1.7485954761505127, -1.7172927856445312, -1.7330896854400635, -1.7637879848480225, -1.6443042755126953, -1.7983359098434448, -1.7906407117843628, -1.7313225269317627, -1.8236907720565796, -1.7772396802902222, -1.746728539466858, -1.857633113861084, -1.825280785560608, -1.879459261894226, -1.7096171379089355, -1.8816437721252441, -1.8026865720748901, -1.914797067642212, -1.7730573415756226, -1.8404297828674316, -1.8643391132354736, -1.8915679454803467, -1.8624465465545654, -1.8285363912582397, -1.900774598121643, -1.9267019033432007, -1.790771722793579, -1.9512593746185303, -1.9897773265838623, -2.0040619373321533, -2.045062780380249, -2.045376777648926, -2.046785593032837, -2.0450737476348877, -2.053419351577759, -2.0508012771606445, -2.055708885192871, -2.0590713024139404, -2.0533571243286133, -2.064049482345581, -2.055262804031372, -2.0593950748443604, -2.0674421787261963, -2.070866584777832, -2.066326379776001, -2.0711257457733154, -2.0696909427642822, -2.070711374282837, -2.073941469192505],