{"n_parameters": 132226, "training_time": 2.7088868618011475, "loss": [11.110480308532715, 1.132091999053955, 1.3244752883911133, 1.4523558616638184, 1.314703106880188, 1.014145851135254, 1.0100630521774292, 0.8320935964584351, 0.8241934180259705, 0.6768407225608826, 0.6700202822685242, 0.5749890208244324, 0.5641968250274658, 0.4086308479309082, 0.6213430762290955, 0.35933929681777954, 0.4504419267177582, 0.3076382279396057, 0.340977281332016, 0.34701570868492126, 0.41835397481918335, 0.1631198674440384, 0.2149311602115631, 0.12009921669960022, 0.310390442609787, 0.18653567135334015, 0.04447024688124657, 0.019335053861141205, 0.06519581377506256, 0.08321324735879898, 0.12253037095069885, 0.031003881245851517, -0.03631768003106117, -0.20338575541973114, 0.15185177326202393, -0.15901939570903778, -0.057312581688165665, -0.05092158541083336, -0.17465084791183472, -0.16820885241031647, 0.006988271605223417, -0.3007633686065674, -0.11700920760631561, -0.15484455227851868, -0.2451498806476593, -0.26772984862327576, 0.004122514743357897, -0.09311026334762573, -0.241317018866539, -0.3739605247974396, -0.34649863839149475, -0.09980875253677368, -0.3650616407394409, -0.13169386982917786, -0.41041430830955505, -0.33048346638679504, -0.3123008906841278, -0.4131411910057068, -0.3029778301715851, -0.3826899826526642, -0.09438440203666687, -0.5365594029426575, -0.3801286220550537, -0.3612823486328125, -0.5868237018585205, -0.4846948981285095, -0.2709285318851471, -0.39898747205734253, -0.4230160713195801, -0.5340275168418884, -0.509146511554718, -0.39167147874832153, -0.7220869660377502, -0.45689812302589417, -0.6729121804237366, -0.4970071315765381, -0.58045494556427, -0.29255253076553345, -0.7851987481117249, -0.5975356101989746, -0.1721174269914627, -0.8019779920578003, -0.4259721338748932, -0.6235859394073486, -0.8079264163970947, -0.36331918835639954, -0.5209702253341675, -0.6970664262771606, -0.6712556481361389, -0.6762086749076843, -0.515906572341919, -0.7199267745018005, -0.7334532141685486, -0.6192442178726196, -0.801301896572113, -0.5824495553970337, -0.6115928292274475, -0.45851966738700867, -0.9345154762268066, -0.7568939924240112, -0.6966150403022766, -0.5690136551856995, -0.8529112935066223, -0.8449138402938843, -0.7008516192436218, -0.6467319130897522, -0.8819951415061951, -0.584120512008667, -0.9280231595039368, -0.6942040920257568, -0.8709198832511902, -0.8785465359687805, -0.8184399604797363, -0.6306019425392151, -0.8736246824264526, -0.6364054679870605, -0.9767941832542419, -0.9105604887008667, -0.5628370642662048, -0.8199324011802673, -0.9262692928314209, -0.9212241768836975, -0.7983912229537964, -0.9978066682815552, -0.7234237790107727, -0.7816940546035767, -0.8263338804244995, -0.9354988932609558, -0.9983111619949341, -0.8084955215454102, -1.072172999382019, -0.8298471570014954, -0.9398680329322815, -0.7247901558876038, -0.8523531556129456, -1.015724539756775, -1.0227060317993164, -0.8913539052009583, -1.3888968229293823, -1.4672843217849731, -1.5668727159500122, -1.6501528024673462, -1.7585169076919556, -1.8535453081130981, -1.9585288763046265, -2.038499355316162, -2.1374967098236084, -2.2064871788024902, -2.287686347961426, -2.3360772132873535, -2.3920810222625732, -2.4334423542022705, -2.4405810832977295, -2.376077651977539, -2.636446475982666, -2.459660053253174, -2.625392198562622, -2.409515619277954, -2.7142162322998047, -2.5306379795074463, -2.664597272872925, -2.549515962600708, -2.611924648284912, -2.650390625, -2.5701684951782227, -2.637577533721924, -2.6845920085906982, -2.6208434104919434, -2.819965362548828, -2.556150197982788, -2.8043575286865234, -2.875500202178955, -3.0436930656433105, -3.0531039237976074, -3.0642733573913574, -3.0672483444213867, -3.0771090984344482, -3.0899453163146973, -3.107985258102417, -3.1111128330230713, -3.1247358322143555, -3.1263272762298584], "val_loss": [0.8506092429161072, 1.5778238773345947, 1.8283824920654297, 0.7895045280456543, 1.2270700931549072, 0.9059836864471436, 1.5492243766784668, 1.241956353187561, 0.5883273482322693, 0.35188448429107666, 0.31684064865112305, 0.2579088807106018, 0.21113590896129608, 0.20115864276885986, 0.24749493598937988, 0.10248956084251404, 0.018454937264323235, 0.15976376831531525, 0.020623542368412018, 0.029951773583889008, 0.11286863684654236, -0.05554590001702309, -0.12533500790596008, -0.19911925494670868, -0.1284698247909546, 0.09648486226797104, -0.07449005544185638, -0.044095952063798904, 2.1622161865234375, 0.30748841166496277, -0.08757812529802322, 0.05177519470453262, 0.18804119527339935, -0.584287703037262, -0.42642736434936523, 0.31883659958839417, 0.01144914049655199, -0.38225480914115906, -0.35564905405044556, 0.14707410335540771, -0.3109939694404602, -0.5821505188941956, -0.5987849831581116, 0.11688097566366196, -0.24052871763706207, -0.42827552556991577, -0.5653464198112488, -0.4734556972980499, -0.5887458920478821, -0.623996376991272, 0.49110639095306396, -0.3832385838031769, 1.1456267833709717, -0.38847970962524414, -0.6008523106575012, -0.7019954323768616, 0.7294830083847046, 0.16794203221797943, -0.5359548926353455, -0.5364931225776672, -0.6569348573684692, -0.1172230988740921, -0.40033942461013794, -0.37924614548683167, -0.8134346008300781, -0.16754429042339325, -0.7467603087425232, -0.7809950113296509, -0.7570046186447144, -0.7772484421730042, -0.7177940607070923, -0.3278718888759613, -0.37179845571517944, -0.7727859616279602, -0.6069241166114807, -0.8019598722457886, -0.9141755700111389, -0.7986898422241211, -0.9155542254447937, -0.12334805727005005, -0.8878989815711975, -0.31001898646354675, -0.8641849160194397, -0.8967168927192688, 0.0915050357580185, -0.9186745285987854, -0.923774778842926, -1.0140873193740845, -1.0067518949508667, -1.04685640335083, -0.9584131240844727, -1.0471045970916748, -1.05488121509552, -0.9869458079338074, -0.06540950387716293, -0.9259138107299805, -1.0302304029464722, -0.9614962935447693, -0.862524151802063, -1.0235551595687866, -0.13166861236095428, -1.081966519355774, -1.153611183166504, -0.25750768184661865, -0.8332061171531677, -0.2345951944589615, -1.1120069026947021, -0.7840757966041565, -1.0432301759719849, -0.8292016983032227, -1.037890911102295, 1.098077654838562, 1.7485971450805664, -1.205399751663208, -1.1672959327697754, -1.0627233982086182, -0.6765035390853882, -0.8660529851913452, -1.0204540491104126, -1.16354501247406, -1.1153275966644287, -0.30151107907295227, -0.819697380065918, -1.108975887298584, -1.3219406604766846, -1.2762856483459473, -1.1515239477157593, -1.2065871953964233, 0.3471126854419708, -0.6084309220314026, -0.8665835857391357, -1.0407518148422241, -1.2815783023834229, -1.1840598583221436, -1.2586982250213623, 0.3423915505409241, -0.7881007790565491, -1.2850416898727417, -1.3673449754714966, -1.4492392539978027, -1.5086387395858765, -1.6139953136444092, -1.6645944118499756, -1.737485647201538, -1.8844095468521118, -1.9299347400665283, -1.9196857213974, -2.0764341354370117, -2.0591909885406494, -1.6051877737045288, -2.1731059551239014, -1.979820966720581, -2.0983471870422363, -2.187857151031494, -2.264259099960327, -2.2590372562408447, -2.1267642974853516, -2.284649610519409, -1.8585855960845947, -1.945671558380127, -1.7238924503326416, -1.5001542568206787, -2.1626245975494385, -2.1084036827087402, -1.937122106552124, -2.044997215270996, -1.514154076576233, -1.8668394088745117, -1.9643747806549072, -0.8122307658195496, -1.560325264930725, -2.272078275680542, -2.2696802616119385, -2.2610788345336914, -2.2529313564300537, -2.255910873413086, -2.2562081813812256, -2.254075288772583, -2.2362921237945557, -2.231801986694336, -2.226632833480835, -2.2290587425231934],