{"n_parameters": 40034, "training_time": 2.4430348873138428, "loss": [1.099518060684204, 0.6213725209236145, 0.49791374802589417, 0.4303325116634369, 0.35487961769104004, 0.2627301812171936, 0.14543110132217407, -0.012098987586796284, -0.22236546874046326, 0.034438010305166245, 0.23752103745937347, -0.16766713559627533, -0.2918725907802582, -0.4474852383136749, -0.5560348629951477, -0.6567485332489014, -0.7422531843185425, -0.7154480218887329, 0.19662804901599884, -0.5533664226531982, -0.6919525861740112, -0.5355995893478394, -0.694190502166748, -0.8633288145065308, -0.9690988659858704, -1.0093668699264526, 0.11942590028047562, -0.5445478558540344, -0.764089822769165, -0.8299921154975891, -1.0067522525787354, -1.0405373573303223, -1.1508373022079468, -0.9974460005760193, -0.10073491930961609, 0.07694832235574722, -0.4649111330509186, -0.700972855091095, -0.7224923968315125, -0.8484860062599182, -0.7418751120567322, -0.9769437909126282, -0.9961867332458496, -1.042207956314087, -1.1497052907943726, -1.1704738140106201, -1.1951051950454712, -1.2192870378494263, -1.2297075986862183, -1.24223792552948, -1.2463908195495605, -1.2593188285827637, -1.2697948217391968, -1.2787097692489624, -1.2901146411895752, -1.2998595237731934, -1.3106067180633545, -1.321437954902649, -1.3328012228012085, -1.3394627571105957, -1.3516302108764648, -1.3500498533248901, -1.3725982904434204, -1.388464331626892, -1.4031459093093872, -1.4142858982086182, -1.4274312257766724, -1.4390223026275635, -1.455232858657837, -1.4684981107711792, -1.4830738306045532, -1.4873387813568115, -1.5030535459518433, -1.5074546337127686, -1.5182017087936401, -1.5517761707305908, -1.568276047706604, -1.5819616317749023, -1.6001695394515991, -1.5989042520523071, -1.6311570405960083, -1.6444894075393677, -1.6604621410369873, -1.6726255416870117, -1.665970802307129, -1.4060231447219849, -1.57550847530365, -1.5527589321136475, -1.6011534929275513, -1.719923973083496, -1.7662832736968994, -1.7974119186401367, -1.7985405921936035, -1.828031301498413, -1.8653903007507324, -1.8865835666656494, -1.9094828367233276, -1.927947759628296, -1.923391580581665, -1.9115194082260132, -1.9135913848876953, -1.9695923328399658, -2.007655620574951, -2.046494245529175, -2.0539872646331787, -2.072829008102417, -2.0360195636749268, -2.0642433166503906, -2.0786752700805664, -2.1308209896087646, -2.185845375061035, -2.220611095428467, -2.2507083415985107, -2.2375378608703613, -2.2184159755706787, -2.272129535675049, -2.1394600868225098, -2.1855247020721436, -2.315446615219116, -2.3893964290618896, -2.39835786819458, -2.4122369289398193, -2.379608392715454, -2.0685362815856934, -2.365405559539795, -2.4371390342712402, -2.5208587646484375, -2.546826124191284, -2.5469391345977783, -2.518310308456421, -2.516908884048462, -2.4966022968292236, -2.2934460639953613, -2.4667654037475586, -2.479243755340576, -2.3297691345214844, -2.5430657863616943, -2.6322145462036133, -2.6614670753479004, -2.692852735519409, -2.7018027305603027, -2.6980769634246826, -2.6622812747955322, -2.4845190048217773, -2.470072031021118, -2.42807674407959, -2.37276554107666, -2.716883897781372, -2.7710790634155273, -2.776949405670166, -2.801367998123169, -2.8055970668792725, -2.8123319149017334, -2.8158228397369385, -2.8177590370178223, -2.820582151412964, -2.8201401233673096, -2.822258472442627, -2.825160503387451, -2.8269124031066895, -2.829512596130371, -2.8312573432922363], "val_loss": [0.6460890769958496, 0.5312610268592834, 0.46312057971954346, 0.39932799339294434, 0.31628406047821045, 0.22254468500614166, 0.08537212014198303, -0.0889444425702095, -0.28448939323425293, 0.1586284339427948, -0.310856431722641, -0.2167700082063675, -0.3901602327823639, -0.44966259598731995, -0.5529274940490723, -0.6329268217086792, -0.7177008390426636, -0.5226792693138123, -0.2961745858192444, -0.6300391554832458, -0.293375700712204, -0.7641097903251648, -0.8141177296638489, -0.8545734286308289, -0.8731884360313416, -0.5705991983413696, -0.28370073437690735, -0.7022489309310913, -0.8215804100036621, -0.7972763776779175, -0.9600409865379333, -0.9978476762771606, -1.0739084482192993, -0.9854146242141724, 0.974646806716919, -0.17662160098552704, -0.4132266640663147, -0.600182056427002, -0.875450074672699, -0.9310230016708374, -0.7058661580085754, -0.8458869457244873, -1.0391831398010254, -1.0215725898742676, -1.0879120826721191, -1.1021270751953125, -1.1126817464828491, -1.121192216873169, -1.1321051120758057, -1.1404794454574585, -1.1473356485366821, -1.1584094762802124, -1.1667201519012451, -1.175565242767334, -1.1847285032272339, -1.1937451362609863, -1.1998226642608643, -1.210546612739563, -1.217119812965393, -1.2299550771713257, -1.2273136377334595, -1.2458988428115845, -1.2563034296035767, -1.27012300491333, -1.2752585411071777, -1.2896512746810913, -1.3022797107696533, -1.3127037286758423, -1.323784589767456, -1.3253062963485718, -1.3381879329681396, -1.3566533327102661, -1.3486405611038208, -1.3668171167373657, -1.3809758424758911, -1.4100762605667114, -1.4153468608856201, -1.4255955219268799, -1.4329559803009033, -1.4151744842529297, -1.4420720338821411, -1.4567477703094482, -1.4837199449539185, -1.5186803340911865, -1.512722373008728, -1.384910225868225, -1.404069423675537, -1.5101120471954346, -1.553961992263794, -1.5692722797393799, -1.586341381072998, -1.5719650983810425, -1.5883409976959229, -1.6247636079788208, -1.6331194639205933, -1.654396414756775, -1.6645845174789429, -1.6875224113464355, -1.6694494485855103, -1.6232366561889648, -1.6953918933868408, -1.719053864479065, -1.7285184860229492, -1.7353074550628662, -1.7582355737686157, -1.7197357416152954, -1.7363494634628296, -1.6495825052261353, -1.7935528755187988, -1.7138102054595947, -1.8265622854232788, -1.7773922681808472, -1.8337448835372925, -1.6209321022033691, -1.8102816343307495, -1.6837118864059448, -1.6335862874984741, -1.8544745445251465, -1.8779340982437134, -1.8536934852600098, -1.8726426362991333, -1.8594406843185425, -1.7391993999481201, -1.7449384927749634, -1.6976953744888306, -1.891122817993164, -1.8942126035690308, -1.8919483423233032, -1.8935588598251343, -1.8718785047531128, -1.809617042541504, -1.851555347442627, -1.7302522659301758, -1.7938685417175293, -1.868510127067566, -1.7452332973480225, -1.8955719470977783, -1.895201563835144, -1.898639440536499, -1.8792589902877808, -1.880082130432129, -1.8535363674163818, -1.7998310327529907, -1.5499463081359863, -1.3577280044555664, -1.1884078979492188, -1.8878735303878784, -1.8199816942214966, -1.8273800611495972, -1.811265230178833, -1.8137720823287964, -1.8067848682403564, -1.8177536725997925, -1.8163002729415894, -1.8129725456237793, -1.8154288530349731, -1.8173164129257202, -1.8033398389816284, -1.8043534755706787, -1.8089258670806885, -1.8087700605392456, -1.807546615600586],