{"n_parameters": 79298, "training_time": 1.440412998199463, "loss": [71.34819030761719, 0.772231936454773, 0.9762704968452454, 0.6970051527023315, 1.0268255472183228, 0.6912641525268555, 1.0496842861175537, 0.6031760573387146, 0.9329094886779785, 0.4561886489391327, 0.4400767683982849, 0.7093116044998169, 0.6136142015457153, 0.2333379089832306, 0.2345304638147354, 0.19860543310642242, 0.22381938993930817, 0.06320977956056595, -0.07552355527877808, -0.12637794017791748, -0.00839100033044815, 0.22981536388397217, -0.05616108700633049, -0.26151812076568604, 0.1556720733642578, -0.25051069259643555, -0.08073428273200989, -0.3409634828567505, -0.08508732169866562, -0.13517452776432037, 2.32135009765625, 0.12931577861309052, -0.30702319741249084, -0.20222048461437225, -0.49111407995224, 0.28260675072669983, -0.1127484068274498, -0.33569782972335815, -0.09077055752277374, -0.007117617875337601, -0.4888893961906433, -0.5533250570297241, -0.643919050693512, -0.7624686360359192, -0.8879634141921997, -1.014478087425232, -1.083355188369751, -1.2043142318725586, -1.323809266090393, -1.4738223552703857, -1.401853322982788, -1.5313818454742432, -1.460198163986206, -1.5395830869674683, -1.754014015197754, -1.5122748613357544, -1.779740333557129, -1.7101739645004272, -1.6088268756866455, -1.9912121295928955, -1.5808125734329224, -1.7030128240585327, -1.672741174697876, -1.8343204259872437, -1.724263072013855, -1.974104881286621, -1.7221959829330444, -1.8066507577896118, -1.8193212747573853, -1.5843316316604614, -2.0686748027801514, -1.6430758237838745, -1.4698902368545532, -2.112417697906494, -1.7314236164093018, -1.7710894346237183, -1.8692376613616943, -2.0157713890075684, -1.8022513389587402, -1.629240870475769, -2.085752248764038, -1.7916713953018188, -1.9520748853683472, -1.6962478160858154, -2.2025437355041504, -2.2308671474456787, -2.2537899017333984, -2.2730278968811035, -2.3009836673736572, -2.322542428970337, -2.3454654216766357, -2.3748557567596436, -2.3831465244293213, -2.4163777828216553, -2.4416403770446777, -2.4448275566101074, -2.4761829376220703, -2.490042209625244, -2.5160999298095703, -2.5292532444000244, -2.5375940799713135, -2.563955783843994, -2.590174913406372, -2.6032395362854004, -2.6092145442962646, -2.641139268875122, -2.662327527999878, -2.656934976577759, -2.656336784362793, -2.6909375190734863, -2.7165186405181885, -2.728801965713501, -2.721912145614624, -2.754896402359009, -2.7666332721710205, -2.7687599658966064, -2.771318197250366, -2.7714712619781494, -2.7741942405700684, -2.7773330211639404, -2.7781078815460205, -2.7806551456451416, -2.7818565368652344, -2.7850546836853027, -2.7853667736053467, -2.785658836364746, -2.7857720851898193, -2.7859067916870117, -2.7863032817840576], "val_loss": [0.874266505241394, 0.7660614252090454, 0.7147839665412903, 0.7160536646842957, 1.1587270498275757, 0.4571117162704468, 0.6013670563697815, 0.4453844726085663, 0.4775923490524292, 0.5761388540267944, 0.22200077772140503, 0.24044747650623322, 0.2526511251926422, 0.10417881608009338, 0.006529131438583136, 0.18132297694683075, -0.06941170245409012, 0.6409610509872437, -0.2914726734161377, -0.2011050581932068, -0.41495564579963684, -0.2953917384147644, 0.0761202871799469, -0.010275102220475674, -0.28571146726608276, -0.06956807523965836, -0.19690857827663422, 0.5116757154464722, -0.3853914439678192, -0.5847635269165039, 1.0665415525436401, -0.2305665761232376, -0.35230106115341187, -0.3672215938568115, 1.5188267230987549, -0.4328581690788269, -0.3760453462600708, 0.44250980019569397, -0.45616990327835083, -0.4518779516220093, -0.5064828991889954, -0.5836898684501648, -0.6863167881965637, -0.827423095703125, -0.9617319107055664, -1.091733694076538, -1.077607274055481, -1.0052928924560547, -1.3619235754013062, -0.3318116068840027, -1.5255454778671265, -1.6192177534103394, -1.4775416851043701, -1.5443145036697388, -1.4891310930252075, -1.4991841316223145, -1.6295000314712524, 0.20633424818515778, -1.7726987600326538, -1.5171489715576172, -1.7230437994003296, -1.7042893171310425, -1.7225697040557861, -1.6068875789642334, -1.8022717237472534, 0.147211953997612, -1.7281051874160767, -1.2914389371871948, -0.9046533107757568, -1.742837905883789, -0.6023290157318115, -1.8152780532836914, -1.7838646173477173, -1.8451216220855713, -1.8303310871124268, -1.8223705291748047, -0.6485117077827454, -1.8310964107513428, -1.7215317487716675, -0.6186148524284363, -1.8439927101135254, -1.166306734085083, -1.6920652389526367, -1.8378039598464966, -1.8674217462539673, -1.8790974617004395, -1.8975454568862915, -1.8948286771774292, -1.912726879119873, -1.9267246723175049, -1.9516870975494385, -1.9630119800567627, -1.9271339178085327, -1.9717130661010742, -1.9445910453796387, -1.9740492105484009, -1.9639281034469604, -1.9605554342269897, -1.980368971824646, -1.9705835580825806, -1.9635567665100098, -1.9598056077957153, -1.9858158826828003, -1.94611656665802, -1.9416383504867554, -1.927917242050171, -1.9030643701553345, -1.9030650854110718, -1.9174139499664307, -1.8947291374206543, -1.9059803485870361, -1.7906146049499512, -1.8779263496398926, -1.888460397720337, -1.8844835758209229, -1.8809709548950195, -1.8855310678482056, -1.8768699169158936, -1.8786284923553467, -1.8793349266052246, -1.8747085332870483, -1.865104079246521, -1.8677842617034912, -1.8676825761795044, -1.8671791553497314, -1.8668967485427856, -1.8665804862976074, -1.8667027950286865, -1.8663445711135864],