{"n_parameters": 27858, "training_time": 2.5565781593322754, "loss": [3.778154134750366, 1.096838355064392, 0.6081013679504395, 0.5633772611618042, 0.5467368960380554, 0.529697597026825, 0.524463951587677, 0.5206180810928345, 0.5182961821556091, 0.5164731740951538, 0.5139957666397095, 0.5122132897377014, 0.5104230046272278, 0.508720874786377, 0.5070527195930481, 0.5055530667304993, 0.5040081739425659, 0.5026144981384277, 0.5010926723480225, 0.4996224641799927, 0.4981946647167206, 0.49668240547180176, 0.49534085392951965, 0.4937308430671692, 0.4922385513782501, 0.4906969368457794, 0.48909926414489746, 0.4875152111053467, 0.4858934283256531, 0.484212189912796, 0.48246505856513977, 0.4806831479072571, 0.47887086868286133, 0.4770162105560303, 0.4750252962112427, 0.4730338454246521, 0.4709228277206421, 0.46880489587783813, 0.46639585494995117, 0.4640907347202301, 0.4617098569869995, 0.4591713845729828, 0.45653223991394043, 0.45377451181411743, 0.4508720636367798, 0.44780415296554565, 0.444644957780838, 0.44130343198776245, 0.4377896785736084, 0.434126079082489, 0.430128812789917, 0.42605680227279663, 0.42161664366722107, 0.4169369339942932, 0.4115595817565918, 0.4061962962150574, 0.400083988904953, 0.3934510052204132, 0.38649046421051025, 0.3786015510559082, 0.36965835094451904, 0.35971522331237793, 0.34880203008651733, 0.3361749053001404, 0.3221783936023712, 0.305607408285141, 0.28821492195129395, 0.2675604820251465, 0.2450299710035324, 0.21782824397087097, 0.1841290295124054, 0.14796233177185059, 0.1154046505689621, 0.07562713325023651, 0.03774993494153023, -0.008856854401528835, -0.028297314420342445, -0.05723360553383827, -0.10699815303087234, -0.15177121758460999, -0.08869228512048721, -0.16041801869869232, -0.14628852903842926, -0.23748484253883362, -0.29320359230041504, -0.06361793726682663, -0.1852099746465683, 0.20217616856098175, 0.14906281232833862, -0.10294961929321289, -0.15073607861995697, -0.23947791755199432, -0.26011091470718384, -0.2768382132053375, -0.2701774537563324, -0.2558055520057678, -0.25910860300064087, -0.24446892738342285, -0.32924962043762207, -0.31501248478889465, -0.3393976092338562, -0.4051215350627899, -0.30757132172584534, -0.42404988408088684, -0.4711814522743225, -0.3833078145980835, 0.1861158013343811, 0.02684459276497364, -0.028101546689867973, -0.31605932116508484, -0.3618532717227936, -0.3740922808647156, -0.4338310658931732, -0.25607264041900635, -0.15562845766544342, -0.3532375693321228, -0.46266618371009827, -0.5873129367828369, -0.6776219606399536, -0.7553446292877197, -0.8580664396286011, -0.8674066662788391, -0.9611956477165222, -0.9158309102058411, -0.9428635835647583, -0.26841363310813904, 0.4476216435432434, -0.7730109095573425, -0.9213210344314575, -0.805172324180603, -0.9682811498641968, -1.088052749633789, -1.071170449256897, -1.1307722330093384, -1.2294338941574097, -1.236572504043579, -1.2783160209655762, -1.2473084926605225, -1.2559555768966675, -1.08937406539917, -1.1090960502624512, -1.2229852676391602, -1.390763521194458, -1.4348210096359253, -1.4507805109024048, -1.4393059015274048, -1.5237352848052979, -1.4235377311706543, -1.3617922067642212, -1.598857045173645, -1.547217607498169, -1.2018377780914307, -0.16947631537914276, 0.48602694272994995, -0.6072144508361816, -1.0382359027862549, -1.1221487522125244, -1.2332797050476074, -1.301077127456665, -1.3641026020050049, -1.4869439601898193, -1.4976297616958618, -1.5426079034805298, -1.5523678064346313, -1.561113715171814, -1.5665476322174072, -1.5692821741104126, -1.5737448930740356, -1.5785582065582275, -1.5826970338821411, -1.586583137512207, -1.5903499126434326, -1.594097375869751], "val_loss": [1.4304156303405762, 0.5879649519920349, 0.5908055305480957, 0.5529560446739197, 0.5417901277542114, 0.5332228541374207, 0.5298738479614258, 0.5279942154884338, 0.5262560844421387, 0.5246933698654175, 0.5236652493476868, 0.5220463871955872, 0.520598292350769, 0.5192618370056152, 0.5180634260177612, 0.5167168378829956, 0.5155436396598816, 0.5143504738807678, 0.513017475605011, 0.5117899179458618, 0.5106465220451355, 0.5092388391494751, 0.5076711773872375, 0.506469190120697, 0.5049437880516052, 0.5036852955818176, 0.5022664070129395, 0.5007380247116089, 0.4993993639945984, 0.49765706062316895, 0.4961591958999634, 0.4944286644458771, 0.49282991886138916, 0.4910636842250824, 0.4892370402812958, 0.48741963505744934, 0.48559460043907166, 0.4834408760070801, 0.4816412329673767, 0.47951266169548035, 0.4771301746368408, 0.47493115067481995, 0.47242093086242676, 0.46991273760795593, 0.4674563407897949, 0.464773029088974, 0.46192505955696106, 0.45893701910972595, 0.45577049255371094, 0.4525284469127655, 0.44882845878601074, 0.4449501633644104, 0.4407905340194702, 0.43618154525756836, 0.43138018250465393, 0.4261956214904785, 0.4203576445579529, 0.41442254185676575, 0.40755683183670044, 0.4003704786300659, 0.3921111226081848, 0.38295426964759827, 0.3723485469818115, 0.36012762784957886, 0.3463660776615143, 0.33127275109291077, 0.31780150532722473, 0.29720813035964966, 0.27429404854774475, 0.24818208813667297, 0.21795375645160675, 0.19679342210292816, 0.15490411221981049, 0.12391078472137451, 0.08866358548402786, 0.05583161860704422, 0.042585261166095734, 0.05768532305955887, -0.05065542086958885, -0.08311304450035095, -0.04351888969540596, 0.09352641552686691, -0.13853107392787933, -0.15053804218769073, -0.16531367599964142, -0.13687556982040405, -0.14685572683811188, -0.0027363167610019445, -0.008643979206681252, -0.16330264508724213, -0.10999105870723724, -0.13055209815502167, -0.17589114606380463, -0.17839309573173523, -0.18437156081199646, -0.2151516228914261, -0.20676849782466888, -0.2393839806318283, -0.22187118232250214, -0.09333303570747375, -0.26539963483810425, -0.2641099989414215, -0.17905868589878082, -0.2982587516307831, -0.2568730115890503, 0.2763240337371826, 0.022114258259534836, -0.14429622888565063, -0.23731446266174316, -0.25281381607055664, -0.25333794951438904, -0.30882227420806885, -0.26112663745880127, -0.12499018758535385, -0.25777408480644226, -0.3641023337841034, -0.42719465494155884, -0.4993593692779541, -0.5837841629981995, -0.6776058077812195, -0.7607845067977905, -0.7859541177749634, -0.7703825831413269, -0.7086345553398132, -0.7834686040878296, 0.29586920142173767, -0.6180305480957031, -0.93178391456604, -0.5502105355262756, -0.9183356165885925, -0.98698890209198, -0.9414046406745911, -0.9342756271362305, -1.0567774772644043, -1.0723896026611328, -1.1443817615509033, -1.0481497049331665, -1.1163203716278076, -0.9241029620170593, -1.1860464811325073, -0.9377360939979553, -1.1911073923110962, -1.1893519163131714, -1.3178881406784058, -1.2740850448608398, -1.3607953786849976, -1.2255606651306152, -1.1266452074050903, -1.3987188339233398, -1.4540185928344727, -1.3422257900238037, 0.897698163986206, -1.158488392829895, -0.19649375975131989, -1.0130980014801025, -1.002402424812317, -1.10239577293396, -1.0384975671768188, -1.1719876527786255, -1.3027889728546143, -1.3355374336242676, -1.3664213418960571, -1.3706145286560059, -1.3816866874694824, -1.3880027532577515, -1.3925057649612427, -1.3955440521240234, -1.3970234394073486, -1.400950312614441, -1.4032599925994873, -1.4057446718215942, -1.408967137336731, -1.4121953248977661],