{"n_parameters": 71298, "training_time": 1.9579429626464844, "loss": [1.4930206537246704, 0.6549907326698303, 0.6699675917625427, 0.5932309627532959, 0.49573370814323425, 0.3990481197834015, 0.48835474252700806, 0.3007660210132599, 0.18740351498126984, 0.20058341324329376, 0.2968687415122986, 0.06110937520861626, 0.08530513942241669, 0.09494045376777649, -0.0686291828751564, -0.08695045113563538, -0.08985769003629684, -0.13447600603103638, -0.0660884827375412, -0.18124598264694214, -0.15466304123401642, -0.23079097270965576, -0.2239903062582016, -0.23041775822639465, -0.3347851037979126, -0.17749205231666565, -0.3752143681049347, -0.3580048680305481, -0.3066529631614685, -0.35311946272850037, -0.4180712103843689, -0.40936994552612305, -0.5518339276313782, -0.2145049124956131, -0.5898218154907227, -0.5299654603004456, -0.4957790672779083, -0.4340866208076477, -0.7001078724861145, -0.5517948865890503, -0.530788242816925, -0.5353001952171326, -0.5982652902603149, -0.5984403491020203, -0.7910506129264832, -0.5175802111625671, -0.7352302074432373, -0.5119121670722961, -0.6196274161338806, -0.633027195930481, -0.763460636138916, -0.7083937525749207, -0.7839264273643494, -0.5399675369262695, -0.8287805318832397, -0.5939154624938965, -0.75201416015625, -0.7810393571853638, -0.8862855434417725, -0.5435768365859985, -0.8101659417152405, -0.8651759624481201, -0.6311700940132141, -0.7698712944984436, -1.0023826360702515, -0.8235812783241272, -0.7923335433006287, -0.6988216638565063, -0.8163257241249084, -0.8501498103141785, -0.7871097922325134, -0.8916860222816467, -0.7690768241882324, -0.9326803088188171, -0.825853705406189, -0.7667791843414307, -0.9796780943870544, -1.2517609596252441, -1.4285306930541992, -1.5253721475601196, -1.6351594924926758, -1.7357218265533447, -1.842484951019287, -1.973818302154541, -2.0397284030914307, -2.124432325363159, -2.197174310684204, -2.247027635574341, -2.2716407775878906, -2.3834078311920166, -2.387953519821167, -2.3404829502105713, -2.3852810859680176, -2.445436954498291, -2.4591851234436035, -2.4804224967956543, -2.3467702865600586, -2.4152872562408447, -2.6013002395629883, -2.4722065925598145, -2.6174824237823486, -2.440561056137085, -2.473848581314087, -2.5311005115509033, -2.580749750137329, -2.559671401977539, -2.8623311519622803, -2.87420392036438, -2.874403476715088, -2.887882709503174, -2.8997926712036133, -2.9030303955078125, -2.919647455215454, -2.926934003829956, -2.938634157180786, -2.9466445446014404, -2.9502296447753906, -2.9573187828063965, -2.959547758102417, -2.9606895446777344, -2.9616427421569824, -2.963474988937378], "val_loss": [0.805514395236969, 0.5521504878997803, 0.5122484564781189, 0.4217465817928314, 0.481007844209671, 0.6590522527694702, 0.15069200098514557, 0.06785547733306885, 0.6097096800804138, 0.17586487531661987, -0.05766399949789047, -0.24390102922916412, -0.18862590193748474, -0.16013526916503906, -0.41045403480529785, -0.4711500406265259, -0.44299012422561646, -0.4862828254699707, -0.43623673915863037, 0.16864638030529022, -0.33473676443099976, -0.4895807206630707, -0.5410609245300293, -0.30849164724349976, -0.43128302693367004, -0.1400599330663681, -0.6365506649017334, -0.708661675453186, -0.3332466185092926, -0.6875742077827454, -0.7111979722976685, -0.7459391355514526, 0.8550073504447937, -0.656936764717102, -0.5352045297622681, -0.5890740752220154, -0.8378716111183167, -0.80645352602005, -0.6853502988815308, -0.4257488548755646, -0.44380220770835876, -0.8173841238021851, -0.7269410490989685, -0.8551347255706787, -0.21860583126544952, -1.047959327697754, -0.7062544226646423, -0.4497317969799042, -0.7029286026954651, -1.0033252239227295, -1.0973553657531738, -1.0381598472595215, -0.9897391200065613, -1.132022738456726, -1.0210374593734741, -0.8454026579856873, -1.0320966243743896, -1.1180784702301025, -1.013387680053711, -0.2766815721988678, -1.1284600496292114, -1.1723520755767822, -0.4086529612541199, -1.0146238803863525, -1.2245272397994995, -0.8356717228889465, -1.2854654788970947, -1.217426061630249, -0.7668231129646301, -0.8060114979743958, -1.1178312301635742, -1.1357868909835815, -1.1078444719314575, -1.2210090160369873, 1.5073174238204956, -1.1863815784454346, -0.6850749254226685, -1.3325622081756592, -1.4013782739639282, -1.5088850259780884, -1.6033231019973755, -1.6781797409057617, -1.774065613746643, -1.8837887048721313, -1.9523991346359253, -1.9985605478286743, -2.0462656021118164, -2.1298203468322754, -2.130642890930176, -1.7701574563980103, -2.1706323623657227, -2.112518787384033, -1.9918591976165771, -1.8298381567001343, -1.9194071292877197, -2.236806631088257, -1.9738335609436035, -2.22305965423584, -2.16477108001709, -2.1621856689453125, -2.0724239349365234, -2.0972046852111816, -1.8759021759033203, -2.101820230484009, -2.1256208419799805, -2.0997865200042725, -2.1235647201538086, -2.1052210330963135, -2.1167211532592773, -2.081880807876587, -2.0977439880371094, -2.093160390853882, -2.0915210247039795, -2.0730068683624268, -2.064390182495117, -2.0377235412597656, -2.057204008102417, -2.0620665550231934, -2.0627036094665527, -2.0634055137634277, -2.061779499053955, -2.057727336883545],