{"n_parameters": 71218, "training_time": 1.4443809986114502, "loss": [191.36036682128906, 1.5133248567581177, 1.4240483045578003, 1.370306134223938, 1.3947347402572632, 1.4281858205795288, 1.5226037502288818, 1.7105604410171509, 1.884465217590332, 1.1166552305221558, 2.045276165008545, 0.9557388424873352, 2.0457050800323486, 1.0024590492248535, 0.794220507144928, 0.8474426865577698, 0.5326643586158752, 1.0240967273712158, 0.38645613193511963, 0.6299278736114502, 0.46729984879493713, 0.3506552577018738, 0.30241355299949646, 0.30937713384628296, 0.20428305864334106, -0.06477539241313934, 0.6273233294487, -0.10741401463747025, 0.24280458688735962, 0.3127174377441406, -0.18038974702358246, 0.4268728792667389, 0.2025391310453415, -0.21391883492469788, 0.1677597165107727, -0.04692544788122177, 0.03545869141817093, -0.23229104280471802, -0.03294456750154495, 0.027864566072821617, 0.38681843876838684, -0.30592232942581177, -0.16793018579483032, -0.24770699441432953, -0.24913151562213898, 0.7380977272987366, -0.34775248169898987, -0.10247796773910522, -0.19671186804771423, -0.167713463306427, -0.18951274454593658, -0.31427159905433655, -0.17973779141902924, -0.30578017234802246, -0.42785874009132385, -0.4767659306526184, -0.8409190773963928, -0.968052089214325, -1.089986801147461, -1.2432810068130493, -1.281382441520691, -1.3925559520721436, -1.4054555892944336, -1.6051334142684937, -1.5987697839736938, -1.4495129585266113, -1.6967130899429321, -1.6120879650115967, -1.6258552074432373, -1.5988940000534058, -1.726898431777954, -1.7533190250396729, -1.5064806938171387, -1.8214669227600098, -1.5023951530456543, -1.8376774787902832, -1.4811471700668335, -1.8153349161148071, -1.8380011320114136, -1.698479413986206, -1.5321638584136963, -1.9730957746505737, -1.6965947151184082, -1.50786554813385, -1.9647042751312256, -1.6881614923477173, -2.033381938934326, -1.4623489379882812, -1.750173568725586, -1.8723448514938354, -1.677941083908081, -1.7319997549057007, -1.8197617530822754, -1.8973066806793213, -1.760178565979004, -1.4818049669265747, -2.07356595993042, -1.8527559041976929, -2.1269800662994385, -2.1635873317718506, -2.1846530437469482, -2.1865458488464355, -2.2257933616638184, -2.2180256843566895, -2.2416837215423584, -2.2669224739074707, -2.2772860527038574, -2.2963690757751465, -2.3022751808166504, -2.3167712688446045, -2.3393824100494385, -2.3580973148345947, -2.355583906173706, -2.375880718231201, -2.3921236991882324, -2.3967812061309814, -2.391058921813965, -2.413644790649414, -2.428077459335327, -2.43806529045105, -2.4441521167755127, -2.445437431335449, -2.445816993713379, -2.4466700553894043, -2.4489166736602783, -2.4492058753967285, -2.4527411460876465, -2.451212167739868, -2.4546449184417725, -2.4560163021087646, -2.4562952518463135, -2.456423759460449, -2.456496000289917], "val_loss": [1.6968395709991455, 1.4416639804840088, 1.3974812030792236, 1.3362653255462646, 1.3692394495010376, 1.8283385038375854, 1.6006842851638794, 1.2150137424468994, 1.1955024003982544, 1.1252341270446777, 1.0377615690231323, 0.8578360080718994, 0.8996924161911011, 0.748030424118042, 1.2562355995178223, 0.8495359420776367, 2.6530275344848633, 0.40096402168273926, 1.6565700769424438, 0.30294597148895264, 0.3072206377983093, 0.17817071080207825, 0.06629946827888489, 0.7480329871177673, -0.11641386151313782, 0.23249845206737518, -0.06068721041083336, 0.04892734810709953, -0.2131510078907013, -0.078389972448349, -0.41025954484939575, -0.1773899644613266, -0.13912586867809296, -0.41009536385536194, -0.3011348247528076, -0.2497236281633377, -0.12483642995357513, -0.1370028257369995, -0.5068091750144958, -0.3687939941883087, -0.21285632252693176, -0.4678347110748291, -0.4329220950603485, -0.07217302173376083, -0.6351606249809265, -0.39518091082572937, -0.581292986869812, -0.4583257734775543, -0.21302998065948486, -0.45186302065849304, -0.47124314308166504, -0.27090075612068176, -0.20447461307048798, -0.005466741975396872, 2.1646892491844483e-06, -0.7567417025566101, -0.8900997638702393, -1.0718804597854614, -1.2192871570587158, -1.3762835264205933, -1.4601820707321167, -1.3746616840362549, -1.5975817441940308, -1.0603007078170776, -1.71894109249115, -1.647408127784729, -1.3121455907821655, -1.71119225025177, -1.7857694625854492, -1.797421932220459, -1.0059672594070435, -0.43040284514427185, -1.764461874961853, -1.7462812662124634, -1.6555010080337524, -1.6978373527526855, -1.7922686338424683, -1.5894073247909546, -1.7906345129013062, -1.8756611347198486, -1.7628097534179688, -1.7216064929962158, -1.9088551998138428, -1.8288543224334717, -1.8196111917495728, -1.8373453617095947, -2.0153839588165283, -1.976012945175171, -1.470689058303833, -0.09079455584287643, -1.9383230209350586, -1.9528273344039917, -1.4619592428207397, -1.4079571962356567, -2.01497745513916, -1.9635396003723145, -1.0994919538497925, -1.931272029876709, -2.0042145252227783, -2.0123441219329834, -2.0126852989196777, -2.017775535583496, -1.999915361404419, -1.986022710800171, -2.0280139446258545, -2.0053045749664307, -2.021591901779175, -2.037027359008789, -2.0462944507598877, -1.9980260133743286, -1.948305606842041, -2.0347232818603516, -2.0171797275543213, -1.9930154085159302, -2.0318915843963623, -1.9970128536224365, -1.9938991069793701, -1.9930628538131714, -1.9873666763305664, -2.0108041763305664, -2.011399030685425, -2.00468111038208, -2.0082430839538574, -2.01251220703125, -2.0113179683685303, -2.0104830265045166, -2.0032005310058594, -2.0118050575256348, -2.0096282958984375, -2.009956121444702, -2.0098373889923096, -2.0099856853485107, -2.010019063949585],