{"n_parameters": 127458, "training_time": 2.7576000690460205, "loss": [28.667316436767578, 2.303213357925415, 2.9132230281829834, 2.3982489109039307, 1.5902743339538574, 0.6434911489486694, 0.6511715650558472, 0.5259663462638855, 0.9615784287452698, 44.82956314086914, 2.257995128631592, 1.3799588680267334, 2.803037643432617, 1.5026417970657349, 0.5149087309837341, 1.181553840637207, 0.31267645955085754, 0.2953971326351166, 0.34018394351005554, 3.778975248336792, 0.43096908926963806, 0.664700984954834, 0.1917857974767685, 1.2328801155090332, 0.6208969950675964, 0.2618800103664398, 2.0152156352996826, 0.9834219217300415, 0.787735104560852, 0.5110208988189697, 0.3775153160095215, 0.9716859459877014, 0.6268760561943054, 0.8900132775306702, 0.6563487648963928, 0.6501480937004089, 0.6398213505744934, 0.6278146505355835, 0.5983092188835144, 0.5724692344665527, 0.5499600768089294, 0.3730650544166565, -0.08631642907857895, -0.4594390392303467, -0.6065574288368225, -0.8469344973564148, -0.8704218864440918, -0.8562798500061035, -0.9421831965446472, -1.0105329751968384, -0.9869163036346436, -1.0785813331604004, -1.0454391241073608, -1.1282223463058472, -1.0023198127746582, -0.9420477747917175, -1.164421558380127, -1.0860387086868286, -1.0812346935272217, -0.9451785087585449, -1.1170629262924194, -1.0183383226394653, -1.0814580917358398, -1.2546905279159546, -1.153315782546997, -1.3135974407196045, -1.2325650453567505, -1.2526090145111084, -1.2480562925338745, -1.2729648351669312, -1.3398356437683105, -1.3502678871154785, -1.2266443967819214, -1.3920179605484009, -1.266752004623413, -0.9787393808364868, -1.4761420488357544, -1.4773650169372559, -1.2854067087173462, -1.3513537645339966, -1.3745715618133545, -1.4017565250396729, -1.486418604850769, -1.3488849401474, -1.421458125114441, -1.8185927867889404, -1.9557729959487915, -2.0516908168792725, -2.140486240386963, -2.2443816661834717, -2.3014254570007324, -2.3766627311706543, -2.429227828979492, -2.49821138381958, -2.54239821434021, -2.5570790767669678, -2.5736429691314697, -2.649393081665039, -2.664137601852417, -2.687913656234741, -2.7277841567993164, -2.748561143875122, -2.7287402153015137, -2.8108131885528564, -2.767011880874634, -2.81697154045105, -2.82535719871521, -2.8397409915924072, -2.814680814743042, -2.6927895545959473, -2.9752609729766846, -2.999087333679199, -2.9980199337005615, -3.0044968128204346, -3.0160770416259766, -3.0150699615478516, -3.017998456954956, -3.019176721572876, -3.0248286724090576, -3.029770612716675], "val_loss": [2.129384756088257, 1.7236796617507935, 2.0274813175201416, 5.18633508682251, 0.8501842617988586, 0.5718814730644226, 0.6483219265937805, 0.4164005219936371, 0.7069078087806702, 1.4806774854660034, 1.403472900390625, 3.3254408836364746, 2.0234391689300537, 1.121276617050171, 0.20190230011940002, 0.44041749835014343, 1.6862637996673584, 0.3850308358669281, 1.3595494031906128, 0.2032080590724945, -0.006126317195594311, 0.2811281979084015, 0.10501207411289215, 0.2468702793121338, 0.3355347812175751, 0.3552466034889221, 0.6524816751480103, 0.5688809752464294, 0.42976054549217224, 0.46419134736061096, 3.9836158752441406, 0.6865424513816833, 0.6846856474876404, 0.672764003276825, 0.6679542660713196, 0.6528046727180481, 0.644541323184967, 0.6259880661964417, 0.5855711102485657, 0.568595826625824, 0.49510249495506287, 0.19224782288074493, -0.3406752645969391, -0.742955207824707, -0.6410368084907532, -1.1050177812576294, -1.1479004621505737, -1.1729406118392944, -0.5549759864807129, -1.0982755422592163, -1.124276876449585, -1.3676631450653076, -1.0641815662384033, -1.5061357021331787, -1.3758819103240967, -1.092315912246704, -0.6326286196708679, -0.6698495745658875, -0.9967301487922668, -1.3222301006317139, -0.9789490699768066, -1.0426079034805298, -1.1883814334869385, -0.9645764827728271, -1.5985584259033203, -0.33234480023384094, -1.2764941453933716, -1.1763710975646973, 0.586581289768219, -1.5253206491470337, -1.6987242698669434, -1.7013013362884521, -1.4388288259506226, -0.6685118675231934, -0.7265105247497559, -1.6054465770721436, -0.8500257134437561, -0.987958550453186, -0.16253259778022766, -0.8218907117843628, -1.1544864177703857, -1.4357283115386963, 1.0510637760162354, -0.6170468926429749, -1.1571447849273682, -1.7922290563583374, -1.80696702003479, -1.9364882707595825, -1.9912009239196777, -2.0327391624450684, -2.0913517475128174, -2.0339131355285645, -2.1210453510284424, -2.1258387565612793, -1.5235174894332886, -2.165372371673584, -2.001521348953247, -2.057706832885742, -2.0552191734313965, -1.869097113609314, -2.133598566055298, -2.076706647872925, -1.7524319887161255, -2.0417213439941406, -1.9615079164505005, -2.06235671043396, -2.0219600200653076, -2.0079522132873535, -0.9374401569366455, -2.0434038639068604, -2.018099546432495, -2.0419912338256836, -2.023469924926758, -2.0176358222961426, -2.0314652919769287, -2.025681495666504, -2.0138754844665527, -2.0114948749542236, -1.9856818914413452, -2.0044198036193848], "lr": [0.011217798106372356, 0.011217798106372356, 0.011217798106372356, 0.011217798106372356, 0.011217798106372356, 0.011217798106372356, 0.011217798106372356, 0.011217798106372356, 0.011217798106372356, 0.011217798106372356, 0.011217798106372356, 0.011217798106372356, 0.011217798106372356, 0.011217798106372356, 0.011217798106372356, 0.011217798106372356, 0.011217798106372356, 0.011217798106372356, 0.011217798106372356, 0.011217798106372356, 0.011217798106372356, 0.011217798106372356, 0.011217798106372356, 0.011217798106372356, 0.011217798106372356, 0.011217798106372356, 0.011217798106372356, 0.011217798106372356, 0.011217798106372356, 0.011217798106372356, 0.011217798106372356, 0.011217798106372356, 0.011217798106372356, 0.011217798106372356, 0.0011217797873541713, 0.0011217797873541713, 0.0011217797873541713, 0.0011217797873541713, 0.0011217797873541713, 0.0011217797873541713, 0.0011217797873541713, 0.0011217797873541713, 0.0011217797873541713, 0.0011217797873541713, 0.0011217797873541713, 0.0011217797873541713, 0.0011217797873541713, 0.0011217797873541713, 0.0011217797873541713, 0.0011217797873541713, 0.0011217797873541713, 0.0011217797873541713, 0.0011217797873541713, 0.0011217797873541713, 0.0011217797873541713, 0.0011217797873541713, 0.0011217797873541713, 0.0011217797873541713, 0.0011217797873541713, 0.0011217797873541713, 0.0011217797873541713, 0.0011217797873541713, 0.0011217797873541713, 0.0011217797873541713, 0.0011217797873541713, 0.0011217797873541713, 0.0011217797873541713, 0.0011217797873541713, 0.0011217797873541713, 0.0011217797873541713, 0.0011217797873541713, 0.0011217797873541713, 0.0011217797873541713, 0.0011217797873541713, 0.0011217797873541713, 0.0011217797873541713, 0.0011217797873541713, 0.0011217797873541713, 0.0011217797873541713, 0.0011217797873541713, 0.0011217797873541713, 0.0011217797873541713, 0.0011217797873541713, 0.0011217797873541713, 0.0011217797873541713, 0.00011217797873541713, 0.00011217797873541713, 0.00011217797873541713, 0.00011217797873541713, 0.00011217797873541713, 0.00011217797873541713, 0.00011217797873541713, 0.00011217797873541713, 0.00011217797873541713, 0.00011217797873541713, 0.00011217797873541713, 0.00011217797873541713, 0.00011217797873541713, 0.00011217797873541713, 0.00011217797873541713, 0.00011217797873541713, 0.00011217797873541713, 0.00011217797873541713, 0.00011217797873541713, 0.00011217797873541713, 0.00011217797873541713, 0.00011217797873541713, 0.00011217797873541713, 0.00011217797873541713, 1.1217797691642772e-05, 1.1217797691642772e-05, 1.1217797691642772e-05, 1.1217797691642772e-05, 1.1217797691642772e-05, 1.1217797691642772e-05, 1.1217797691642772e-05, 1.1217797691642772e-05, 1.1217797691642772e-05, 1.1217797691642772e-05, 1.1217797691642772e-05]}