{"n_parameters": 11698, "training_time": 1.817357063293457, "loss": [3.118178606033325, 0.5411996841430664, 0.44746002554893494, 0.4379005432128906, 0.22687117755413055, 0.13061194121837616, 0.045530349016189575, 0.1786864846944809, 0.14073336124420166, -0.001205393229611218, 0.02583714760839939, -0.07261258363723755, 0.22894196212291718, -0.0649082362651825, 0.012370874173939228, -0.23425810039043427, -0.10164504498243332, 0.23316660523414612, 0.2812502086162567, -0.026538774371147156, 0.14423860609531403, -0.14102928340435028, 0.1325482875108719, -0.22069421410560608, -0.21058289706707, 0.18951113522052765, -0.11483917385339737, -0.2609751522541046, 0.2203904092311859, -0.3670022189617157, -0.3005208671092987, -0.29522716999053955, -0.0047413962893188, -0.0788821130990982, -0.24316231906414032, -0.44873425364494324, -0.14151068031787872, -0.13770288228988647, -0.2196696400642395, -0.0811239555478096, -0.5278618335723877, -0.4786189794540405, -0.18845738470554352, -0.3492550253868103, -0.17013075947761536, -0.32696083188056946, -0.5036848783493042, -0.10329835116863251, -0.3546502888202667, -0.5637066960334778, -0.5477561950683594, -0.32718461751937866, -0.3808566629886627, -0.5246926546096802, -0.37672799825668335, -0.42846015095710754, -0.6802415251731873, -0.25337401032447815, -0.2703927457332611, -0.5580636858940125, -0.6387075781822205, -0.5399946570396423, -0.2295449823141098, -0.5705423355102539, -0.45659321546554565, -0.5074419379234314, -0.6212782859802246, -0.4286767244338989, -0.41046902537345886, -0.5582467913627625, -0.6683196425437927, -0.7587788105010986, -0.3165725767612457, -0.6305332779884338, -0.4410754442214966, -0.8389948606491089, -0.11670887470245361, -0.5606968402862549, -0.7485753893852234, -0.6549398899078369, -0.5618253946304321, -0.7432848811149597, -0.5430058836936951, -0.5864061117172241, -0.6059135794639587, -0.9585090279579163, -1.171783208847046, -1.3489726781845093, -1.5082460641860962, -1.6698863506317139, -1.844443917274475, -1.8583842515945435, -2.0035316944122314, -1.9729799032211304, -2.102158546447754, -2.208754301071167, -2.212533473968506, -2.1113595962524414, -2.264824867248535, -2.1900265216827393, -2.300546407699585, -2.2811191082000732, -2.2995378971099854, -2.308422088623047, -2.3228678703308105, -2.3044934272766113, -2.277362823486328, -2.4361793994903564, -2.246260404586792, -2.319704055786133, -2.2185120582580566, -2.240281820297241, -2.474790573120117, -2.2839674949645996, -2.4396989345550537, -2.418548345565796, -2.278059244155884, -2.414822578430176, -2.2598605155944824, -2.4111790657043457, -2.3964459896087646, -2.71004056930542, -2.7463252544403076, -2.7648558616638184, -2.795675754547119, -2.811866283416748, -2.831481695175171, -2.8512134552001953, -2.8716564178466797, -2.8962435722351074, -2.9108855724334717, -2.9329721927642822, -2.953298807144165, -2.960059404373169, -2.962925434112549, -2.965954065322876, -2.9664721488952637, -2.9692044258117676, -2.971113681793213, -2.972691297531128, -2.974332809448242, -2.975958824157715, -2.9799628257751465, -2.980081558227539, -2.9803192615509033, -2.9804470539093018, -2.980666160583496], "val_loss": [0.5245856642723083, 0.45679834485054016, 0.28635215759277344, 0.1400846689939499, -0.025435859337449074, -0.1422225683927536, -0.28079986572265625, -0.305108904838562, 0.11740010976791382, -0.42067253589630127, -0.04201275855302811, -0.5188853144645691, -0.5797341465950012, -0.25778019428253174, -0.37397778034210205, 0.5482799410820007, 0.40511372685432434, -0.5027735829353333, 0.07201702147722244, -0.5258327722549438, -0.5046864748001099, -0.6463320851325989, 0.07694581896066666, -0.4534245431423187, -0.4828380346298218, -0.10889773815870285, -0.5620370507240295, 0.8555981516838074, -0.23681658506393433, -0.5896150469779968, -0.4941096901893616, -0.7735103368759155, 2.231923818588257, 0.016064871102571487, 0.6425842642784119, -0.7736032009124756, -0.5891363024711609, -0.38997817039489746, -0.43401846289634705, -0.2495526224374771, 0.1348976343870163, -0.9069691896438599, -0.8413453102111816, -0.8084351420402527, -0.5676599740982056, -0.7541300654411316, -0.8670057654380798, -0.4038306176662445, -0.7422351241111755, -0.9411502480506897, -0.9712280035018921, -0.3179294168949127, -0.6807035803794861, -0.8968905806541443, -0.7509105801582336, -0.589580774307251, -0.9809029698371887, -0.24365222454071045, -0.47827276587486267, -0.8572119474411011, -0.996955394744873, 1.8618927001953125, -0.5794215798377991, -0.9570281505584717, -0.9912586808204651, 0.24015483260154724, -0.938477098941803, -0.807025671005249, -0.8576581478118896, -0.9264569878578186, -1.001509428024292, -0.029184231534600258, -0.7943381667137146, -1.0748794078826904, -0.9781609773635864, 1.4760265350341797, -0.736812174320221, -0.17384153604507446, 0.6082490682601929, -0.9678918123245239, -1.0276265144348145, 1.9110941886901855, -0.2989726960659027, -0.45835015177726746, -0.7997012734413147, -1.0981107950210571, -1.26318359375, -1.4386314153671265, -1.5896482467651367, -1.7217763662338257, -1.7288079261779785, -1.9030325412750244, -1.958013892173767, -2.0016930103302, -1.7703516483306885, -2.0634512901306152, -1.9294461011886597, -2.095482110977173, -2.0746381282806396, -1.813867449760437, -2.117837905883789, -1.7445613145828247, -1.4598661661148071, -1.5815082788467407, -2.091472625732422, -1.9484835863113403, -1.0137909650802612, -1.6099501848220825, -2.0628983974456787, -1.6204102039337158, -2.1903514862060547, -2.083441734313965, -1.7841838598251343, -1.957271933555603, -2.0052008628845215, -1.7644225358963013, -1.7617807388305664, -2.068683624267578, -2.095226526260376, -2.041140079498291, -2.072169303894043, -2.231544017791748, -2.2264978885650635, -2.22056245803833, -2.1988396644592285, -2.192103147506714, -2.162259101867676, -2.1639864444732666, -2.1417226791381836, -2.1231026649475098, -2.108677625656128, -2.0867536067962646, -2.096404552459717, -2.0942089557647705, -2.091856002807617, -2.088754415512085, -2.086162805557251, -2.0835936069488525, -2.080828905105591, -2.077979564666748, -2.0753281116485596, -2.072526216506958, -2.072213649749756, -2.071946144104004, -2.071659564971924, -2.071373462677002, -2.0710792541503906],