{"n_parameters": 125522, "training_time": 2.36843204498291, "loss": [97.57313537597656, 2.440810441970825, 2.663323163986206, 2.4561421871185303, 1.717553734779358, 1.4141137599945068, 0.6898928880691528, 0.5576167106628418, 0.47136425971984863, 0.24174517393112183, 0.335054874420166, 0.24265596270561218, 0.37965455651283264, 0.4582339823246002, 0.11578399688005447, 0.28607332706451416, 0.8132386803627014, 2.007909059524536, 0.07648992538452148, 1.1694835424423218, 0.1602133959531784, 0.10657849907875061, 0.03550323098897934, 0.08326560258865356, 0.27431780099868774, 0.017135290428996086, 0.34846022725105286, 0.18019647896289825, 0.16089080274105072, 0.28066620230674744, 0.23793113231658936, -0.010685204528272152, 0.43087995052337646, 0.14347286522388458, 0.05047643557190895, 0.21528609097003937, 0.08873002231121063, 0.04961641877889633, 0.457748144865036, 0.6038392782211304, -0.013984623365104198, 2.152315855026245, -0.03346267342567444, -0.191181480884552, -0.5246807336807251, -0.9388419389724731, -1.13566255569458, -1.278544306755066, -1.3324718475341797, -1.4894988536834717, -1.41188383102417, -1.4185643196105957, -1.5881625413894653, -1.4097630977630615, -1.588173747062683, -1.532557487487793, -1.5709630250930786, -1.4755021333694458, -1.7079721689224243, -1.4423710107803345, -1.6403814554214478, -1.663811206817627, -1.4397809505462646, -1.6528196334838867, -1.5735771656036377, -1.5927565097808838, -1.5916250944137573, -1.6431727409362793, -1.6890283823013306, -1.6113711595535278, -1.484906554222107, -1.672994613647461, -1.520079255104065, -2.090297222137451, -2.1724555492401123, -2.2586727142333984, -2.338043451309204, -2.4257190227508545, -2.5000250339508057, -2.5606284141540527, -2.6310274600982666, -2.693058729171753, -2.723557472229004, -2.741938829421997, -2.788431406021118, -2.8295199871063232, -2.8392374515533447, -2.9487249851226807, -2.9546701908111572, -2.9573447704315186, -2.9684159755706787, -2.968400716781616, -2.9794039726257324, -2.9789209365844727, -2.985038995742798, -2.987217664718628, -2.9965248107910156, -2.990048885345459, -3.0003950595855713, -3.003432035446167, -3.0044057369232178, -3.0051887035369873, -3.005293607711792], "val_loss": [2.015106439590454, 1.847860336303711, 3.580416440963745, 4.287998676300049, 1.2554931640625, 0.9746217727661133, 0.8433202505111694, 0.3836227357387543, 0.4286905527114868, 0.4573914706707001, 0.059597037732601166, 0.1995489001274109, 0.13345839083194733, 0.09949781745672226, 4.59344482421875, 0.03254254162311554, 0.8245154023170471, 0.11823762953281403, -0.04071250185370445, -0.12740375101566315, -0.09958623349666595, -0.011247838847339153, 0.21893170475959778, -0.03958180546760559, -0.28079521656036377, -0.18577682971954346, -0.0682164877653122, 0.6831353902816772, -0.07962879538536072, 0.10745366662740707, 0.07662259787321091, -0.44343119859695435, 0.22211848199367523, -0.12553207576274872, 0.5559338927268982, -0.3573528528213501, -0.16410401463508606, 2.1157402992248535, 0.12112866342067719, 0.14638903737068176, -0.4026415944099426, 0.012992453761398792, -0.07714727520942688, -0.3012285828590393, -0.7076753973960876, -0.9440029263496399, -1.2845492362976074, -1.3613152503967285, -1.5186703205108643, -1.5995631217956543, -1.0647718906402588, -1.543837308883667, -0.4653763771057129, -1.4581116437911987, 1.1064738035202026, -1.1541489362716675, -1.6321519613265991, -1.1805222034454346, -0.6637998223304749, -1.6189165115356445, -0.9063990712165833, 0.809461236000061, -1.852824091911316, 3.4072418212890625, -1.825697898864746, -0.7896057367324829, -1.313289999961853, -1.1591964960098267, 3.960549831390381, -1.643786907196045, -1.6334532499313354, -0.9450151920318604, -1.8371775150299072, -1.8763887882232666, -1.906764268875122, -1.8663238286972046, -1.9448333978652954, -1.8869812488555908, -1.7866266965866089, -1.9373537302017212, -1.7424620389938354, -1.8295687437057495, -1.773728847503662, -1.6427562236785889, -1.6234984397888184, -1.4299689531326294, -1.43325936794281, -1.401297688484192, -1.4025136232376099, -1.4164893627166748, -1.3769432306289673, -1.3993364572525024, -1.305257797241211, -1.3726186752319336, -1.2743011713027954, -1.3361928462982178, -1.342147707939148, -1.3293721675872803, -1.3164288997650146, -1.3094897270202637, -1.30605149269104, -1.301985502243042, -1.3039528131484985], "lr": [0.009716922417283058, 0.009716922417283058, 0.009716922417283058, 0.009716922417283058, 0.009716922417283058, 0.009716922417283058, 0.009716922417283058, 0.009716922417283058, 0.009716922417283058, 0.009716922417283058, 0.009716922417283058, 0.009716922417283058, 0.009716922417283058, 0.009716922417283058, 0.009716922417283058, 0.009716922417283058, 0.009716922417283058, 0.009716922417283058, 0.009716922417283058, 0.009716922417283058, 0.009716922417283058, 0.009716922417283058, 0.009716922417283058, 0.009716922417283058, 0.009716922417283058, 0.009716922417283058, 0.009716922417283058, 0.009716922417283058, 0.009716922417283058, 0.009716922417283058, 0.009716922417283058, 0.009716922417283058, 0.009716922417283058, 0.009716922417283058, 0.009716922417283058, 0.009716922417283058, 0.009716922417283058, 0.009716922417283058, 0.009716922417283058, 0.009716922417283058, 0.009716922417283058, 0.009716922417283058, 0.0009716922650113702, 0.0009716922650113702, 0.0009716922650113702, 0.0009716922650113702, 0.0009716922650113702, 0.0009716922650113702, 0.0009716922650113702, 0.0009716922650113702, 0.0009716922650113702, 0.0009716922650113702, 0.0009716922650113702, 0.0009716922650113702, 0.0009716922650113702, 0.0009716922650113702, 0.0009716922650113702, 0.0009716922650113702, 0.0009716922650113702, 0.0009716922650113702, 0.0009716922650113702, 0.0009716922650113702, 0.0009716922650113702, 0.0009716922650113702, 0.0009716922650113702, 0.0009716922650113702, 0.0009716922650113702, 0.0009716922650113702, 0.0009716922650113702, 0.0009716922650113702, 0.0009716922650113702, 0.0009716922650113702, 0.0009716922650113702, 9.716922795632854e-05, 9.716922795632854e-05, 9.716922795632854e-05, 9.716922795632854e-05, 9.716922795632854e-05, 9.716922795632854e-05, 9.716922795632854e-05, 9.716922795632854e-05, 9.716922795632854e-05, 9.716922795632854e-05, 9.716922795632854e-05, 9.716922795632854e-05, 9.716922795632854e-05, 9.716922795632854e-05, 9.716923159430735e-06, 9.716923159430735e-06, 9.716923159430735e-06, 9.716923159430735e-06, 9.716923159430735e-06, 9.716923159430735e-06, 9.716923159430735e-06, 9.716923159430735e-06, 9.716923159430735e-06, 9.716923159430735e-06, 9.716923159430735e-07, 9.716923159430735e-07, 9.716923159430735e-07, 9.716923159430735e-07, 9.716923159430735e-07, 9.716923159430735e-07]}