{"n_parameters": 76978, "training_time": 5.503357887268066, "loss": [1.0519717931747437, 0.6302486658096313, 0.5838682651519775, 0.5470196008682251, 0.4976874589920044, 0.427194744348526, 0.3569487929344177, 0.2672809064388275, 0.14419786632061005, 0.07925277948379517, -0.0733887255191803, -0.19236616790294647, -0.17382964491844177, -0.22043192386627197, -0.33650070428848267, -0.2079455703496933, -0.47045302391052246, -0.4996175169944763, -0.4752163290977478, -0.4868806302547455, -0.6421054601669312, -0.5260396599769592, -0.7404822111129761, -0.7318759560585022, -0.8553491830825806, -0.7745137214660645, -0.02530725486576557, -0.8560279607772827, -0.6430246829986572, -0.9348297715187073, -1.0449994802474976, -1.0548884868621826, -1.1322197914123535, -1.1985868215560913, -1.2522042989730835, -1.0837194919586182, -1.0092108249664307, -1.0048412084579468, -1.0686813592910767, -1.0827035903930664, -1.2920705080032349, -1.2390553951263428, -1.2540854215621948, -1.2162261009216309, -1.0842145681381226, -1.2282326221466064, -1.290980577468872, -1.06169593334198, -0.9668319821357727, -1.3644893169403076, -1.4281994104385376, -1.4098080396652222, -1.199535608291626, -1.346132516860962, -1.2005300521850586, -0.9172932505607605, -1.2900421619415283, -1.568536400794983, -1.5263118743896484, -0.31207403540611267, -1.2921406030654907, -1.5477851629257202, -1.5447221994400024, -1.3275916576385498, -0.9767228960990906, -1.2918124198913574, -1.5563857555389404, -1.639689326286316, -1.6743676662445068, -1.7705820798873901, -1.7563059329986572, -1.0362639427185059, 0.42427223920822144, -1.3472943305969238, -1.6312743425369263, -1.6541389226913452, -1.7254899740219116, -1.7409929037094116, -1.8043121099472046, -1.794779658317566, -1.7116013765335083, -1.8007915019989014, -1.813844084739685, -1.6348825693130493, -0.9395754337310791, -1.4464408159255981, -1.6334161758422852, -1.6600111722946167, -1.7554470300674438, -1.8890923261642456, -1.2921491861343384, -1.7482506036758423, -1.7453162670135498, -1.2408599853515625, -1.5609478950500488, -1.8175437450408936, -1.7665940523147583, -1.9792368412017822, -2.053647518157959, -1.9202607870101929, -0.7338531613349915, -0.5862880945205688, -1.6871060132980347, -1.829107642173767, -1.8977818489074707, -1.948215126991272, -1.9372613430023193, -1.821138620376587, -1.544747233390808, -1.8447479009628296, -2.0563037395477295, -2.1057324409484863, -2.1200976371765137, -2.1317899227142334, -2.1420791149139404, -2.1500821113586426, -2.158017873764038, -2.169095516204834, -2.1761369705200195, -2.182795286178589, -2.189541816711426, -2.199767827987671, -2.206346273422241, -2.2145328521728516, -2.2194690704345703, -2.229923963546753, -2.238307237625122, -2.2463855743408203, -2.2545528411865234, -2.262136220932007, -2.270232677459717, -2.278172016143799, -2.2868282794952393, -2.2952158451080322, -2.3026652336120605, -2.3118643760681152, -2.3197975158691406, -2.328737497329712, -2.336818218231201, -2.3458433151245117, -2.355117082595825, -2.3629539012908936, -2.3718671798706055, -2.3809688091278076, -2.3901124000549316, -2.400766611099243, -2.409273386001587, -2.419067621231079, -2.426520347595215, -2.437256336212158, -2.447335958480835, -2.456637144088745, -2.466034412384033, -2.477147102355957, -2.486863374710083, -2.4972922801971436, -2.507455825805664, -2.518132448196411, -2.527881622314453, -2.539924144744873, -2.5480966567993164, -2.560924530029297, -2.57321834564209, -2.583773612976074, -2.5945591926574707, -2.604799747467041, -2.616952657699585, -2.6282432079315186, -2.6396329402923584, -2.651839017868042, -2.6582820415496826, -2.6734402179718018, -2.6847264766693115, -2.6973302364349365, -2.7123658657073975, -2.7224905490875244, -2.732663631439209, -2.7412543296813965, -2.761113405227661, -2.764991283416748, -2.7688939571380615, -2.7185330390930176, -2.7853615283966064, -2.773074150085449, -2.787083864212036, -2.8320813179016113, -2.826829433441162, -2.850684881210327, -2.8648557662963867, -2.87851619720459, -2.843573570251465, -2.890887498855591, -2.8978047370910645, -2.920308828353882, -2.938228130340576, -2.861914873123169, -2.894717216491699, -2.898803234100342, -2.9517314434051514, -2.930881977081299],