{"n_parameters": 170754, "training_time": 2.328540802001953, "loss": [286.3563537597656, 3.1182801723480225, 3.478574514389038, 3.498199224472046, 3.5561110973358154, 3.299227237701416, 3.2751851081848145, 3.830517530441284, 3.9757392406463623, 2.5545332431793213, 4.243655204772949, 3.19339656829834, 1.9605695009231567, 2.4724817276000977, 1.9522923231124878, 1.7366114854812622, 1.2126429080963135, 1.6207705736160278, 0.8403017520904541, 0.7197993993759155, 0.4490918219089508, 0.39377355575561523, 0.4822815954685211, 0.09956635534763336, 0.3127385675907135, 0.09529008716344833, 0.22024372220039368, 0.25165480375289917, 0.021752599626779556, -0.09476485848426819, -0.17069391906261444, 0.6540294885635376, -0.1439797282218933, -0.1418919861316681, -0.0014413216849789023, 0.11590419709682465, -0.12490963190793991, 0.7456191182136536, -0.19337014853954315, -0.1719774454832077, 0.07372162491083145, -0.3145478069782257, -0.3709406554698944, -0.44704848527908325, -0.5455242991447449, -0.6638396382331848, -0.7711638808250427, -0.854791522026062, -0.9585074186325073, -1.0790550708770752, -1.1431257724761963, -1.206808090209961, -1.2677127122879028, -1.3720166683197021, -1.4111655950546265, -1.1781343221664429, -1.5850025415420532, -1.6538686752319336, -1.1947978734970093, -1.5893179178237915, -1.5260326862335205, -1.5133988857269287, -1.458362102508545, -1.7338011264801025, -1.4353492259979248, -1.5119984149932861, -1.8603895902633667, -1.5265055894851685, -1.6656473875045776, -1.44722318649292, -1.9163504838943481, -1.5884696245193481, -1.6280664205551147, -1.7894315719604492, -1.5039838552474976, -1.7213464975357056, -1.823475956916809, -1.5970640182495117, -1.7160649299621582, -1.9436511993408203, -1.5342894792556763, -1.6439647674560547, -2.035688877105713, -1.5759283304214478, -1.8602991104125977, -1.8205084800720215, -1.587182879447937, -1.7031030654907227, -1.9326344728469849, -1.8641912937164307, -1.5334168672561646, -1.768694281578064, -2.0098087787628174, -1.5259801149368286, -2.0874598026275635, -1.4078222513198853, -1.8586374521255493, -1.759122610092163, -1.5862481594085693, -2.0645079612731934, -1.4353058338165283, -2.0706355571746826, -1.7146822214126587, -1.876853346824646, -1.7446058988571167, -1.5395957231521606, -2.07751202583313, -1.6097594499588013, -1.920244574546814, -1.6833821535110474, -1.8094574213027954, -2.04331111907959, -1.4921114444732666, -2.049309253692627, -1.6565786600112915, -2.183948040008545, -2.2148404121398926, -2.2301995754241943, -2.2438292503356934, -2.257795572280884, -2.2738196849823, -2.2889184951782227, -2.3056998252868652, -2.31707501411438, -2.329822301864624, -2.340066909790039, -2.368577003479004, -2.3805956840515137, -2.3744261264801025, -2.406980514526367, -2.409425735473633, -2.442476749420166, -2.440730571746826, -2.4443891048431396, -2.4690003395080566, -2.4808146953582764, -2.486660957336426, -2.5009613037109375, -2.5177114009857178, -2.5334784984588623, -2.535505771636963, -2.5231971740722656, -2.568211793899536, -2.560969352722168, -2.569304943084717, -2.6024560928344727, -2.596559524536133, -2.584153890609741, -2.61850905418396, -2.6230175495147705, -2.643810749053955, -2.6255712509155273, -2.641406774520874, -2.6376872062683105, -2.668091058731079, -2.695262908935547, -2.694833278656006, -2.6977949142456055, -2.698779344558716, -2.699333667755127, -2.702425003051758, -2.702697515487671, -2.7017202377319336, -2.70235276222229, -2.7039780616760254, -2.7077903747558594, -2.708069324493408, -2.708287477493286, -2.7081713676452637], "val_loss": [3.1660726070404053, 3.227816343307495, 3.089088201522827, 3.124460220336914, 3.2755730152130127, 4.796603202819824, 3.2285518646240234, 2.7756197452545166, 2.7750680446624756, 6.858519077301025, 2.351064443588257, 2.3098533153533936, 5.8011579513549805, 1.568260908126831, 1.4634541273117065, 1.5480769872665405, 0.8876326084136963, 0.954316258430481, 0.6436089873313904, 0.5077003240585327, 0.9579593539237976, 0.38289180397987366, 0.2908586263656616, 0.5106232166290283, 1.1164023876190186, -0.24563094973564148, -0.23215046525001526, -0.10685674846172333, 0.1630936861038208, -0.2781922221183777, -0.6830253005027771, -0.027091650292277336, 0.1987629234790802, -0.10479003190994263, -0.3607693910598755, -0.3283020555973053, -0.3429414629936218, 0.1263805478811264, -0.35010722279548645, -0.3982468545436859, -0.2875320315361023, -0.3409445881843567, -0.4120633006095886, -0.5076003074645996, -0.628900945186615, -0.738486647605896, -0.8418524265289307, -0.9987514019012451, -1.0986883640289307, -0.9133802652359009, -1.328995704650879, -1.200353741645813, -1.4359207153320312, -1.2906934022903442, -1.5640969276428223, -1.6147019863128662, -1.6425162553787231, -0.6518571376800537, -1.6476722955703735, -1.4584299325942993, -1.6579850912094116, -1.7737075090408325, -1.7387261390686035, -1.7536282539367676, -1.7948614358901978, -1.7022873163223267, -0.8649356365203857, -1.5092042684555054, -1.6932774782180786, -1.7533087730407715, -0.8051389455795288, -1.4107884168624878, -1.318772315979004, -1.694830060005188, -1.8997958898544312, -1.2359943389892578, -1.9281059503555298, -1.63408362865448, -1.7489473819732666, -0.004330744966864586, -1.8455090522766113, -1.7584162950515747, -1.549461841583252, -1.98602294921875, -0.0471716970205307, -1.7144306898117065, -1.9805207252502441, -1.1916463375091553, -1.2617359161376953, -1.8538968563079834, -1.9287819862365723, -1.7480978965759277, -1.0828629732131958, -2.007819890975952, 1.509633183479309, -2.009425401687622, -1.991036295890808, -1.990416407585144, -1.5731078386306763, -1.8327858448028564, -1.9030404090881348, -1.756234049797058, -0.7701285481452942, -1.4057458639144897, -2.048144817352295, -1.7711824178695679, -1.4182220697402954, -1.046392798423767, -1.495641827583313, -1.9195537567138672, -1.3223867416381836, -1.3902989625930786, -1.774409532546997, -1.8207608461380005, -1.9726847410202026, -2.079758882522583, -2.0877938270568848, -2.101726531982422, -2.097299098968506, -2.027620315551758, -2.0453333854675293, -2.1287682056427, -2.135685682296753, -2.1599888801574707, -2.1678805351257324, -2.1765077114105225, -2.1718082427978516, -2.1845593452453613, -2.1984755992889404, -2.2090814113616943, -2.1925570964813232, -2.2208430767059326, -2.228454828262329, -2.238147020339966, -2.227877140045166, -2.2428195476531982, -2.2323265075683594, -2.252056360244751, -2.2527973651885986, -2.218520402908325, -2.128314256668091, -2.2681074142456055, -2.257248878479004, -2.0187270641326904, -2.268941640853882, -2.2333240509033203, -2.0611541271209717, -2.1028330326080322, -2.264953374862671, -2.242691993713379, -2.2534635066986084, -2.2391765117645264, -2.2465031147003174, -2.213402509689331, -2.2219600677490234, -2.244629144668579, -2.243145704269409, -2.23190975189209, -2.2250125408172607, -2.2467353343963623, -2.2432055473327637, -2.248237133026123, -2.2447803020477295, -2.2417218685150146, -2.2445836067199707, -2.243830919265747, -2.2436845302581787, -2.2423219680786133, -2.2417619228363037],