{"n_parameters": 101410, "training_time": 2.153661012649536, "loss": [1.4970446825027466, 0.7623850107192993, 0.6778869032859802, 0.6319348812103271, 0.6061576008796692, 0.5825161933898926, 0.5681049823760986, 0.5558096766471863, 0.542943000793457, 0.529120147228241, 0.5109289288520813, 0.4884639382362366, 0.4572329819202423, 0.41370007395744324, 0.3521260917186737, 0.2607785165309906, 0.1253509670495987, -0.05607658624649048, -0.24927467107772827, -0.4985453188419342, -0.5412836670875549, 0.07673245668411255, -0.4032158851623535, -0.4925824999809265, -0.6149742007255554, -0.5603627562522888, -0.41622111201286316, -0.7495705485343933, -0.850976288318634, -0.8876936435699463, -0.7885932922363281, -0.6449675559997559, -0.9355989098548889, -0.7198213338851929, -0.8124760985374451, -0.9409804940223694, -0.8729664087295532, -0.9059121608734131, -0.4642884135246277, -0.6186214089393616, -0.7697906494140625, -0.9496960043907166, -1.1069644689559937, -1.2143961191177368, -1.4186859130859375, -1.1907541751861572, -0.5953988432884216, -1.1176973581314087, -0.6563140749931335, -1.0665401220321655, -1.0701396465301514, -1.2835755348205566, -1.4327367544174194, -1.5515903234481812, -1.6644035577774048, -1.3690909147262573, -1.0167219638824463, -1.3346117734909058, -1.155516266822815, -0.9790677428245544, -1.1701712608337402, -1.316528081893921, -1.533851981163025, -1.6585617065429688, -1.82536780834198, -1.9870764017105103, -1.7681330442428589, -0.7389141321182251, -0.5134112238883972, -0.6897693872451782, -1.073899269104004, -1.2217984199523926, -1.3920634984970093, -1.5186346769332886, -1.617023229598999, -1.7232412099838257, -1.8613022565841675, -1.987930417060852, -2.097766160964966, -1.9598853588104248, -0.13532383739948273, 0.05428636819124222, -1.0890474319458008, -1.320981740951538, -1.4462862014770508, -1.5222947597503662, -1.6130999326705933, -1.719490885734558, -1.8207495212554932, -1.9163343906402588, -1.9901175498962402, -2.0037355422973633, -2.020146369934082, -2.0320637226104736, -2.0456883907318115, -2.0590243339538574, -2.0721704959869385, -2.085939884185791, -2.0995287895202637, -2.1131060123443604, -2.1279191970825195, -2.1419103145599365, -2.156174659729004, -2.171809434890747, -2.186345100402832, -2.20241117477417, -2.2192885875701904, -2.2373600006103516, -2.2507004737854004, -2.2724862098693848, -2.286766529083252, -2.3053715229034424, -2.325096368789673, -2.341427803039551, -2.36262583732605, -2.38210391998291, -2.400045156478882, -2.4199604988098145, -2.443545341491699, -2.465608596801758, -2.484642505645752, -2.504711151123047, -2.512510299682617, -2.54049015045166, -2.5625181198120117, -2.5972564220428467, -2.623650074005127, -2.6355080604553223, -2.661837577819824, -2.6911909580230713, -2.7174932956695557, -2.746797561645508, -2.694823980331421, -2.749113082885742, -2.771479606628418, -2.816110134124756, -2.8261590003967285, -2.8332908153533936, -2.839271068572998, -2.84148907661438, -2.8448078632354736, -2.8492271900177, -2.851989507675171, -2.855522871017456, -2.8595640659332275], "val_loss": [0.8551621437072754, 0.6870107054710388, 0.6442335844039917, 0.6047160029411316, 0.5821453332901001, 0.568337082862854, 0.5577612519264221, 0.5462214946746826, 0.5333516001701355, 0.5178415179252625, 0.49707403779029846, 0.47077423334121704, 0.43415558338165283, 0.38270509243011475, 0.30773693323135376, 0.19878491759300232, 0.0406440794467926, -0.1733105331659317, -0.3761623799800873, -0.5548022985458374, -0.0526738241314888, -0.6852467656135559, -0.3888625502586365, -0.5597092509269714, -0.6573611497879028, -0.726352870464325, -0.6432207226753235, -0.7129649519920349, -0.8419440388679504, -0.8304031491279602, -0.9187126755714417, -0.6062623858451843, -0.9678061008453369, -0.946853518486023, -0.7873620390892029, -0.8498501181602478, -0.7793200612068176, 0.007857179269194603, -0.5590322017669678, -0.6212769746780396, -0.9715774059295654, -0.8310218453407288, -1.1218295097351074, -1.291210412979126, -0.5781189799308777, -1.0877546072006226, -0.9090275764465332, -0.33896952867507935, -0.946387767791748, -0.8946271538734436, -1.0893101692199707, -1.2675690650939941, -1.3950979709625244, -1.502260446548462, -1.4262690544128418, -0.829282283782959, -0.9775353074073792, -1.2145451307296753, -0.40857744216918945, -0.9955993890762329, -1.2544925212860107, -1.4648640155792236, -1.5094809532165527, -1.6553009748458862, -1.7414127588272095, -1.5737552642822266, -0.6180921792984009, -0.826856791973114, -0.7353687882423401, -1.0340129137039185, -0.9497043490409851, -1.2336803674697876, -1.3931726217269897, -1.499387502670288, -1.5763534307479858, -1.6670007705688477, -1.764096736907959, -1.8507295846939087, -1.7521965503692627, -0.6418851613998413, -0.3372727036476135, -1.3973065614700317, -1.3485252857208252, -1.4010809659957886, -1.4557300806045532, -1.487579345703125, -1.5449795722961426, -1.650437355041504, -1.7382159233093262, -1.7904753684997559, -1.8194297552108765, -1.8235981464385986, -1.8349242210388184, -1.8406853675842285, -1.852205753326416, -1.860613465309143, -1.869393229484558, -1.8790843486785889, -1.884643793106079, -1.8967326879501343, -1.9020473957061768, -1.9133580923080444, -1.9104483127593994, -1.9271044731140137, -1.9341270923614502, -1.9433811902999878, -1.9469919204711914, -1.9622193574905396, -1.9650064706802368, -1.9753929376602173, -1.9739898443222046, -1.9924890995025635, -1.993583083152771, -2.0104756355285645, -2.0033438205718994, -2.0242011547088623, -2.0117077827453613, -2.0261833667755127, -2.029844045639038, -2.026854991912842, -2.0275535583496094, -2.0414681434631348, -2.039534091949463, -2.0335335731506348, -2.0376274585723877, -2.02807354927063, -2.0159897804260254, -1.9694254398345947, -2.012160301208496, -1.9437974691390991, -1.9640144109725952, -1.8204127550125122, -1.8736252784729004, -1.8774595260620117, -1.936431646347046, -1.9556368589401245, -1.9643511772155762, -1.9599792957305908, -1.9558887481689453, -1.9606868028640747, -1.9470311403274536, -1.95076322555542, -1.9498505592346191, -1.944370150566101, -1.942740559577942],