{"n_parameters": 92178, "training_time": 2.455824851989746, "loss": [31.929893493652344, 1.6048136949539185, 1.0630608797073364, 0.7356690764427185, 0.5135636925697327, 0.5029085278511047, 0.5442368984222412, 0.7510122656822205, 0.2807278633117676, 0.779458224773407, 0.40864819288253784, 0.5405445694923401, 0.542041003704071, 0.4048860967159271, 0.43856626749038696, 1.0254887342453003, 0.9768498539924622, 2.270759344100952, 0.38077932596206665, 0.6710488796234131, 0.5789946913719177, 1.1665542125701904, 0.3957435190677643, 0.3696213364601135, -0.25222787261009216, -0.7343990802764893, -1.0261150598526, -1.0954710245132446, -1.1873021125793457, -1.1068782806396484, -1.3596160411834717, -1.2045550346374512, -1.3618255853652954, -1.2896579504013062, -1.3847054243087769, -1.3842355012893677, -1.3762682676315308, -1.4208595752716064, -1.4083082675933838, -1.3792433738708496, -1.4318857192993164, -1.3554846048355103, -1.2442184686660767, -1.43015456199646, -1.433420181274414, -1.5682239532470703, -1.2897582054138184, -1.4045487642288208, -1.4670069217681885, -1.5045253038406372, -1.266849398612976, -1.5202425718307495, -1.4795633554458618, -1.434375286102295, -1.461174726486206, -1.4025059938430786, -1.4986279010772705, -1.447946548461914, -1.4690122604370117, -1.429324746131897, -1.5827996730804443, -1.442069411277771, -1.3714606761932373, -1.4206806421279907, -1.5442112684249878, -1.427170753479004, -1.255590796470642, -1.5707670450210571, -1.4924885034561157, -1.5496783256530762, -1.9918640851974487, -2.256033420562744, -2.436112880706787, -2.5467565059661865, -2.6495304107666016, -2.6998305320739746, -2.770057201385498, -2.814164638519287, -2.829651117324829, -2.8793606758117676, -2.8531436920166016, -2.950234889984131, -2.975701332092285, -2.9054665565490723, -2.9871621131896973, -2.946908712387085, -2.936784267425537, -3.1853654384613037, -3.204324960708618, -3.2144124507904053, -3.2216269969940186, -3.236455202102661, -3.2398998737335205, -3.248931407928467, -3.2545344829559326, -3.264468193054199, -3.275068998336792, -3.2715814113616943], "val_loss": [1.470008373260498, 0.9473755955696106, 1.491446852684021, 0.6058192253112793, 0.834891140460968, 0.49589478969573975, 0.2766822278499603, 1.188459038734436, 2.6285390853881836, 0.14344851672649384, -0.04462306573987007, 0.4751530885696411, 0.514579713344574, 2.5675642490386963, 0.2037075310945511, 0.08561762422323227, 0.033211179077625275, 0.07295887917280197, 1.0791867971420288, 0.0037286358419805765, 0.19906389713287354, 1.3558329343795776, 0.2003537118434906, 0.13569174706935883, -0.38052862882614136, -0.6325080990791321, -1.1253182888031006, -1.188573956489563, -0.5569050908088684, -1.0816450119018555, -0.9960597157478333, -1.2425638437271118, -0.7333935499191284, -1.2961450815200806, -1.4770958423614502, 1.3556225299835205, -1.468489646911621, -0.8493546843528748, -1.0876405239105225, -1.570886492729187, -1.5136702060699463, -1.5016933679580688, -1.587593913078308, -1.3222986459732056, -1.5053685903549194, 2.0878942012786865, -0.9868993759155273, -0.22080600261688232, -0.29134806990623474, -1.4885528087615967, -1.386269211769104, -1.5872442722320557, -0.6396852731704712, -1.4755932092666626, -1.2850162982940674, -1.6490367650985718, -1.6575590372085571, -1.3808084726333618, -1.4769177436828613, -0.996842086315155, -1.2827999591827393, -1.6240347623825073, -1.5446559190750122, 0.6161318421363831, -1.5421013832092285, -1.485850214958191, 0.36224696040153503, -1.0825426578521729, -1.4929872751235962, -0.9818711280822754, -1.7316956520080566, -1.7866342067718506, -1.5345700979232788, -1.832966685295105, -1.7263598442077637, -1.470935583114624, -1.2457141876220703, -0.8059307336807251, -1.0841093063354492, -0.8002884984016418, -1.0394073724746704, -0.435068815946579, -0.546134889125824, -0.32866549491882324, -0.590724766254425, -0.4604361057281494, -0.17626072466373444, -0.23700584471225739, -0.23352806270122528, -0.21070002019405365, -0.18729640543460846, -0.16878142952919006, -0.12506531178951263, -0.08830171823501587, -0.06299079954624176, -0.013886376284062862, 0.06641271710395813, 0.09632675349712372], "lr": [0.011924435384571552, 0.011924435384571552, 0.011924435384571552, 0.011924435384571552, 0.011924435384571552, 0.011924435384571552, 0.011924435384571552, 0.011924435384571552, 0.011924435384571552, 0.011924435384571552, 0.011924435384571552, 0.011924435384571552, 0.011924435384571552, 0.011924435384571552, 0.011924435384571552, 0.011924435384571552, 0.011924435384571552, 0.011924435384571552, 0.011924435384571552, 0.011924435384571552, 0.011924435384571552, 0.011924435384571552, 0.011924435384571552, 0.011924435384571552, 0.0011924435384571552, 0.0011924435384571552, 0.0011924435384571552, 0.0011924435384571552, 0.0011924435384571552, 0.0011924435384571552, 0.0011924435384571552, 0.0011924435384571552, 0.0011924435384571552, 0.0011924435384571552, 0.0011924435384571552, 0.0011924435384571552, 0.0011924435384571552, 0.0011924435384571552, 0.0011924435384571552, 0.0011924435384571552, 0.0011924435384571552, 0.0011924435384571552, 0.0011924435384571552, 0.0011924435384571552, 0.0011924435384571552, 0.0011924435384571552, 0.0011924435384571552, 0.0011924435384571552, 0.0011924435384571552, 0.0011924435384571552, 0.0011924435384571552, 0.0011924435384571552, 0.0011924435384571552, 0.0011924435384571552, 0.0011924435384571552, 0.0011924435384571552, 0.0011924435384571552, 0.0011924435384571552, 0.0011924435384571552, 0.0011924435384571552, 0.0011924435384571552, 0.0011924435384571552, 0.0011924435384571552, 0.0011924435384571552, 0.0011924435384571552, 0.0011924435384571552, 0.0011924435384571552, 0.0011924435384571552, 0.0011924435384571552, 0.0011924435384571552, 0.000119244352390524, 0.000119244352390524, 0.000119244352390524, 0.000119244352390524, 0.000119244352390524, 0.000119244352390524, 0.000119244352390524, 0.000119244352390524, 0.000119244352390524, 0.000119244352390524, 0.000119244352390524, 0.000119244352390524, 0.000119244352390524, 0.000119244352390524, 0.000119244352390524, 0.000119244352390524, 0.000119244352390524, 1.192443505715346e-05, 1.192443505715346e-05, 1.192443505715346e-05, 1.192443505715346e-05, 1.192443505715346e-05, 1.192443505715346e-05, 1.192443505715346e-05, 1.192443505715346e-05, 1.192443505715346e-05, 1.192443505715346e-05, 1.192443505715346e-05]}