{"n_parameters": 50578, "training_time": 1.3423142433166504, "loss": [0.663829505443573, 0.519779622554779, 0.42075368762016296, 0.3350585699081421, 0.20915114879608154, 0.025714339688420296, -0.19664180278778076, -0.45585206151008606, -0.4406053125858307, -0.3550419807434082, -0.3926914930343628, -0.03890032321214676, -0.5658880472183228, -0.7058385014533997, -0.708512544631958, -0.8459291458129883, -0.9196004867553711, -0.9895260334014893, -1.032910704612732, -0.9557718634605408, -0.259060263633728, -0.9654411673545837, -1.0841771364212036, -1.140798807144165, -1.1636202335357666, -1.2614243030548096, -0.6834315657615662, -0.5268866419792175, -0.9219316244125366, -1.094759225845337, -1.119085669517517, -1.2003118991851807, -1.2209527492523193, -1.3402587175369263, -1.262775182723999, -1.2282533645629883, -1.3326820135116577, -1.470957636833191, -1.536240577697754, -0.9647132754325867, -0.45633432269096375, -1.4678696393966675, -1.518206238746643, -1.6178072690963745, -1.668725609779358, -1.6229792833328247, -1.5685323476791382, -1.2856847047805786, -0.7472376227378845, -1.2584846019744873, -1.443192958831787, -1.5152944326400757, -1.6394522190093994, -1.6878833770751953, -1.712805986404419, -1.6178152561187744, -1.623207449913025, -1.7750037908554077, -1.747417688369751, -1.7141815423965454, -1.7134768962860107, -1.7434722185134888, -1.5045746564865112, -1.6876386404037476, -1.2811589241027832, -1.482182502746582, -1.543526530265808, -1.387158751487732, -1.4734677076339722, -1.258460283279419, -0.7791386246681213, -1.5922352075576782, -1.7401498556137085, -1.7821924686431885, -1.807334542274475, -1.8235408067703247, -1.832520604133606, -1.8349604606628418, -1.8442047834396362, -1.8534677028656006, -1.8610788583755493, -1.8673949241638184], "val_loss": [0.5343141555786133, 0.4650133550167084, 0.3854810893535614, 0.2804226875305176, 0.14217106997966766, -0.07719556242227554, -0.3365175127983093, -0.561863124370575, -0.6098915934562683, -0.253391832113266, 0.019050968810915947, -0.5413804650306702, -0.6125218868255615, -0.5863872170448303, -0.7051838636398315, -0.8267208933830261, -0.8814594745635986, -0.9610854387283325, -1.0207955837249756, -0.49996572732925415, -0.8009398579597473, -1.0172042846679688, -1.0400984287261963, -1.0427085161209106, -1.0938602685928345, -0.7279754877090454, -0.4317602217197418, -1.1152178049087524, -1.113417387008667, -0.8820052742958069, -0.9006561636924744, -1.1718872785568237, -1.2767544984817505, -1.2271158695220947, -1.0037930011749268, -1.2111018896102905, -1.2165838479995728, -1.3264100551605225, -1.3963905572891235, -0.07297584414482117, -1.2756816148757935, -1.3539843559265137, -1.4611389636993408, -1.4748584032058716, -1.5242524147033691, -1.5118720531463623, -1.2636243104934692, -0.7700937986373901, -1.46562922000885, -1.4251717329025269, -1.3926650285720825, -1.4137217998504639, -1.5542900562286377, -1.5191795825958252, -1.4921882152557373, -1.6320912837982178, -1.6546772718429565, -1.48734712600708, -1.7013932466506958, -1.0130218267440796, -1.576265811920166, -1.6000187397003174, -1.251463770866394, -1.184390902519226, -1.6603788137435913, -1.6845687627792358, -0.7002644538879395, -1.4272843599319458, -1.0999045372009277, -1.3992178440093994, -1.227359414100647, -1.6218688488006592, -1.6266745328903198, -1.6219688653945923, -1.6548020839691162, -1.6503421068191528, -1.6652677059173584, -1.665803074836731, -1.6723698377609253, -1.6750919818878174, -1.685300588607788, -1.6864277124404907], "lr": [0.0015375757357105613, 0.0015375757357105613, 0.0015375757357105613, 0.0015375757357105613, 0.0015375757357105613, 0.0015375757357105613, 0.0015375757357105613, 0.0015375757357105613, 0.0015375757357105613, 0.0015375757357105613, 0.0015375757357105613, 0.0015375757357105613, 0.0015375757357105613, 0.0015375757357105613, 0.0015375757357105613, 0.0015375757357105613, 0.0015375757357105613, 0.0015375757357105613, 0.0015375757357105613, 0.0015375757357105613, 0.0015375757357105613, 0.0015375757357105613, 0.0015375757357105613, 0.0015375757357105613, 0.0015375757357105613, 0.0015375757357105613, 0.0015375757357105613, 0.0015375757357105613, 0.0015375757357105613, 0.0015375757357105613, 0.0015375757357105613, 0.0015375757357105613, 0.0015375757357105613, 0.0015375757357105613, 0.0015375757357105613, 0.0015375757357105613, 0.0015375757357105613, 0.0015375757357105613, 0.0015375757357105613, 0.0015375757357105613, 0.0015375757357105613, 0.0015375757357105613, 0.0015375757357105613, 0.0015375757357105613, 0.0015375757357105613, 0.0015375757357105613, 0.0015375757357105613, 0.0015375757357105613, 0.0015375757357105613, 0.0015375757357105613, 0.0015375757357105613, 0.0015375757357105613, 0.0015375757357105613, 0.0015375757357105613, 0.0015375757357105613, 0.0015375757357105613, 0.0015375757357105613, 0.0015375757357105613, 0.0015375757357105613, 0.0015375757357105613, 0.0015375757357105613, 0.0015375757357105613, 0.0015375757357105613, 0.0015375757357105613, 0.0015375757357105613, 0.0015375757357105613, 0.0015375757357105613, 0.0015375757357105613, 0.0015375757357105613, 0.0015375757357105613, 0.0015375757357105613, 0.00015375757357105613, 0.00015375757357105613, 0.00015375757357105613, 0.00015375757357105613, 0.00015375757357105613, 0.00015375757357105613, 0.00015375757357105613, 0.00015375757357105613, 0.00015375757357105613, 0.00015375757357105613, 0.00015375757357105613]}