{"n_parameters": 70258, "training_time": 1.6718871593475342, "loss": [5.782236099243164, 0.8312487602233887, 1.0423766374588013, 0.7579413056373596, 0.9479151964187622, 0.6520357728004456, 0.6111586093902588, 0.6124147176742554, 0.3631289303302765, 0.2085108906030655, 0.9036988615989685, 0.008332161232829094, 0.20662951469421387, 0.3917198181152344, 0.14656125009059906, 0.17018377780914307, -0.07664240896701813, 0.366271436214447, -0.152984157204628, -0.012602291069924831, -0.040156058967113495, -0.22949755191802979, 0.0430816151201725, -0.019113479182124138, -0.15428243577480316, -0.18587276339530945, -0.3142860531806946, 0.012722172774374485, -0.3498855233192444, 0.10628027468919754, -0.23117774724960327, -0.0774393305182457, -0.3452759087085724, 0.3257046639919281, -0.4568040668964386, -0.266387939453125, -0.4055212736129761, -0.14789243042469025, 0.05276455730199814, -0.36599841713905334, -0.07180517911911011, -0.4797624349594116, -0.16113416850566864, -0.27685752511024475, -0.41726168990135193, -0.35848474502563477, -0.3582969009876251, -0.11215371638536453, -0.9602066278457642, -1.161139965057373, -1.378768801689148, -1.588558554649353, -1.6558098793029785, -1.7977620363235474, -1.7365524768829346, -1.947684645652771, -2.035099506378174, -1.833188772201538, -1.9428586959838867, -2.1834895610809326, -1.9623326063156128, -2.0423946380615234, -1.8917131423950195, -1.845316767692566, -2.2246668338775635, -1.9854646921157837, -2.0482981204986572, -2.0450429916381836, -1.798291563987732, -2.281878709793091, -2.126072406768799, -1.9365442991256714, -2.121868133544922, -2.1901066303253174, -2.0412473678588867, -2.059044361114502, -2.136449098587036, -1.9812211990356445, -2.1538658142089844, -2.0218775272369385, -2.074946641921997, -2.241250991821289, -2.098905086517334, -2.196086883544922, -2.2144248485565186, -2.5650272369384766, -2.6046183109283447, -2.6439411640167236, -2.676201581954956, -2.7134714126586914, -2.746410846710205, -2.773322582244873, -2.81046462059021, -2.839606523513794, -2.8600125312805176, -2.8958845138549805, -2.910658121109009, -2.9376580715179443, -2.9542298316955566, -2.980788469314575, -3.025289297103882, -3.0301671028137207, -3.034066915512085, -3.0363211631774902, -3.0392487049102783, -3.0416316986083984, -3.0437421798706055, -3.0478355884552, -3.0478529930114746, -3.0518786907196045, -3.0569279193878174, -3.057180881500244, -3.0573902130126953, -3.0578575134277344], "val_loss": [0.8301333785057068, 0.6228857040405273, 0.6207093596458435, 0.5775449872016907, 0.4999222457408905, 0.4101187586784363, 1.3066844940185547, 0.29097098112106323, 0.6076041460037231, -0.2545113265514374, -0.11305156350135803, 0.021697234362363815, -0.23708851635456085, -0.06983020156621933, -0.20486536622047424, -0.2483230084180832, -0.19538287818431854, -0.14982348680496216, 0.301749050617218, -0.3526501953601837, -0.32024526596069336, 2.484354019165039, -0.3787626028060913, -0.23878024518489838, -0.5288273692131042, -0.42303964495658875, 1.2976244688034058, -0.4049053192138672, -0.06275633722543716, -0.08464668691158295, -0.49991726875305176, -0.5705850124359131, -0.39559322595596313, -0.4730012118816376, -0.5298883318901062, -0.6187505125999451, -0.9011567234992981, -0.8239089846611023, -0.592515766620636, 3.758995294570923, -0.6806363463401794, -0.7642353773117065, -0.24631837010383606, -0.46019187569618225, -0.6539472341537476, -0.6086910367012024, 3.192444086074829, -0.8436012864112854, -1.0213176012039185, -1.2365496158599854, -1.4725455045700073, -1.654919981956482, -1.7531437873840332, -1.5436632633209229, -1.9216930866241455, -1.622002124786377, -2.034902811050415, -1.502145528793335, -1.2936042547225952, -1.8416781425476074, -2.0341105461120605, -2.140683889389038, -1.91294264793396, -2.0529749393463135, -2.104733943939209, -2.0557940006256104, -2.171583890914917, -2.094663143157959, -2.1774308681488037, -1.7287737131118774, -1.2015093564987183, -2.152716636657715, -2.1615171432495117, -2.0393378734588623, -2.178462266921997, -1.9976134300231934, -1.9770734310150146, -2.09317684173584, -1.8774734735488892, -1.444764494895935, -1.5448681116104126, -0.683185338973999, -0.521028459072113, -2.1690406799316406, -2.1366689205169678, -2.2377712726593018, -2.260524034500122, -2.2520997524261475, -2.2753403186798096, -2.29445481300354, -2.2943031787872314, -2.2930431365966797, -2.277477502822876, -2.2695648670196533, -2.2783920764923096, -2.273061990737915, -2.250455856323242, -2.229315996170044, -2.1976258754730225, -2.2097995281219482, -2.2125322818756104, -2.206040143966675, -2.208341360092163, -2.200331449508667, -2.2024593353271484, -2.1963326930999756, -2.192561626434326, -2.1888420581817627, -2.18967342376709, -2.1864895820617676, -2.186300039291382, -2.186156749725342, -2.185992956161499, -2.1858127117156982], "lr": [0.004499382339417934, 0.004499382339417934, 0.004499382339417934, 0.004499382339417934, 0.004499382339417934, 0.004499382339417934, 0.004499382339417934, 0.004499382339417934, 0.004499382339417934, 0.004499382339417934, 0.004499382339417934, 0.004499382339417934, 0.004499382339417934, 0.004499382339417934, 0.004499382339417934, 0.004499382339417934, 0.004499382339417934, 0.004499382339417934, 0.004499382339417934, 0.004499382339417934, 0.004499382339417934, 0.004499382339417934, 0.004499382339417934, 0.004499382339417934, 0.004499382339417934, 0.004499382339417934, 0.004499382339417934, 0.004499382339417934, 0.004499382339417934, 0.004499382339417934, 0.004499382339417934, 0.004499382339417934, 0.004499382339417934, 0.004499382339417934, 0.004499382339417934, 0.004499382339417934, 0.004499382339417934, 0.004499382339417934, 0.004499382339417934, 0.004499382339417934, 0.004499382339417934, 0.004499382339417934, 0.004499382339417934, 0.004499382339417934, 0.004499382339417934, 0.004499382339417934, 0.004499382339417934, 0.00044993823394179344, 0.00044993823394179344, 0.00044993823394179344, 0.00044993823394179344, 0.00044993823394179344, 0.00044993823394179344, 0.00044993823394179344, 0.00044993823394179344, 0.00044993823394179344, 0.00044993823394179344, 0.00044993823394179344, 0.00044993823394179344, 0.00044993823394179344, 0.00044993823394179344, 0.00044993823394179344, 0.00044993823394179344, 0.00044993823394179344, 0.00044993823394179344, 0.00044993823394179344, 0.00044993823394179344, 0.00044993823394179344, 0.00044993823394179344, 0.00044993823394179344, 0.00044993823394179344, 0.00044993823394179344, 0.00044993823394179344, 0.00044993823394179344, 0.00044993823394179344, 0.00044993823394179344, 0.00044993823394179344, 0.00044993823394179344, 0.00044993823394179344, 0.00044993823394179344, 0.00044993823394179344, 0.00044993823394179344, 0.00044993823394179344, 0.00044993823394179344, 0.00044993823394179344, 4.4993823394179344e-05, 4.4993823394179344e-05, 4.4993823394179344e-05, 4.4993823394179344e-05, 4.4993823394179344e-05, 4.4993823394179344e-05, 4.4993823394179344e-05, 4.4993823394179344e-05, 4.4993823394179344e-05, 4.4993823394179344e-05, 4.4993823394179344e-05, 4.4993823394179344e-05, 4.4993823394179344e-05, 4.4993823394179344e-05, 4.4993823394179344e-05, 4.499382157518994e-06, 4.499382157518994e-06, 4.499382157518994e-06, 4.499382157518994e-06, 4.499382157518994e-06, 4.499382157518994e-06, 4.499382157518994e-06, 4.499382157518994e-06, 4.499382157518994e-06, 4.499382157518994e-06, 4.499382271205832e-07, 4.499382271205832e-07, 4.499382271205832e-07, 4.499382271205832e-07]}