{"n_parameters": 115330, "training_time": 1.4937050342559814, "loss": [15.835824966430664, 1.2789812088012695, 1.1646971702575684, 1.305775761604309, 0.9160158038139343, 0.7252761721611023, 0.7282915115356445, 0.5794196724891663, 0.4380110502243042, 0.3787336051464081, 0.40841493010520935, 0.36703819036483765, 0.1853322982788086, 0.2969109117984772, 0.012095755897462368, 0.6210545897483826, 0.025565510615706444, 0.3346858620643616, 1.124039888381958, 0.05374390631914139, 0.11042346805334091, 0.03202594444155693, 0.059762176126241684, 1.0153898000717163, -0.19217178225517273, 1.981032371520996, 0.04115970805287361, -0.1281789392232895, -0.2045866996049881, -0.6069778203964233, -0.851487398147583, -1.048561692237854, -1.331065058708191, -1.3562639951705933, -1.4269418716430664, -1.5101748704910278, -1.610595464706421, -1.341139554977417, -1.5430232286453247, -1.6939396858215332, -1.62697434425354, -1.5176129341125488, -1.3416905403137207, -1.7056622505187988, -1.869825005531311, -1.5697972774505615, -1.430633544921875, -1.551937222480774, -1.5850234031677246, -1.7923749685287476, -1.5930640697479248, -1.6421359777450562, -1.6210567951202393, -1.59938645362854, -1.6342270374298096, -1.5503548383712769, -1.6770576238632202, -1.631216049194336, -1.6149888038635254, -1.6829347610473633, -1.6043345928192139, -2.0493531227111816, -2.118689775466919, -2.190842866897583, -2.269813060760498, -2.344611406326294, -2.4078869819641113, -2.48111891746521, -2.5232136249542236, -2.5991666316986084, -2.640605926513672, -2.7085862159729004], "val_loss": [1.1660956144332886, 0.9163621068000793, 0.8482407927513123, 0.7352608442306519, 0.8906660676002502, 0.707558274269104, 0.6429364085197449, 0.2893713116645813, 0.3231329917907715, 0.12154529988765717, 0.0679888054728508, -0.061798881739377975, 0.20672361552715302, 0.11087612062692642, -0.39967718720436096, 0.10300945490598679, -0.3151434659957886, -0.19799722731113434, 1.0174444913864136, -0.3850401043891907, -0.0812133327126503, -0.17735342681407928, -0.2724668085575104, -0.0349699966609478, -0.30380117893218994, -0.1687641739845276, -0.09996373951435089, 0.9087140560150146, -0.487070232629776, -0.7271970510482788, -1.0819040536880493, -1.2990849018096924, -1.2488809823989868, -1.4629814624786377, -1.352254033088684, -1.2054234743118286, -1.647477149963379, -0.6711304783821106, -1.1645686626434326, -1.5567083358764648, 1.0145976543426514, -0.8856602907180786, -1.6193722486495972, -1.5501490831375122, -0.7519918084144592, -1.2059884071350098, -1.4603829383850098, -1.7376904487609863, -1.008833885192871, -1.6249266862869263, -1.7128814458847046, -1.6230173110961914, -0.19732341170310974, -0.3264975845813751, -1.6946589946746826, -0.581717848777771, -1.532975435256958, -1.5327532291412354, -1.3925575017929077, 0.9165291786193848, -1.521679401397705, -1.6120542287826538, -1.6398656368255615, -1.637182354927063, -1.6715006828308105, -1.609089732170105, -1.6312249898910522, -1.5981191396713257, -1.551262617111206, -1.5155863761901855, -1.316640019416809, -1.2449476718902588], "lr": [0.004636633675545454, 0.004636633675545454, 0.004636633675545454, 0.004636633675545454, 0.004636633675545454, 0.004636633675545454, 0.004636633675545454, 0.004636633675545454, 0.004636633675545454, 0.004636633675545454, 0.004636633675545454, 0.004636633675545454, 0.004636633675545454, 0.004636633675545454, 0.004636633675545454, 0.004636633675545454, 0.004636633675545454, 0.004636633675545454, 0.004636633675545454, 0.004636633675545454, 0.004636633675545454, 0.004636633675545454, 0.004636633675545454, 0.004636633675545454, 0.004636633675545454, 0.004636633675545454, 0.004636633675545454, 0.004636633675545454, 0.0004636633675545454, 0.0004636633675545454, 0.0004636633675545454, 0.0004636633675545454, 0.0004636633675545454, 0.0004636633675545454, 0.0004636633675545454, 0.0004636633675545454, 0.0004636633675545454, 0.0004636633675545454, 0.0004636633675545454, 0.0004636633675545454, 0.0004636633675545454, 0.0004636633675545454, 0.0004636633675545454, 0.0004636633675545454, 0.0004636633675545454, 0.0004636633675545454, 0.0004636633675545454, 0.0004636633675545454, 0.0004636633675545454, 0.0004636633675545454, 0.0004636633675545454, 0.0004636633675545454, 0.0004636633675545454, 0.0004636633675545454, 0.0004636633675545454, 0.0004636633675545454, 0.0004636633675545454, 0.0004636633675545454, 0.0004636633675545454, 0.0004636633675545454, 0.0004636633675545454, 4.636633821064606e-05, 4.636633821064606e-05, 4.636633821064606e-05, 4.636633821064606e-05, 4.636633821064606e-05, 4.636633821064606e-05, 4.636633821064606e-05, 4.636633821064606e-05, 4.636633821064606e-05, 4.636633821064606e-05, 4.636633821064606e-05]}