{"n_parameters": 27090, "training_time": 1.220033884048462, "loss": [4.430823802947998, 0.6152636408805847, 0.578509509563446, 0.5098055601119995, 0.5167202949523926, 0.8605252504348755, 0.2000611126422882, 0.30244553089141846, 0.40800127387046814, 0.5474886894226074, 0.2371479868888855, 1.7168534994125366, 0.02484086900949478, 1.0630416870117188, -0.03313422203063965, 0.3895617127418518, -0.025864167138934135, 0.35219117999076843, 0.2550502121448517, 0.40107452869415283, 0.5112311840057373, -0.014397780410945415, 0.14257368445396423, 0.1763727068901062, 0.2252958118915558, 0.20531706511974335, 0.8218727707862854, 2.3994362354278564, -0.11818372458219528, -0.10179053246974945, 0.20750273764133453, -0.12953881919384003, 0.2572113871574402, -0.8504868745803833, -0.9971078634262085, -1.0864174365997314, -1.203881859779358, -1.24495267868042, -1.0891475677490234, -1.4450925588607788, -1.2991677522659302, -1.337172031402588, -1.4643880128860474, -1.344313144683838, -1.3820284605026245, -1.264495611190796, -1.3520445823669434, -1.4731402397155762, -1.3984507322311401, -1.4648863077163696, -1.4501981735229492, -1.436470627784729, -1.3148322105407715, -1.4773297309875488, -1.5812451839447021, -1.431613564491272, -1.3748949766159058, -1.362299919128418, -1.7035090923309326, -1.386538028717041, -1.4285383224487305, -1.4361937046051025, -1.5332409143447876, -1.4729760885238647, -1.464372992515564, -1.8919217586517334, -1.9638574123382568, -2.014641046524048, -2.0726027488708496, -2.133573055267334, -2.1922154426574707, -2.2440052032470703, -2.3054144382476807, -2.3479185104370117, -2.4049489498138428, -2.4373779296875, -2.4902212619781494, -2.5064122676849365, -2.560351848602295, -2.5958287715911865, -2.5856027603149414, -2.6563379764556885, -2.684352159500122, -2.685728073120117, -2.7414019107818604, -2.7560324668884277, -2.7597455978393555, -2.8339340686798096, -2.8647942543029785, -2.8690919876098633, -2.8766000270843506, -2.8768320083618164, -2.8822150230407715, -2.8839752674102783, -2.8912441730499268, -2.8944857120513916, -2.8973615169525146, -2.9049072265625, -2.9053797721862793, -2.905874729156494, -2.906648874282837], "val_loss": [0.634341299533844, 0.5572786927223206, 0.5019296407699585, 0.8012345433235168, 0.33976688981056213, 0.1776685267686844, 1.6406313180923462, -0.06803388893604279, -0.18315160274505615, 0.09618294984102249, 0.0047134761698544025, 0.23721195757389069, -0.19412244856357574, -0.12709033489227295, -0.24657802283763885, 0.13391989469528198, 0.7091606855392456, 0.030170008540153503, -0.1670219451189041, -0.24541963636875153, 0.0068509504199028015, -0.32600855827331543, -0.20892997086048126, 3.638272285461426, 0.9048620462417603, -0.2342272847890854, -0.1731230467557907, -0.12435859441757202, -0.3102699816226959, 0.11675610393285751, 0.035326048731803894, 5.132908821105957, -0.7627116441726685, -0.9351727366447449, -1.1404484510421753, -1.032804012298584, -0.878435492515564, -0.49118316173553467, -1.0977238416671753, -0.15668678283691406, -0.8359537720680237, -1.2166246175765991, -1.6103390455245972, -1.6371910572052002, -1.6669137477874756, -1.602596402168274, -1.5788793563842773, -1.3466242551803589, -0.6052032709121704, -1.4601365327835083, -1.572464108467102, -1.6684119701385498, -1.6798601150512695, -1.6688154935836792, -1.7118358612060547, -1.05315101146698, -0.9898038506507874, -1.4605388641357422, 1.3253538608551025, -1.2787874937057495, -0.5104422569274902, -0.14449746906757355, -1.014021873474121, -1.6695384979248047, -1.581301212310791, -1.7658517360687256, -1.7972745895385742, -1.8142598867416382, -1.8715180158615112, -1.906327724456787, -1.8892849683761597, -1.9233795404434204, -1.96586275100708, -1.922654628753662, -1.9901622533798218, -1.9888901710510254, -2.0032660961151123, -1.9421559572219849, -1.9845471382141113, -1.9763554334640503, -1.944130778312683, -1.9421898126602173, -1.82810378074646, -1.9203824996948242, -1.8736823797225952, -1.8773127794265747, -1.74979829788208, -1.8383207321166992, -1.8384259939193726, -1.8358330726623535, -1.8060522079467773, -1.824936866760254, -1.8070241212844849, -1.813953161239624, -1.8000962734222412, -1.7853151559829712, -1.7974400520324707, -1.7962833642959595, -1.795398235321045, -1.7948603630065918, -1.7941404581069946], "lr": [0.011403714306652546, 0.011403714306652546, 0.011403714306652546, 0.011403714306652546, 0.011403714306652546, 0.011403714306652546, 0.011403714306652546, 0.011403714306652546, 0.011403714306652546, 0.011403714306652546, 0.011403714306652546, 0.011403714306652546, 0.011403714306652546, 0.011403714306652546, 0.011403714306652546, 0.011403714306652546, 0.011403714306652546, 0.011403714306652546, 0.011403714306652546, 0.011403714306652546, 0.011403714306652546, 0.011403714306652546, 0.011403714306652546, 0.011403714306652546, 0.011403714306652546, 0.011403714306652546, 0.011403714306652546, 0.011403714306652546, 0.011403714306652546, 0.011403714306652546, 0.011403714306652546, 0.011403714306652546, 0.0011403714306652546, 0.0011403714306652546, 0.0011403714306652546, 0.0011403714306652546, 0.0011403714306652546, 0.0011403714306652546, 0.0011403714306652546, 0.0011403714306652546, 0.0011403714306652546, 0.0011403714306652546, 0.0011403714306652546, 0.0011403714306652546, 0.0011403714306652546, 0.0011403714306652546, 0.0011403714306652546, 0.0011403714306652546, 0.0011403714306652546, 0.0011403714306652546, 0.0011403714306652546, 0.0011403714306652546, 0.0011403714306652546, 0.0011403714306652546, 0.0011403714306652546, 0.0011403714306652546, 0.0011403714306652546, 0.0011403714306652546, 0.0011403714306652546, 0.0011403714306652546, 0.0011403714306652546, 0.0011403714306652546, 0.0011403714306652546, 0.0011403714306652546, 0.0011403714306652546, 0.0001140371459769085, 0.0001140371459769085, 0.0001140371459769085, 0.0001140371459769085, 0.0001140371459769085, 0.0001140371459769085, 0.0001140371459769085, 0.0001140371459769085, 0.0001140371459769085, 0.0001140371459769085, 0.0001140371459769085, 0.0001140371459769085, 0.0001140371459769085, 0.0001140371459769085, 0.0001140371459769085, 0.0001140371459769085, 0.0001140371459769085, 0.0001140371459769085, 0.0001140371459769085, 0.0001140371459769085, 0.0001140371459769085, 0.0001140371459769085, 1.1403714779589791e-05, 1.1403714779589791e-05, 1.1403714779589791e-05, 1.1403714779589791e-05, 1.1403714779589791e-05, 1.1403714779589791e-05, 1.1403714779589791e-05, 1.1403714779589791e-05, 1.1403714779589791e-05, 1.1403714779589791e-05, 1.1403715234337142e-06, 1.1403715234337142e-06, 1.1403715234337142e-06, 1.1403715234337142e-06]}