{"n_parameters": 45266, "training_time": 2.4315459728240967, "loss": [0.612022876739502, 0.5011562705039978, 0.39704838395118713, 0.3365022838115692, 0.2249296009540558, 0.17062731087207794, 0.13692335784435272, 0.1122099831700325, -0.04064889997243881, -0.03851166367530823, -0.11787285655736923, -0.11552026867866516, -0.17110799252986908, -0.14796926081180573, -0.17749041318893433, -0.3156364858150482, -0.20878995954990387, -0.291291207075119, -0.22845794260501862, -0.3189932703971863, -0.39142489433288574, -0.455607533454895, -0.295476496219635, -0.3006332516670227, -0.43284115195274353, -0.4274132251739502, -0.5233590006828308, -0.37911736965179443, -0.4035604000091553, -0.5557037591934204, -0.4124029874801636, -0.44454532861709595, -0.5215518474578857, -0.36759570240974426, -0.6250951886177063, -0.6763113737106323, -0.6464447975158691, -0.465081125497818, -0.4772679805755615, -0.6215177178382874, -0.7081311941146851, -0.6786014437675476, -0.6432628035545349, -0.7000453472137451, -0.48786672949790955, -0.7134131789207458, -0.7835676670074463, -0.575167179107666, -0.7218035459518433, -0.7095801830291748, -0.6927132606506348, -0.7179068922996521, -0.8644678592681885, -0.7451837062835693, -0.8029753565788269, -0.7389054894447327, -0.6196434497833252, -0.7966744899749756, -0.8611260652542114, -0.7376999855041504, -0.8902980089187622, -0.9238908886909485, -0.8775769472122192, -0.6295585036277771, -0.9653037786483765, -0.7119371891021729, -0.8522398471832275, -0.9836313128471375, -0.726468563079834, -1.064503788948059, -0.8683695793151855, -0.8958736062049866, -0.9520016312599182, -0.91676926612854, -1.024143934249878, -0.8176084160804749, -0.9832862019538879, -1.0537985563278198, -0.9474934339523315, -0.9298815131187439, -1.0105650424957275, -0.9650792479515076, -1.142335295677185, -1.1336524486541748, -0.8150877952575684, -0.8739219307899475, -1.155504822731018, -0.8975913524627686, -1.0385547876358032, -0.9844084978103638, -0.9403994679450989, -1.1485004425048828, -1.0805928707122803, -1.0303373336791992, -0.9632208943367004, -1.1236634254455566, -0.9744147658348083, -1.0704296827316284, -0.9753042459487915, -1.1772396564483643, -1.0566880702972412, -0.9860289096832275, -1.102110505104065, -1.042710304260254, -1.0810282230377197, -0.9714299440383911, -1.4758219718933105, -1.5441884994506836, -1.5759172439575195, -1.6198381185531616, -1.674170970916748, -1.720235824584961, -1.7669130563735962, -1.8009612560272217, -1.8492079973220825, -1.877684235572815, -1.911041498184204, -1.9624590873718262, -1.9898793697357178, -2.0140068531036377, -2.0567572116851807, -2.100860595703125, -2.0797393321990967, -2.132268190383911, -2.1429731845855713, -2.176051616668701, -2.1519267559051514, -2.21156907081604, -2.2154040336608887, -2.2199819087982178, -2.292144775390625, -2.3041157722473145, -2.3231358528137207, -2.322280168533325, -2.3707942962646484, -2.305156707763672, -2.3856232166290283, -2.3330819606781006, -2.4250569343566895, -2.43918514251709, -2.4514405727386475, -2.429591178894043, -2.479321002960205, -2.393897533416748, -2.5110185146331787, -2.517502546310425, -2.4818406105041504, -2.5484976768493652, -2.603285074234009, -2.464641809463501, -2.5831170082092285, -2.7204430103302, -2.729180097579956, -2.7325193881988525, -2.7347238063812256, -2.736464262008667, -2.7472245693206787, -2.7429039478302, -2.7473549842834473, -2.758836030960083, -2.7566206455230713, -2.767181396484375, -2.7660861015319824, -2.7693631649017334, -2.7712299823760986, -2.778838872909546, -2.785834789276123, -2.786367893218994, -2.787836790084839, -2.7935030460357666, -2.7956035137176514, -2.795779228210449, -2.8040666580200195, -2.8053040504455566, -2.807032346725464, -2.8071727752685547, -2.8076627254486084, -2.80777645111084, -2.809065580368042, -2.8090384006500244, -2.80928111076355, -2.809943199157715, -2.810354709625244], "val_loss": [0.4954361021518707, 0.38861241936683655, 0.3418968915939331, 0.3381773829460144, 0.11313645541667938, 0.07997816801071167, 0.14019902050495148, -0.13839270174503326, -0.18593241274356842, -0.25353479385375977, -0.3362601101398468, -0.3804323077201843, -0.32791486382484436, -0.3477180302143097, -0.4664137065410614, -0.40907928347587585, -0.6038576364517212, -0.07558576762676239, -0.5933680534362793, -0.5876296758651733, 1.1173288822174072, 3.0483736991882324, 0.12454531341791153, -0.6395790576934814, -0.6799671053886414, -0.4375600516796112, -0.7705928087234497, 0.7540153861045837, -0.7663875222206116, -0.33837947249412537, -0.6325011849403381, -0.7534992098808289, -0.18910981714725494, -0.7869639992713928, -0.798186719417572, -0.8452901840209961, -0.7481383085250854, 0.01610323041677475, -0.8687548041343689, -0.9235377907752991, -0.9685875177383423, -0.3148822784423828, -0.8951455354690552, 0.7016416788101196, -0.9457447528839111, -0.26148420572280884, -0.6055908799171448, -0.7699751853942871, -0.6460956335067749, -1.028591275215149, -1.0798622369766235, -0.8854366540908813, -1.0954067707061768, -1.1238796710968018, -1.129996657371521, 0.4820132553577423, -1.0903280973434448, -0.9982590675354004, -1.1075509786605835, -1.1431491374969482, -1.1271580457687378, -1.1468092203140259, -0.9153677821159363, -0.8265125751495361, -1.247100830078125, -0.849435567855835, -1.1221727132797241, -0.7436854243278503, -1.0653787851333618, -1.2465591430664062, -0.941346287727356, -0.9167630672454834, -1.2798340320587158, -1.247240424156189, 0.811224639415741, -0.972220778465271, -0.745589017868042, 0.15096546709537506, 1.2335001230239868, -1.1252909898757935, -1.1016595363616943, -1.30216383934021, -1.044786810874939, -0.7748805284500122, -1.0011372566223145, -0.8737972378730774, -1.3522125482559204, -1.3476252555847168, -1.270522117614746, -1.2297638654708862, -1.2413314580917358, -1.2352609634399414, -1.0337564945220947, -1.4678058624267578, -1.273077130317688, -1.266676425933838, -1.3411874771118164, -1.4231594800949097, -1.4281032085418701, 0.4761263430118561, -1.196373701095581, -1.2079617977142334, -1.2935667037963867, -1.414004921913147, 0.5038489103317261, -1.3238415718078613, -1.50137197971344, -1.5304927825927734, -1.5597833395004272, -1.5943721532821655, -1.64696204662323, -1.6620713472366333, -1.633716106414795, -1.660348653793335, -1.7774169445037842, -1.8069887161254883, -1.8185523748397827, -1.8046624660491943, -1.847328782081604, -1.8182724714279175, -1.7051318883895874, -1.7790894508361816, -1.7665622234344482, -1.9266754388809204, -1.923581838607788, -1.9254392385482788, -1.8904128074645996, -1.9560999870300293, -1.9632879495620728, -1.956463098526001, -1.9776062965393066, -1.99293851852417, -2.0210750102996826, -1.9504501819610596, -1.7996978759765625, -1.7854127883911133, -2.0133614540100098, -2.0840046405792236, -2.003262519836426, -1.932458758354187, -2.076204538345337, -1.9484585523605347, -1.949524164199829, -1.9413853883743286, -2.0639309883117676, -1.8887354135513306, -1.9632195234298706, -1.5726640224456787, -1.7746496200561523, -1.6007517576217651, -2.0634758472442627, -2.07759428024292, -2.0822274684906006, -2.091843366622925, -2.0915184020996094, -2.0931973457336426, -2.0937986373901367, -2.093454122543335, -2.0971686840057373, -2.070866823196411, -2.0542140007019043, -2.0815744400024414, -2.093637228012085, -2.083139657974243, -2.0651967525482178, -2.0805373191833496, -2.029998779296875, -2.07441782951355, -2.067936420440674, -2.061194658279419, -2.077115297317505, -2.0783493518829346, -2.0759620666503906, -2.074228048324585, -2.072709798812866, -2.0722148418426514, -2.069993257522583, -2.0702102184295654, -2.070098638534546, -2.0688881874084473, -2.0697991847991943, -2.068708658218384, -2.0700154304504395],