{"n_parameters": 215490, "training_time": 3.056676149368286, "loss": [6.245709419250488, 1.1762100458145142, 0.9109126925468445, 0.8845112323760986, 0.7708163857460022, 0.5531637668609619, 0.5059824585914612, 0.44500207901000977, 0.22860845923423767, 0.2754618525505066, 0.15023428201675415, 0.01836378313601017, 0.12437707185745239, 0.17144113779067993, -0.05886463448405266, -0.15407422184944153, -0.008842998184263706, 0.14286451041698456, -0.21769045293331146, -0.18136340379714966, 0.5312432050704956, -0.2982247471809387, -0.1913532167673111, -0.37724223732948303, -0.17825447022914886, -0.07290549576282501, -0.36164912581443787, -0.22184069454669952, -0.27580907940864563, -0.19721511006355286, -0.17846480011940002, -0.31973695755004883, -0.4235416650772095, 0.2943316400051117, -0.5211272835731506, -0.37905237078666687, -0.4534730017185211, -0.5496371388435364, -0.3610721230506897, -0.44589394330978394, -0.2532639503479004, -0.3713039755821228, -0.0041865017265081406, -0.5926756858825684, -0.5581337213516235, -0.6039143800735474, -0.9778908491134644, -1.2644459009170532, -1.5469666719436646, -1.7435611486434937, -1.9155677556991577, -1.9277057647705078, -1.9589828252792358, -1.9773718118667603, -2.0624661445617676, -1.96687650680542, -2.156621217727661, -2.0255954265594482, -2.3103878498077393, -1.868062973022461, -2.1967291831970215, -2.146212339401245, -2.1742513179779053, -2.132502317428589, -2.1550819873809814, -2.1206929683685303, -2.0971713066101074, -2.201887607574463, -2.244835376739502, -2.150529146194458, -2.1534581184387207, -2.1265668869018555, -2.2156355381011963, -2.186108112335205, -2.1234500408172607, -2.2223665714263916, -2.172071695327759, -2.1696789264678955, -2.286956787109375, -2.156001329421997, -2.0619874000549316, -2.3043220043182373, -2.1524291038513184, -2.2836103439331055, -2.331444263458252, -2.0927011966705322, -2.298037528991699, -2.318603754043579, -2.117896556854248, -2.3825745582580566, -2.3812921047210693, -1.953720211982727, -2.26187801361084, -2.3024091720581055, -2.1147165298461914, -2.4037842750549316, -2.052849531173706, -2.2690937519073486, -2.46769380569458, -2.072125196456909, -2.3879761695861816, -2.2358405590057373, -2.2628047466278076, -2.266244411468506, -2.187685012817383, -2.3346710205078125, -2.237013101577759, -2.358356237411499, -2.150160551071167, -2.389429807662964, -2.170966386795044, -2.212310552597046, -2.3826136589050293, -2.251554489135742, -2.657834529876709, -2.7280287742614746, -2.773193836212158, -2.8073933124542236, -2.856504201889038, -2.8876168727874756, -2.927825450897217, -2.9697940349578857, -2.992816209793091, -3.0429723262786865], "val_loss": [0.9479435086250305, 0.7594388127326965, 1.0157424211502075, 0.5870227217674255, 0.5777508616447449, 0.4513392150402069, 0.48192280530929565, 0.16818998754024506, 0.028289392590522766, -0.03791143745183945, -0.15339672565460205, -0.25583386421203613, -0.2882242798805237, -0.07707105576992035, -0.32181376218795776, 1.2613067626953125, -0.5241739749908447, -0.3976477384567261, -0.2839237451553345, 0.41189995408058167, -0.38269636034965515, -0.4219841957092285, -0.4570273160934448, -0.3913150727748871, -0.554831862449646, -0.2742459177970886, -0.5662486553192139, -0.6537401676177979, 1.1444600820541382, -0.7291700839996338, -0.8489706516265869, -0.7078545093536377, -0.8296690583229065, 0.29289865493774414, -0.6224043369293213, -0.6424369812011719, -0.6142153143882751, -0.5425047874450684, -0.7970434427261353, 0.894074559211731, -0.699992835521698, -0.5142258405685425, -0.6501737833023071, -0.627779483795166, 0.11765895038843155, -0.8161410689353943, -1.0532792806625366, -1.359154224395752, -1.4662405252456665, -1.7180832624435425, -1.221222162246704, -1.9073874950408936, -1.9584110975265503, -1.6328840255737305, -1.1216421127319336, -1.6619819402694702, -0.8497303128242493, -1.9058401584625244, -1.997827410697937, -1.9769402742385864, -2.07639479637146, -1.5161833763122559, -2.067145347595215, -2.0667457580566406, -1.9765654802322388, -0.8536681532859802, -1.9009610414505005, -1.9686886072158813, -1.2740265130996704, -1.492817759513855, -1.6331912279129028, -2.0898406505584717, -2.1212880611419678, -2.1025280952453613, -1.097939133644104, -1.854651927947998, -1.7229193449020386, -1.5523227453231812, -2.05537486076355, -2.127397298812866, -2.052922248840332, -1.8469237089157104, -1.9580835103988647, -1.967236042022705, -1.0037144422531128, -1.7785712480545044, -2.1799557209014893, -1.656617283821106, -1.6921855211257935, -1.697450041770935, -1.1682848930358887, -1.9343361854553223, -1.796398401260376, -1.9625780582427979, -1.7808666229248047, -1.4121270179748535, -2.170761823654175, -2.1651928424835205, -2.0751404762268066, -2.1833384037017822, -1.790024995803833, -2.136240243911743, -1.1170698404312134, -2.013730764389038, -1.9506328105926514, -2.0995519161224365, -2.127950668334961, -2.11434268951416, -2.014070510864258, -2.1270458698272705, -1.8485894203186035, -2.0941455364227295, -1.8914499282836914, -1.969452142715454, -2.1378366947174072, -2.1231539249420166, -2.14426326751709, -2.1213669776916504, -2.1029956340789795, -2.063047170639038, -2.0560717582702637, -1.9592416286468506, -1.9970029592514038, -1.9204401969909668],