{"n_parameters": 231234, "training_time": 5.170125961303711, "loss": [1.4338710308074951, 0.6085706949234009, 0.516119122505188, 0.3450542688369751, 0.7399462461471558, 0.5176063179969788, 0.2766905725002289, 0.06410621106624603, 0.8128722310066223, 0.656364917755127, 0.09584712237119675, 0.2024092823266983, 0.15758109092712402, -0.07926735281944275, -0.3027490973472595, 0.9349225759506226, 0.7661474347114563, -0.02501579560339451, -0.13805601000785828, -0.17058908939361572, 0.5094846487045288, 0.012538667768239975, -0.1336965560913086, -0.2646867036819458, -0.4558999836444855, -0.3435993492603302, 2.417980194091797, -0.019567042589187622, -0.0824170783162117, -0.1877814680337906, -0.30713948607444763, -0.4573892056941986, -0.6173275709152222, 0.3525952696800232, -0.3779944181442261, -0.5403869152069092, -0.31701207160949707, -0.7064796686172485, -0.7998573780059814, -0.9828482866287231, 1.765210747718811, -0.3637620210647583, -0.46622419357299805, -0.5958802103996277, -0.7492972612380981, -0.9255683422088623, -0.850419819355011, 0.2282162457704544, -0.8343074917793274, -0.054497845470905304, -0.7433561682701111, -0.8654777407646179, -1.0165437459945679, -1.156469702720642, 0.06923912465572357, -0.9597686529159546, -1.0730475187301636, -1.2158527374267578, -0.5967702865600586, -1.0352054834365845, -1.295276165008545, -1.0789917707443237, -0.5827530026435852, -1.2060073614120483, -0.43880796432495117, -0.9970499277114868, -1.1616947650909424, -1.1356710195541382, -0.4313580095767975, -1.1424027681350708, -1.2809585332870483, -1.1745716333389282, -1.421654224395752, -1.4455997943878174, -1.4652833938598633, -1.4854682683944702, -1.5089350938796997, -1.530888557434082, -1.551979660987854, -1.5754611492156982, -1.597156286239624, -1.620963454246521, -1.6459076404571533, -1.671506643295288, -1.6974056959152222, -1.7239444255828857, -1.7486481666564941, -1.7787169218063354, -1.8041917085647583, -1.8257085084915161, -1.8562031984329224, -1.8883599042892456, -1.914963722229004, -1.9467822313308716, -1.9784681797027588, -2.000551700592041, -2.007563591003418, -2.0081703662872314, -2.077833652496338, -1.958075761795044, -2.1213724613189697, -2.141338586807251, -2.063322067260742, -2.0452051162719727, -2.2070248126983643, -2.2103512287139893, -2.2344977855682373, -2.3029794692993164, -2.3595566749572754, -2.391221761703491, -2.254793643951416, -2.420926332473755, -2.3923206329345703, -2.2490270137786865, -2.368082046508789, -2.456835985183716, -2.2087574005126953, -2.2370107173919678, -2.55729079246521, -2.538529396057129, -2.538144826889038, -2.519672393798828, -2.49196457862854, -2.2138617038726807, -2.3322012424468994, -1.2184560298919678, -2.305654764175415, -2.5459694862365723, -2.6348202228546143, -2.6753087043762207, -2.6930723190307617, -2.6973655223846436, -2.7048768997192383, -2.71028995513916, -2.7144105434417725, -2.719496965408325, -2.7225375175476074, -2.728137254714966, -2.7320289611816406, -2.7366459369659424, -2.7406978607177734, -2.7427480220794678, -2.748321056365967, -2.7520341873168945, -2.756467819213867, -2.761047601699829, -2.765693426132202, -2.768871545791626, -2.7742578983306885, -2.7786269187927246, -2.783460855484009, -2.7874562740325928, -2.791623592376709, -2.7966506481170654, -2.8007216453552246, -2.8042709827423096, -2.808897018432617, -2.81286883354187, -2.818230152130127, -2.823986291885376, -2.8277599811553955, -2.8327088356018066, -2.8370676040649414, -2.8419551849365234, -2.846928119659424, -2.84841251373291, -2.8506715297698975, -2.8513972759246826, -2.8520474433898926, -2.8523781299591064, -2.8530139923095703, -2.8534367084503174, -2.853867530822754, -2.8544721603393555, -2.8548688888549805, -2.8553659915924072, -2.8554275035858154, -2.8554937839508057, -2.855525493621826], "val_loss": [0.6815675497055054, 0.5380845069885254, 0.40413981676101685, 0.21031972765922546, 0.37247130274772644, 0.32769227027893066, 0.1192198172211647, 0.024402670562267303, 1.3531146049499512, 0.21696440875530243, 0.04595623537898064, 0.8241999745368958, -0.013878214173018932, -0.18623027205467224, -0.4301409423351288, 2.9248287677764893, 0.05617130547761917, -0.04106193408370018, -0.10083911567926407, 0.09927983582019806, 0.46517154574394226, -0.05996520817279816, -0.16912654042243958, -0.3221574127674103, -0.5233700275421143, 8.188460350036621, -0.024947691708803177, -0.032754458487033844, -0.11599329859018326, -0.22124451398849487, -0.3470274806022644, -0.5051417350769043, -0.2636111080646515, -0.04559238255023956, -0.5383642315864563, 1.1044265031814575, -0.6029049158096313, -0.7188840508460999, -0.6443873643875122, -0.45877957344055176, -0.38473889231681824, -0.4084536135196686, -0.5158543586730957, -0.6573090553283691, -0.801954448223114, -0.9720284342765808, 1.5440195798873901, -0.8064099550247192, -0.8877847790718079, -0.6693898439407349, -0.7985344529151917, -0.9259856939315796, -1.0314619541168213, -1.1416845321655273, -1.0023795366287231, -0.9745129942893982, -1.0760527849197388, -1.2086957693099976, -0.9175952076911926, -1.1938737630844116, -1.3392531871795654, -0.9807385802268982, -0.9910096526145935, -1.2198519706726074, -0.7762485146522522, -1.111802339553833, -1.2231922149658203, -1.322559118270874, -1.0900869369506836, -1.1320149898529053, -0.24883650243282318, -1.3214728832244873, -1.3445969820022583, -1.3612933158874512, -1.3768361806869507, -1.3947107791900635, -1.411916971206665, -1.430551528930664, -1.4466804265975952, -1.4671461582183838, -1.480470061302185, -1.5046641826629639, -1.5241310596466064, -1.5415126085281372, -1.5564372539520264, -1.5859205722808838, -1.6059556007385254, -1.6236363649368286, -1.6040600538253784, -1.6602694988250732, -1.6867008209228516, -1.685718297958374, -1.7244620323181152, -1.7194875478744507, -1.749611735343933, -1.7820124626159668, -1.6582399606704712, -1.7199342250823975, -1.7812135219573975, -1.8336329460144043, -1.8619868755340576, -1.469443440437317, -1.6128050088882446, -1.9400116205215454, -1.9364792108535767, -1.8061106204986572, -1.8532248735427856, -1.8490722179412842, -1.992211937904358, -1.9728139638900757, -2.042823553085327, -2.017059803009033, -1.032004714012146, -1.7788830995559692, -2.048912525177002, -2.0787441730499268, 0.41958388686180115, -2.1070120334625244, -2.1422202587127686, -2.1029086112976074, -2.03566837310791, -1.8889113664627075, -2.006723165512085, -2.0990512371063232, -1.9843597412109375, -1.8699241876602173, -2.0548646450042725, -2.0514698028564453, -2.1382288932800293, -2.1865954399108887, -2.186915874481201, -2.191063165664673, -2.193370819091797, -2.1941933631896973, -2.194859027862549, -2.19627046585083, -2.1956896781921387, -2.1971538066864014, -2.196892023086548, -2.1953604221343994, -2.1968300342559814, -2.1979799270629883, -2.1993720531463623, -2.1988205909729004, -2.1985321044921875, -2.1988232135772705, -2.1975576877593994, -2.198763370513916, -2.2004027366638184, -2.2009427547454834, -2.1995480060577393, -2.200946807861328, -2.199275493621826, -2.1998302936553955, -2.201601982116699, -2.198758840560913, -2.1972551345825195, -2.1991803646087646, -2.199216842651367, -2.1990623474121094, -2.1995441913604736, -2.196108102798462, -2.1977031230926514, -2.19797945022583, -2.193453788757324, -2.1970605850219727, -2.1980316638946533, -2.1978399753570557, -2.197672128677368, -2.197495698928833, -2.1974644660949707, -2.1972501277923584, -2.1973283290863037, -2.197298765182495, -2.1972055435180664, -2.1971802711486816, -2.1971800327301025, -2.1971418857574463, -2.1971278190612793],