{"n_parameters": 149218, "training_time": 2.4175360202789307, "loss": [1.8467016220092773, 0.5793652534484863, 0.46824026107788086, 0.4839596748352051, 0.8149616718292236, 0.3044522702693939, 0.5267193913459778, 0.13595890998840332, -0.0156471598893404, -0.08063619583845139, 0.17307397723197937, -0.06023700162768364, -0.32057830691337585, 0.6401634216308594, -0.14083977043628693, -0.1026589646935463, -0.19866341352462769, -0.4341760277748108, 0.6425968408584595, 0.43583688139915466, 0.001762694795615971, -0.22157607972621918, -0.3177469074726105, -0.5002052783966064, -0.6571809649467468, 0.09267875552177429, -0.38618966937065125, -0.5448104739189148, 0.9548599720001221, 0.04373336210846901, -0.13669519126415253, -0.2984682321548462, -0.2757745087146759, -0.27628979086875916, -0.5275631546974182, -0.8185193538665771, 1.2702100276947021, -0.05013134330511093, -0.2738966941833496, -0.6988563537597656, 0.6648714542388916, -0.2867276668548584, -0.5183403491973877, -0.6513710618019104, -0.5783800482749939, -0.5107431411743164, -0.797325849533081, -0.7598638534545898, -1.0004911422729492, -1.0587167739868164, -1.1205676794052124, -1.1886866092681885, -1.2586523294448853, -1.3305705785751343, -1.4110949039459229, -1.5017039775848389, -1.5897310972213745, -1.6874983310699463, -1.7867980003356934, -1.8788503408432007, -2.0048725605010986, -2.0898637771606445, -2.1611573696136475, -2.176593542098999, -2.0346572399139404, -1.925005555152893, -2.263622283935547, -2.4038381576538086, -2.45088791847229, -2.4228177070617676, -2.2635297775268555, -1.7023307085037231, -2.3600685596466064, -2.531005620956421, -2.6685025691986084, -2.74422025680542, -2.716313600540161, -1.020400881767273, -2.369570016860962, -2.5664522647857666, -2.6291799545288086, -2.785804510116577, -2.8556978702545166, -2.2749626636505127, -2.334416151046753, -2.6410510540008545, -2.782088041305542, -2.8734920024871826, -2.8978030681610107, -2.909230947494507, -2.920011281967163, -2.9293298721313477, -2.939282178878784, -2.9510624408721924, -2.9600234031677246, -2.9709975719451904, -2.980973482131958, -2.9906322956085205], "val_loss": [0.6162306070327759, 0.5252942442893982, 0.4059123694896698, 0.24116039276123047, 0.42165330052375793, 0.12537945806980133, 0.15342172980308533, 0.07703264057636261, -0.13222730159759521, 0.37778806686401367, 0.63997882604599, -0.19950062036514282, -0.4614911675453186, -0.05194997414946556, -0.09055360406637192, -0.25006479024887085, -0.33717069029808044, -0.2270880788564682, -0.14523644745349884, 0.12435118108987808, -0.10228623449802399, -0.30285516381263733, -0.3187638819217682, -0.6473740935325623, -0.8893600106239319, -0.4321591854095459, -0.4097590446472168, -0.6310760378837585, -0.35362493991851807, 0.2602249085903168, -0.2458695024251938, -0.5669714212417603, 0.3809027373790741, -0.5263286828994751, -0.6770273447036743, -0.9723793864250183, -0.3037307858467102, -0.18513931334018707, -0.4380438029766083, 0.0180208757519722, -0.19874440133571625, -0.34670329093933105, -0.7132169008255005, -0.7950376272201538, -0.04523627832531929, -0.6646026968955994, -0.9607003927230835, -0.9598333239555359, -1.005746841430664, -1.0639036893844604, -1.117250680923462, -1.1743807792663574, -1.2389143705368042, -1.2954695224761963, -1.3830711841583252, -1.4487351179122925, -1.5436898469924927, -1.5715110301971436, -1.7003941535949707, -1.727677345275879, -1.8527673482894897, -1.9483221769332886, -1.9043935537338257, -1.6918622255325317, -1.8819066286087036, -1.9583802223205566, -2.0755720138549805, -2.0570662021636963, -1.0826010704040527, -1.4697678089141846, -2.0052077770233154, -2.0540878772735596, -2.0633602142333984, -2.116961717605591, -2.070101261138916, -1.7830814123153687, 4.49161958694458, -1.6630473136901855, -2.055556058883667, -2.074336528778076, -2.008451223373413, -1.9643895626068115, -1.9995712041854858, -1.5641082525253296, -1.9479080438613892, -1.9350287914276123, -2.0662906169891357, -2.097041368484497, -2.113415241241455, -2.1139676570892334, -2.1137125492095947, -2.1063621044158936, -2.102598190307617, -2.107191801071167, -2.1047613620758057, -2.0977511405944824, -2.0943667888641357, -2.0895371437072754], "lr": [0.0036564471665769815, 0.0036564471665769815, 0.0036564471665769815, 0.0036564471665769815, 0.0036564471665769815, 0.0036564471665769815, 0.0036564471665769815, 0.0036564471665769815, 0.0036564471665769815, 0.0036564471665769815, 0.0036564471665769815, 0.0036564471665769815, 0.0036564471665769815, 0.0036564471665769815, 0.0036564471665769815, 0.0036564471665769815, 0.0036564471665769815, 0.0036564471665769815, 0.0036564471665769815, 0.0036564471665769815, 0.0036564471665769815, 0.0036564471665769815, 0.0036564471665769815, 0.0036564471665769815, 0.0036564471665769815, 0.0036564471665769815, 0.0036564471665769815, 0.0036564471665769815, 0.0036564471665769815, 0.0036564471665769815, 0.0036564471665769815, 0.0036564471665769815, 0.0036564471665769815, 0.0036564471665769815, 0.0036564471665769815, 0.0036564471665769815, 0.0036564471665769815, 0.0036564471665769815, 0.0036564471665769815, 0.0036564471665769815, 0.0036564471665769815, 0.0036564471665769815, 0.0036564471665769815, 0.0036564471665769815, 0.0036564471665769815, 0.0036564471665769815, 0.0036564471665769815, 0.0036564471665769815, 0.00036564472247846425, 0.00036564472247846425, 0.00036564472247846425, 0.00036564472247846425, 0.00036564472247846425, 0.00036564472247846425, 0.00036564472247846425, 0.00036564472247846425, 0.00036564472247846425, 0.00036564472247846425, 0.00036564472247846425, 0.00036564472247846425, 0.00036564472247846425, 0.00036564472247846425, 0.00036564472247846425, 0.00036564472247846425, 0.00036564472247846425, 0.00036564472247846425, 0.00036564472247846425, 0.00036564472247846425, 0.00036564472247846425, 0.00036564472247846425, 0.00036564472247846425, 0.00036564472247846425, 0.00036564472247846425, 0.00036564472247846425, 0.00036564472247846425, 0.00036564472247846425, 0.00036564472247846425, 0.00036564472247846425, 0.00036564472247846425, 0.00036564472247846425, 0.00036564472247846425, 0.00036564472247846425, 0.00036564472247846425, 0.00036564472247846425, 0.00036564472247846425, 0.00036564472247846425, 3.656447370303795e-05, 3.656447370303795e-05, 3.656447370303795e-05, 3.656447370303795e-05, 3.656447370303795e-05, 3.656447370303795e-05, 3.656447370303795e-05, 3.656447370303795e-05, 3.656447370303795e-05, 3.656447370303795e-05, 3.656447370303795e-05, 3.656447370303795e-05]}