{"n_parameters": 120690, "training_time": 2.5894949436187744, "loss": [1.220625400543213, 0.6353020668029785, 0.7890596985816956, 0.36260873079299927, 0.8564558625221252, 0.332081139087677, 0.39879274368286133, 0.09392326325178146, 0.15108147263526917, -0.10650794953107834, -0.02426745742559433, -0.18447360396385193, -0.2822214365005493, 0.4104211926460266, -0.2295282781124115, 0.9493442177772522, -0.14902563393115997, 0.04197177290916443, -0.24492673575878143, -0.2617838382720947, -0.03005230613052845, 1.1857036352157593, -0.17810556292533875, -0.2700592577457428, -0.3198709785938263, -0.357856422662735, -0.4065649211406708, -0.45584985613822937, -0.5067068934440613, -0.5646884441375732, -0.6308447122573853, -0.7130364179611206, -0.7807936072349548, -0.8708615899085999, -1.0153266191482544, -1.0956815481185913, -1.1629809141159058, -1.3027578592300415, -1.3120977878570557, -1.4178050756454468, -1.5135351419448853, -1.4547232389450073, -1.5527362823486328, -1.5028254985809326, -1.2817600965499878, -1.4459255933761597, -1.688834547996521, -1.672960638999939, -1.733491063117981, -1.563072681427002, -1.4330319166183472, -1.745496392250061, -1.7921799421310425, -1.9345108270645142, -1.8263583183288574, -1.6313650608062744, -1.7994835376739502, -1.8622119426727295, -2.0022497177124023, -1.7470217943191528, -1.0295252799987793, -1.8783940076828003, -2.0199053287506104, -2.135904312133789, -2.0160720348358154, -1.9129292964935303, -1.7069878578186035, -1.9894729852676392, -2.073392152786255, -2.0849294662475586, -1.788375973701477, -2.034130096435547, -2.07735538482666, -1.8967539072036743, -2.291637897491455, -2.3450427055358887, -2.374957323074341, -2.384808301925659, -2.4057562351226807, -2.4206666946411133, -2.433565139770508, -2.445202589035034, -2.4590847492218018, -2.4738194942474365, -2.484201192855835, -2.48575758934021, -2.487513542175293, -2.4886553287506104], "val_loss": [0.7033424377441406, 0.4932946562767029, 0.40257394313812256, 0.29390567541122437, 0.3566977083683014, 0.1895601749420166, 0.15153680741786957, -0.03261968493461609, -0.04617929831147194, -0.3134385645389557, -0.20153963565826416, -0.35910069942474365, 0.07980844378471375, -0.14563973248004913, 1.4322596788406372, -0.06461768597364426, -0.23926705121994019, -0.2108202427625656, -0.3344419002532959, 0.023048991337418556, 6.438783168792725, -0.026604333892464638, -0.21033471822738647, -0.2807784378528595, -0.32981422543525696, -0.3704203963279724, -0.4108198881149292, -0.4622402489185333, -0.5097948908805847, -0.570813775062561, -0.6378676891326904, -0.7105295062065125, -0.6904632449150085, -0.8289309144020081, -0.9482933878898621, -0.961372971534729, -1.1904784440994263, -1.1153379678726196, -1.298224687576294, -1.385684609413147, -1.3699218034744263, -1.2989205121994019, -1.379231333732605, -1.0789456367492676, -0.9223055243492126, -1.4116772413253784, -1.3784903287887573, -1.4649885892868042, -1.3471167087554932, 0.506951630115509, -1.3190436363220215, -1.4027494192123413, -1.423379898071289, -1.5603053569793701, -1.4727741479873657, -1.3929961919784546, -1.541080355644226, -0.4999508261680603, -1.569344162940979, -1.216005802154541, -1.4718735218048096, -1.6038674116134644, -1.4684208631515503, -1.6899337768554688, -1.6482921838760376, -1.645034909248352, -1.2571003437042236, -1.4986240863800049, -1.4820932149887085, -1.543215274810791, -1.4873805046081543, -1.5598238706588745, -0.9936731457710266, -1.53304123878479, -1.5655268430709839, -1.5583406686782837, -1.56866455078125, -1.5964897871017456, -1.5954418182373047, -1.5911473035812378, -1.588807463645935, -1.598638653755188, -1.5840277671813965, -1.579399824142456, -1.5810567140579224, -1.5818850994110107, -1.582021951675415, -1.5807452201843262], "lr": [0.002440535230562091, 0.002440535230562091, 0.002440535230562091, 0.002440535230562091, 0.002440535230562091, 0.002440535230562091, 0.002440535230562091, 0.002440535230562091, 0.002440535230562091, 0.002440535230562091, 0.002440535230562091, 0.002440535230562091, 0.002440535230562091, 0.002440535230562091, 0.002440535230562091, 0.002440535230562091, 0.002440535230562091, 0.002440535230562091, 0.002440535230562091, 0.002440535230562091, 0.002440535230562091, 0.002440535230562091, 0.000244053517235443, 0.000244053517235443, 0.000244053517235443, 0.000244053517235443, 0.000244053517235443, 0.000244053517235443, 0.000244053517235443, 0.000244053517235443, 0.000244053517235443, 0.000244053517235443, 0.000244053517235443, 0.000244053517235443, 0.000244053517235443, 0.000244053517235443, 0.000244053517235443, 0.000244053517235443, 0.000244053517235443, 0.000244053517235443, 0.000244053517235443, 0.000244053517235443, 0.000244053517235443, 0.000244053517235443, 0.000244053517235443, 0.000244053517235443, 0.000244053517235443, 0.000244053517235443, 0.000244053517235443, 0.000244053517235443, 0.000244053517235443, 0.000244053517235443, 0.000244053517235443, 0.000244053517235443, 0.000244053517235443, 0.000244053517235443, 0.000244053517235443, 0.000244053517235443, 0.000244053517235443, 0.000244053517235443, 0.000244053517235443, 0.000244053517235443, 0.000244053517235443, 0.000244053517235443, 0.000244053517235443, 0.000244053517235443, 0.000244053517235443, 0.000244053517235443, 0.000244053517235443, 0.000244053517235443, 0.000244053517235443, 0.000244053517235443, 0.000244053517235443, 0.000244053517235443, 2.44053517235443e-05, 2.44053517235443e-05, 2.44053517235443e-05, 2.44053517235443e-05, 2.44053517235443e-05, 2.44053517235443e-05, 2.44053517235443e-05, 2.44053517235443e-05, 2.44053517235443e-05, 2.44053517235443e-05, 2.440535126879695e-06, 2.440535126879695e-06, 2.440535126879695e-06, 2.440535126879695e-06]}