{"n_parameters": 126466, "training_time": 2.3282670974731445, "loss": [1.713538408279419, 0.6284976005554199, 0.5424813628196716, 0.502728283405304, 0.471012681722641, 0.43671682476997375, 0.4029808044433594, 0.3704174757003784, 0.33141234517097473, 0.2876027226448059, 0.23904190957546234, 0.17980720102787018, 0.11199729144573212, 0.08863523602485657, 0.021119501441717148, -0.14900246262550354, -0.2627197504043579, -0.2913369834423065, 0.054645854979753494, -0.08087927103042603, -0.4356403052806854, -0.6020773649215698, -0.6709688305854797, -0.7000386714935303, -0.3403070271015167, -0.5995597839355469, -0.3527640402317047, -0.45905932784080505, -0.6413812041282654, -0.7471396923065186, -0.857408344745636, -0.9701426029205322, -1.096522569656372, -1.088277816772461, -0.8312273621559143, -0.5094126462936401, -0.6779585480690002, -0.8548858761787415, -1.0314980745315552, -1.183039665222168, -1.1552444696426392, -1.2486791610717773, -0.9503223299980164, -1.2031350135803223, -1.2572567462921143, -0.5045926570892334, -0.9518818259239197, -1.1249994039535522, -1.1783190965652466, -1.2490739822387695, -1.339449405670166, -1.013615369796753, -0.6726221442222595, -1.368208885192871, -1.459922432899475, -1.5374811887741089, -1.5640583038330078, -1.5687875747680664, -1.5869073867797852, -1.6142661571502686, -1.626078724861145, -1.6341278553009033, -1.6405621767044067, -1.6510601043701172, -1.6582485437393188, -1.6776376962661743, -1.692440152168274, -1.6981815099716187, -1.7080320119857788, -1.7230080366134644, -1.7366652488708496, -1.7504795789718628, -1.760797142982483, -1.7739533185958862, -1.7825521230697632, -1.791610598564148, -1.8122318983078003, -1.8272846937179565, -1.8366371393203735, -1.852559208869934, -1.864568829536438, -1.884227991104126, -1.8993734121322632, -1.9150371551513672, -1.9314892292022705, -1.9470959901809692, -1.9569642543792725, -1.9749573469161987, -1.9876312017440796, -2.0058400630950928, -2.027923583984375, -2.0465831756591797, -2.061779499053955, -2.0699942111968994, -2.074519157409668, -2.1050264835357666, -2.1155457496643066, -2.1206867694854736, -2.124495029449463, -2.127457857131958, -2.1298632621765137, -2.1321771144866943, -2.1345953941345215, -2.1369004249572754, -2.139436721801758, -2.1410725116729736, -2.141345739364624, -2.1417112350463867, -2.1419498920440674], "val_loss": [0.5902196764945984, 0.582487940788269, 0.5176698565483093, 0.485888808965683, 0.4530719220638275, 0.4226149320602417, 0.3918750584125519, 0.35657528042793274, 0.3171626627445221, 0.26975950598716736, 0.21768949925899506, 0.15604525804519653, 0.13259120285511017, 0.016413360834121704, -0.06050172820687294, -0.20018057525157928, -0.24846425652503967, -0.2608967125415802, 0.22183993458747864, -0.2513827681541443, -0.46920153498649597, -0.5796681046485901, -0.6091967225074768, -0.5074132680892944, -0.5068079829216003, -0.7220091223716736, 0.009399794973433018, -0.7286350727081299, -0.610518753528595, -0.7838935256004333, -0.7844559550285339, -0.8878620266914368, -0.9665490388870239, -0.9314152598381042, 0.08848147839307785, -0.6178454756736755, -0.34044280648231506, -0.88605135679245, -0.9903325438499451, -1.1071408987045288, -1.0484732389450073, -1.191274881362915, -1.110682725906372, -1.037032961845398, -1.1838773488998413, -0.328895628452301, -1.1445211172103882, -0.6795915961265564, -1.1353870630264282, -1.015763282775879, -1.0735456943511963, 0.6022738218307495, -0.7502394914627075, -1.1592472791671753, -1.206085205078125, -1.2329150438308716, -1.2495074272155762, -1.2704906463623047, -1.280605673789978, -1.2885923385620117, -1.2996083498001099, -1.2881289720535278, -1.3158833980560303, -1.3135210275650024, -1.3076059818267822, -1.3399897813796997, -1.3359860181808472, -1.3438931703567505, -1.3468509912490845, -1.3483675718307495, -1.3582940101623535, -1.344884991645813, -1.3635848760604858, -1.3574622869491577, -1.3462255001068115, -1.353092074394226, -1.3647080659866333, -1.3642017841339111, -1.364479660987854, -1.365668773651123, -1.3762096166610718, -1.368963599205017, -1.379266619682312, -1.3815077543258667, -1.3840121030807495, -1.3795698881149292, -1.371856689453125, -1.3660106658935547, -1.3692759275436401, -1.3694567680358887, -1.370054006576538, -1.3612430095672607, -1.351764440536499, -1.3441694974899292, -1.3344666957855225, -1.345374584197998, -1.3467457294464111, -1.3511167764663696, -1.3475675582885742, -1.3468928337097168, -1.3471299409866333, -1.3441903591156006, -1.3427259922027588, -1.3408385515213013, -1.341231107711792, -1.3408361673355103, -1.3402804136276245, -1.3394739627838135, -1.3392773866653442], "lr": [0.0037684764247387648, 0.0037684764247387648, 0.0037684764247387648, 0.0037684764247387648, 0.0037684764247387648, 0.0037684764247387648, 0.0037684764247387648, 0.0037684764247387648, 0.0037684764247387648, 0.0037684764247387648, 0.0037684764247387648, 0.0037684764247387648, 0.0037684764247387648, 0.0037684764247387648, 0.0037684764247387648, 0.0037684764247387648, 0.0037684764247387648, 0.0037684764247387648, 0.0037684764247387648, 0.0037684764247387648, 0.0037684764247387648, 0.0037684764247387648, 0.0037684764247387648, 0.0037684764247387648, 0.0037684764247387648, 0.0037684764247387648, 0.0037684764247387648, 0.0037684764247387648, 0.0037684764247387648, 0.0037684764247387648, 0.0037684764247387648, 0.0037684764247387648, 0.0037684764247387648, 0.0037684764247387648, 0.0037684764247387648, 0.0037684764247387648, 0.0037684764247387648, 0.0037684764247387648, 0.0037684764247387648, 0.0037684764247387648, 0.0037684764247387648, 0.0037684764247387648, 0.0037684764247387648, 0.0037684764247387648, 0.0037684764247387648, 0.0037684764247387648, 0.0037684764247387648, 0.0037684764247387648, 0.0037684764247387648, 0.0037684764247387648, 0.0037684764247387648, 0.0037684764247387648, 0.0003768476308323443, 0.0003768476308323443, 0.0003768476308323443, 0.0003768476308323443, 0.0003768476308323443, 0.0003768476308323443, 0.0003768476308323443, 0.0003768476308323443, 0.0003768476308323443, 0.0003768476308323443, 0.0003768476308323443, 0.0003768476308323443, 0.0003768476308323443, 0.0003768476308323443, 0.0003768476308323443, 0.0003768476308323443, 0.0003768476308323443, 0.0003768476308323443, 0.0003768476308323443, 0.0003768476308323443, 0.0003768476308323443, 0.0003768476308323443, 0.0003768476308323443, 0.0003768476308323443, 0.0003768476308323443, 0.0003768476308323443, 0.0003768476308323443, 0.0003768476308323443, 0.0003768476308323443, 0.0003768476308323443, 0.0003768476308323443, 0.0003768476308323443, 0.0003768476308323443, 0.0003768476308323443, 0.0003768476308323443, 0.0003768476308323443, 0.0003768476308323443, 0.0003768476308323443, 0.0003768476308323443, 0.0003768476308323443, 0.0003768476308323443, 0.0003768476308323443, 0.0003768476308323443, 3.768476381083019e-05, 3.768476381083019e-05, 3.768476381083019e-05, 3.768476381083019e-05, 3.768476381083019e-05, 3.768476381083019e-05, 3.768476381083019e-05, 3.768476381083019e-05, 3.768476381083019e-05, 3.768476381083019e-05, 3.768476290133549e-06, 3.768476290133549e-06, 3.768476290133549e-06, 3.768476290133549e-06]}