{"n_parameters": 87666, "training_time": 3.1096842288970947, "loss": [0.6143016219139099, 0.42374691367149353, 0.29460853338241577, 0.12570199370384216, -0.038380686193704605, -0.11037632822990417, -0.3503566384315491, -0.38149499893188477, -0.48352450132369995, -0.3554600775241852, -0.6327412724494934, -0.6039208769798279, -0.7687216997146606, -0.9008547067642212, -0.9813714027404785, -0.6293278336524963, -0.13532938063144684, -0.7930306196212769, -0.9454132318496704, -1.1601879596710205, -1.2799625396728516, -1.049230933189392, -0.8684279322624207, -1.015878677368164, -0.6886264085769653, -1.208589792251587, -1.3458200693130493, -1.2961653470993042, -0.490155965089798, -0.8918241262435913, -0.8128669857978821, -1.0252271890640259, -1.3016691207885742, -1.3944917917251587, -1.5255013704299927, -1.5286232233047485, -0.5197349190711975, -0.8519123792648315, -1.150855302810669, -1.331932783126831, -1.5248956680297852, -1.3851310014724731, -1.3719820976257324, -0.7892530560493469, -0.8636766076087952, -1.3163210153579712, -1.4681694507598877, -1.5959677696228027, -1.6332781314849854, -1.6532424688339233, -1.674832820892334, -1.690915822982788, -1.7101503610610962, -1.7273353338241577, -1.7443654537200928, -1.7633105516433716, -1.7792853116989136, -1.7970025539398193, -1.8151265382766724, -1.831526279449463, -1.8491976261138916, -1.8655171394348145, -1.8848297595977783, -1.903937578201294, -1.9206844568252563, -1.941201090812683, -1.9596303701400757, -1.9771196842193604, -1.9975491762161255, -2.0126466751098633, -2.035550117492676, -2.0528359413146973, -2.070603847503662, -2.0907833576202393, -2.1121363639831543, -2.1320180892944336, -2.1530964374542236, -2.1722240447998047, -2.1940858364105225, -2.2141761779785156, -2.2193331718444824, -2.243269205093384, -2.271855592727661, -2.2826316356658936, -2.316437244415283, -2.3374922275543213, -2.343411684036255, -2.336705446243286, -2.3757965564727783, -2.418351411819458, -2.4327239990234375, -2.35673189163208, -2.295621395111084, -2.413285493850708, -2.478584051132202, -2.4833579063415527, -2.44810152053833, -2.455331802368164, -2.511599540710449, -2.562473773956299, -2.606673002243042, -2.578542947769165, -2.6367456912994385, -2.6640005111694336, -2.643017530441284, -2.6673834323883057, -2.541212320327759, -2.1854746341705322, -1.8960286378860474, -2.554555892944336, -2.6870336532592773, -2.727839231491089, -2.7599740028381348, -2.792353391647339, -2.8109419345855713, -2.8271303176879883, -2.857909917831421, -2.8809316158294678, -2.8828916549682617, -2.8962721824645996, -2.9261975288391113, -2.9511985778808594, -2.937108278274536, -2.9331488609313965, -2.9148194789886475, -2.88131046295166, -2.9559600353240967, -3.0039899349212646, -3.022425651550293, -3.034348726272583, -3.04109263420105, -3.0481221675872803, -3.051903247833252, -3.056349039077759, -3.057962417602539, -3.0615451335906982, -3.064540386199951, -3.0664780139923096], "val_loss": [0.4692067801952362, 0.35744091868400574, 0.19079402089118958, 0.12096845358610153, -0.10141433775424957, -0.26555579900741577, -0.447753369808197, -0.17207662761211395, -0.4697169363498688, -0.5526835322380066, -0.7567541003227234, -0.46911340951919556, -0.8170714378356934, -1.0111634731292725, -0.9148194193840027, -0.9261683821678162, -0.8604968786239624, -0.8547070026397705, -1.015804409980774, -1.0689369440078735, -1.197455883026123, -1.100098729133606, -0.9630007147789001, -0.9895082712173462, -1.0826116800308228, -1.3053689002990723, -1.242852807044983, -0.8331995606422424, -1.0577733516693115, -1.1880180835723877, -1.1094070672988892, -1.2185544967651367, -1.1953119039535522, -1.435438632965088, -1.5672045946121216, -0.45811447501182556, -0.6661273837089539, -1.2103058099746704, -1.0731698274612427, -1.218103051185608, -1.559154987335205, -1.4952818155288696, 0.8836853504180908, -1.1806553602218628, 0.01671593450009823, -1.3885376453399658, -1.4571932554244995, -1.4971429109573364, -1.531922459602356, -1.548764705657959, -1.5614246129989624, -1.5787309408187866, -1.5943331718444824, -1.6079742908477783, -1.620466709136963, -1.6354126930236816, -1.6459507942199707, -1.659700632095337, -1.6704564094543457, -1.691046118736267, -1.698499083518982, -1.7132810354232788, -1.7271744012832642, -1.7365436553955078, -1.7526366710662842, -1.7656230926513672, -1.7758585214614868, -1.7913516759872437, -1.8082250356674194, -1.8182381391525269, -1.8275024890899658, -1.8381673097610474, -1.8519618511199951, -1.8603166341781616, -1.8756927251815796, -1.8898260593414307, -1.900687575340271, -1.9159775972366333, -1.912876844406128, -1.9281492233276367, -1.927643895149231, -1.9450600147247314, -1.9612956047058105, -1.9616807699203491, -1.9675273895263672, -1.9704036712646484, -1.9336291551589966, -1.83063542842865, -2.0272274017333984, -1.9834716320037842, -1.9738365411758423, -1.9835273027420044, -1.807878017425537, -2.026686429977417, -1.9546639919281006, -2.0690839290618896, -1.9738835096359253, -2.0075559616088867, -2.0254673957824707, -2.0237202644348145, -2.029071807861328, -2.0623042583465576, -2.0686159133911133, -2.0838003158569336, -2.0285229682922363, -1.8191522359848022, -2.0661826133728027, 3.0968241691589355, -1.870086669921875, -2.0418760776519775, -2.076753854751587, -2.124065399169922, -2.117361307144165, -2.1669883728027344, -2.115522861480713, -2.136289119720459, -2.11989426612854, -2.0952486991882324, -2.0574140548706055, -2.0750930309295654, -2.117570161819458, -1.8433555364608765, -2.067136287689209, -2.048125743865967, -2.00943660736084, -1.8826371431350708, -1.960825800895691, -1.987554907798767, -1.9933174848556519, -1.9940967559814453, -2.0052695274353027, -2.002394676208496, -2.0032100677490234, -1.995539903640747, -1.9974879026412964, -1.9971836805343628, -1.9956058263778687, -1.9952160120010376],