{"n_parameters": 33778, "training_time": 1.6634001731872559, "loss": [3.0948400497436523, 0.793897807598114, 1.0350853204727173, 0.7696350812911987, 0.9408337473869324, 0.7037757635116577, 0.820059061050415, 0.6729459166526794, 0.5972420573234558, 0.7352322936058044, 0.5689216256141663, 0.6142793297767639, 0.49593430757522583, 0.4723801910877228, 0.536137580871582, 0.3874339759349823, 0.462085485458374, 0.5117408037185669, 0.12436165660619736, 0.3949105441570282, 0.3986000716686249, 0.16741560399532318, 0.15123610198497772, 0.2272968292236328, 0.2160920798778534, 0.20267125964164734, 0.09861888736486435, 0.06287376582622528, 0.09909222275018692, 0.05235626548528671, -0.004882312845438719, -0.03852009028196335, 0.18860343098640442, 0.05478229001164436, -0.1826794594526291, -0.08865136653184891, -0.06387723982334137, -0.039752017706632614, -0.2449798285961151, -0.06375905871391296, -0.2033529430627823, -0.03532375767827034, -0.2651195228099823, -0.20189255475997925, -0.27086979150772095, -0.3573438227176666, -0.07395903021097183, -0.44751232862472534, -0.14990489184856415, -0.3626296818256378, -0.34929177165031433, -0.4342446029186249, -0.32387250661849976, -0.2619398236274719, -0.2229279726743698, -0.42354848980903625, -0.6239275932312012, -0.398466557264328, -0.2968612313270569, -0.36268675327301025, -0.41270139813423157, -0.40663254261016846, -0.48761558532714844, -0.6035405993461609, -0.579691469669342, 0.012084975838661194, -0.3250655233860016, -0.8380035161972046, -0.3790624737739563, -0.4793483018875122, -0.4498519003391266, -0.5335500836372375, -0.3925870954990387, -0.5601217150688171, -0.7268068194389343, -0.816251814365387, -1.0164765119552612, -1.11339271068573, -1.242910385131836, -1.3571796417236328, -1.4853984117507935, -1.5883467197418213, -1.6946581602096558, -1.7484941482543945, -1.8732783794403076, -1.8926655054092407, -1.9888124465942383, -2.0166687965393066, -1.9615031480789185, -2.1741371154785156, -2.017514228820801, -2.1845173835754395, -2.20157527923584, -2.0894150733947754, -2.238044023513794, -2.1643154621124268, -2.100111246109009, -2.206467390060425, -2.3376641273498535, -2.1328773498535156, -2.2588634490966797, -2.2545907497406006, -2.3826165199279785, -2.2941243648529053, -2.3597664833068848, -2.2827675342559814, -2.1414666175842285, -2.3564107418060303, -2.354036331176758, -2.136688709259033, -2.3212192058563232, -2.303218126296997, -2.221344470977783, -2.612208366394043, -2.6726877689361572, -2.680480718612671, -2.686100482940674, -2.701005458831787, -2.708381414413452, -2.7196319103240967, -2.734867572784424, -2.7441585063934326, -2.7547147274017334, -2.760312557220459, -2.7708656787872314, -2.7853844165802, -2.7894155979156494, -2.800201654434204, -2.807835578918457, -2.826540470123291, -2.8278090953826904, -2.8286097049713135, -2.829545021057129, -2.8313748836517334, -2.832204580307007, -2.8334968090057373, -2.8346121311187744, -2.8354642391204834, -2.836941719055176, -2.8385508060455322, -2.838649272918701, -2.8387563228607178, -2.8389575481414795], "val_loss": [0.6100531220436096, 0.7352796792984009, 0.5230574011802673, 0.5501623153686523, 0.7128527164459229, 0.5854260325431824, 0.4547232389450073, 0.6889422535896301, 0.9659913182258606, 0.4106658399105072, 0.31396639347076416, 0.41217732429504395, 1.1372416019439697, 0.18477198481559753, 0.12843278050422668, 0.7675271034240723, 0.16249461472034454, 0.23166711628437042, 0.2643384337425232, 0.04804575815796852, 0.4120384156703949, -0.10509025305509567, -0.13102154433727264, 0.4813573360443115, 0.016288867220282555, 0.7643791437149048, 0.003937993664294481, -0.28358423709869385, -0.2430582493543625, -0.31902429461479187, -0.37735608220100403, 0.17141664028167725, 0.6147597432136536, -0.34655413031578064, -0.16523677110671997, 1.280051589012146, -0.017616359516978264, -0.32085126638412476, 0.1902158558368683, 1.004605770111084, -0.47345802187919617, -0.510328471660614, -0.5023185014724731, -0.20511624217033386, -0.5388309359550476, 0.10640499740839005, -0.5316140651702881, -0.6867192387580872, -0.42839884757995605, -0.725988507270813, -0.7340798377990723, -0.8031947612762451, -0.7589608430862427, -0.8072851896286011, -0.7498116493225098, -0.7451503872871399, -0.7427628040313721, -0.9395591616630554, -0.8510397672653198, -0.8092880249023438, -0.7537120580673218, -0.7714778780937195, -0.8250612616539001, -0.9245110154151917, -1.061309814453125, -0.9203385710716248, -0.7247949242591858, -0.2609286904335022, -0.7297086715698242, -0.9058667421340942, -0.1320900022983551, -0.5426852107048035, -0.8242731690406799, -0.7555235028266907, -0.44075027108192444, -0.936877429485321, -1.0279606580734253, -1.1247467994689941, -1.1930413246154785, -1.3670653104782104, -1.3175973892211914, -1.5587724447250366, -1.6728764772415161, -1.5547034740447998, -1.7931692600250244, -1.8467339277267456, -1.801824927330017, -1.8729668855667114, -1.7626930475234985, -1.9377154111862183, -1.9879933595657349, -2.020993709564209, -1.9940979480743408, -2.0757954120635986, -1.8101565837860107, -2.033612012863159, -2.0303449630737305, -2.064377546310425, -2.019768714904785, -2.039757251739502, -1.977340579032898, -1.3629367351531982, -2.1385624408721924, -1.6010596752166748, -1.4407544136047363, -1.7797503471374512, -1.916208028793335, -1.452112078666687, -0.8538158535957336, -1.6766481399536133, -2.0355775356292725, -2.1186251640319824, -2.0045437812805176, -2.1555325984954834, -2.1564786434173584, -2.152740478515625, -2.1440165042877197, -2.147639751434326, -2.1595218181610107, -2.154797315597534, -2.1561622619628906, -2.1052472591400146, -2.1384904384613037, -2.113142251968384, -2.135685920715332, -2.1182198524475098, -2.107738733291626, -2.1438279151916504, -2.1170895099639893, -2.120859146118164, -2.1216866970062256, -2.123445749282837, -2.1234171390533447, -2.121713876724243, -2.121960401535034, -2.1195244789123535, -2.1190950870513916, -2.11789870262146, -2.1205036640167236, -2.120283603668213, -2.1202352046966553, -2.1200995445251465, -2.120015859603882],