{"n_parameters": 163890, "training_time": 1.7990641593933105, "loss": [44.71450424194336, 1.310273289680481, 1.3637731075286865, 1.379522442817688, 1.0694481134414673, 0.7533144354820251, 0.60429447889328, 0.3572753071784973, 0.9087313413619995, 0.35937047004699707, 0.2196759134531021, 0.37494707107543945, 0.37471136450767517, 0.35543951392173767, 0.23112216591835022, 0.4057236611843109, 0.2719264626502991, 0.4378933310508728, 0.2120296061038971, 0.11235026270151138, 0.8106361627578735, 0.023780781775712967, 0.4746679663658142, 0.1957990527153015, 0.09468002617359161, 0.559055745601654, 0.3190648555755615, 0.21316680312156677, 0.07125946879386902, 1.132323145866394, 0.12891800701618195, 1.2647852897644043, 0.12352596968412399, 0.29741576313972473, 0.11718136072158813, 0.28375473618507385, 0.33265355229377747, 0.25044023990631104, 0.856489360332489, 0.2799210846424103, 0.30924010276794434, 0.18084196746349335, -0.1848084181547165, -0.37811827659606934, -0.6474047303199768, -0.9135012030601501, -1.1113660335540771, -1.1320511102676392, -1.1327710151672363, -1.3413506746292114, -1.4364608526229858, -1.3174065351486206, -1.4624390602111816, -1.3577920198440552, -1.4229187965393066, -1.3198925256729126, -1.517105221748352, -1.3594768047332764, -1.6267951726913452, -1.3293867111206055, -1.3300034999847412, -1.542852759361267, -1.373581051826477, -1.4891667366027832, -1.4200489521026611, -1.4734991788864136, -1.5187643766403198, -1.386214256286621, -1.441832423210144, -1.6307157278060913, -1.514936089515686, -1.2997350692749023, -1.8278342485427856, -1.88247549533844, -1.94930100440979, -2.011104106903076, -2.0784623622894287, -2.1421144008636475, -2.206310272216797, -2.259161949157715, -2.328195333480835, -2.3806955814361572, -2.4302515983581543, -2.466167688369751, -2.5130395889282227, -2.582885503768921, -2.594636917114258, -2.634265661239624, -2.652312994003296, -2.675840139389038, -2.7467122077941895, -2.749976634979248, -2.7552919387817383, -2.76015305519104, -2.765260696411133, -2.7724924087524414, -2.7747509479522705, -2.780695915222168, -2.787703514099121, -2.792097806930542, -2.7986509799957275, -2.799502372741699], "val_loss": [1.3875176906585693, 1.2997126579284668, 1.0202726125717163, 1.0132678747177124, 0.7565996646881104, 0.7170616984367371, 1.198550820350647, 6.840393543243408, 0.23042532801628113, -0.01581575721502304, -0.1401454508304596, 0.1608152687549591, 0.1262071281671524, 0.06656062602996826, -0.05905422940850258, 0.8701220154762268, 0.0048949941992759705, 0.6963474750518799, 0.14241750538349152, -0.3041611909866333, 0.14956271648406982, -0.2639523446559906, -0.19796063005924225, -0.28583672642707825, -0.13634543120861053, 3.14526629447937, -0.045854128897190094, -0.01536533422768116, -0.2328864485025406, -0.08724621683359146, -0.47154009342193604, -0.2360367327928543, -0.3359683156013489, -0.1149715706706047, -0.26277774572372437, 0.19666828215122223, -0.030032996088266373, 1.1160497665405273, 0.18278154730796814, -0.26085785031318665, -0.14165207743644714, -0.10622484236955643, -0.2507251501083374, -0.5043036937713623, -0.6283811926841736, -1.0992109775543213, -1.1889503002166748, -1.357279658317566, -1.3132598400115967, -1.4575464725494385, -1.5212888717651367, -1.5943001508712769, -1.0262787342071533, -0.1945836842060089, -1.147779941558838, -1.419311285018921, -0.9297838807106018, 0.3837239444255829, -0.7409651279449463, 3.9414193630218506, -1.717774748802185, -1.5633373260498047, -1.533810019493103, -0.8162683248519897, -1.5508363246917725, -1.6353899240493774, -1.5106980800628662, -1.2913182973861694, -1.3864120244979858, -1.5735573768615723, 0.383818119764328, -1.5963304042816162, -1.644553542137146, -1.6743665933609009, -1.7208821773529053, -1.7329164743423462, -1.751214861869812, -1.7656078338623047, -1.7001352310180664, -1.7520560026168823, -1.6187896728515625, -1.6822004318237305, -1.6299723386764526, -1.5365211963653564, -1.5867068767547607, -1.4351140260696411, -1.4400559663772583, -0.7235472202301025, -0.7782667875289917, -1.1833653450012207, -1.1615419387817383, -1.1743288040161133, -1.1506216526031494, -1.1580580472946167, -1.1417750120162964, -1.0913474559783936, -1.105937123298645, -1.1058549880981445, -1.1066471338272095, -1.080100417137146, -1.0767985582351685, -1.0717591047286987], "lr": [0.008671869523823261, 0.008671869523823261, 0.008671869523823261, 0.008671869523823261, 0.008671869523823261, 0.008671869523823261, 0.008671869523823261, 0.008671869523823261, 0.008671869523823261, 0.008671869523823261, 0.008671869523823261, 0.008671869523823261, 0.008671869523823261, 0.008671869523823261, 0.008671869523823261, 0.008671869523823261, 0.008671869523823261, 0.008671869523823261, 0.008671869523823261, 0.008671869523823261, 0.008671869523823261, 0.008671869523823261, 0.008671869523823261, 0.008671869523823261, 0.008671869523823261, 0.008671869523823261, 0.008671869523823261, 0.008671869523823261, 0.008671869523823261, 0.008671869523823261, 0.008671869523823261, 0.008671869523823261, 0.008671869523823261, 0.008671869523823261, 0.008671869523823261, 0.008671869523823261, 0.008671869523823261, 0.008671869523823261, 0.008671869523823261, 0.008671869523823261, 0.008671869523823261, 0.008671869523823261, 0.0008671869290992618, 0.0008671869290992618, 0.0008671869290992618, 0.0008671869290992618, 0.0008671869290992618, 0.0008671869290992618, 0.0008671869290992618, 0.0008671869290992618, 0.0008671869290992618, 0.0008671869290992618, 0.0008671869290992618, 0.0008671869290992618, 0.0008671869290992618, 0.0008671869290992618, 0.0008671869290992618, 0.0008671869290992618, 0.0008671869290992618, 0.0008671869290992618, 0.0008671869290992618, 0.0008671869290992618, 0.0008671869290992618, 0.0008671869290992618, 0.0008671869290992618, 0.0008671869290992618, 0.0008671869290992618, 0.0008671869290992618, 0.0008671869290992618, 0.0008671869290992618, 0.0008671869290992618, 0.0008671869290992618, 8.671868999954313e-05, 8.671868999954313e-05, 8.671868999954313e-05, 8.671868999954313e-05, 8.671868999954313e-05, 8.671868999954313e-05, 8.671868999954313e-05, 8.671868999954313e-05, 8.671868999954313e-05, 8.671868999954313e-05, 8.671868999954313e-05, 8.671868999954313e-05, 8.671868999954313e-05, 8.671868999954313e-05, 8.671868999954313e-05, 8.671868999954313e-05, 8.671868999954313e-05, 8.671869181853253e-06, 8.671869181853253e-06, 8.671869181853253e-06, 8.671869181853253e-06, 8.671869181853253e-06, 8.671869181853253e-06, 8.671869181853253e-06, 8.671869181853253e-06, 8.671869181853253e-06, 8.671869181853253e-06, 8.671869181853253e-06, 8.671869409226929e-07, 8.671869409226929e-07]}