{"n_parameters": 55378, "training_time": 1.2518031597137451, "loss": [1.1007126569747925, 0.6518388390541077, 0.583472728729248, 0.4695921540260315, 0.44277456402778625, 0.3912060260772705, 0.21997615694999695, 0.27998119592666626, 0.08309943974018097, 0.06867649406194687, 0.13673987984657288, 0.004090083763003349, 0.06031973659992218, -0.10791873186826706, 0.004092492628842592, -0.1881326287984848, -0.3118607997894287, -0.012702184729278088, -0.28643545508384705, -0.045223169028759, -0.28368306159973145, -0.3399581015110016, -0.4035186767578125, -0.2750672698020935, -0.37024375796318054, -0.2944119870662689, -0.5127639174461365, -0.42123571038246155, -0.3167165219783783, -0.4186485707759857, -0.4142740070819855, -0.5954408645629883, -0.30384957790374756, -0.589954137802124, -0.6122260093688965, -0.557409942150116, -0.6821313500404358, -0.4542272686958313, -0.4082103371620178, -0.6294777393341064, -0.5468454360961914, -0.6888163685798645, -0.6337345242500305, -0.6901770830154419, -0.5792982578277588, -0.4953433871269226, -1.003761649131775, -1.0825790166854858, -1.1620938777923584, -1.2408568859100342, -1.3220466375350952, -1.4075571298599243, -1.463625431060791, -1.5379127264022827, -1.598304033279419, -1.6276768445968628, -1.6609550714492798, -1.7050663232803345, -1.7128705978393555, -1.737246036529541, -1.7752304077148438, -1.726661205291748, -1.8120836019515991, -1.8372156620025635, -1.8173844814300537, -1.8573027849197388, -1.7947858572006226, -1.926628828048706, -1.7995460033416748, -1.8687795400619507, -1.923252820968628, -1.8693039417266846, -1.8358556032180786, -2.008206367492676, -2.0208473205566406, -2.0232315063476562, -2.021402359008789, -2.0204648971557617, -2.027125597000122, -2.0360107421875, -2.031637668609619, -2.0409929752349854, -2.0352694988250732, -2.0413804054260254, -2.0449979305267334, -2.046391010284424, -2.0508999824523926, -2.056586742401123, -2.057957410812378, -2.058173894882202, -2.058722972869873, -2.0583982467651367, -2.059232234954834, -2.0589182376861572, -2.0595085620880127, -2.059967517852783, -2.06015682220459, -2.0614211559295654, -2.0614426136016846, -2.0613842010498047, -2.061560869216919], "val_loss": [0.5485098958015442, 0.5066878795623779, 0.47651100158691406, 0.34209296107292175, 0.4275597035884857, 1.1903945207595825, 3.2431626319885254, 0.372143030166626, 0.43995895981788635, 0.04056454449892044, -0.31937462091445923, -0.3828103542327881, -0.3705019950866699, -0.4199822247028351, -0.421522319316864, -0.35911092162132263, -0.6309383511543274, -0.5666781663894653, 0.23433013260364532, -0.3287297189235687, -0.3078436851501465, -0.6151646375656128, -0.4418104887008667, -0.032724667340517044, -0.7171854972839355, -0.6025151610374451, -0.7833182215690613, -0.3591677248477936, -0.45457592606544495, -0.7616665363311768, -0.7907220721244812, -0.7014658451080322, -0.6967378258705139, -0.7221064567565918, -0.9133688807487488, -0.8640746474266052, -0.008720957674086094, 0.7961167693138123, -0.8252118825912476, -0.8672407269477844, -0.9106701612472534, -0.8270527720451355, -0.38521382212638855, -0.9033688902854919, 0.8173445463180542, -0.9452757239341736, -1.0373080968856812, -1.1144435405731201, -1.1962890625, -1.269177794456482, -1.3442866802215576, -1.347933292388916, -1.477172613143921, -1.540852665901184, -1.5889825820922852, -1.6039676666259766, -1.6382373571395874, -1.685427188873291, -1.6790947914123535, -1.7068421840667725, -1.5116736888885498, -1.6731014251708984, -1.746348261833191, -1.53840970993042, -1.5692167282104492, -1.6593388319015503, -1.7437670230865479, -1.7350705862045288, -1.6620759963989258, -1.4932864904403687, -1.710695505142212, -1.6301085948944092, -1.7211124897003174, -1.7604756355285645, -1.762986183166504, -1.761164665222168, -1.763962745666504, -1.7627027034759521, -1.762998104095459, -1.7622712850570679, -1.7615958452224731, -1.746711015701294, -1.7571309804916382, -1.758974313735962, -1.7508361339569092, -1.7537083625793457, -1.7573366165161133, -1.7583186626434326, -1.758415699005127, -1.7583369016647339, -1.758244514465332, -1.7581517696380615, -1.7581075429916382, -1.7580474615097046, -1.7579355239868164, -1.7578898668289185, -1.75766921043396, -1.7576631307601929, -1.7576572895050049, -1.757668375968933, -1.7576587200164795], "lr": [0.0015590698458254337, 0.0015590698458254337, 0.0015590698458254337, 0.0015590698458254337, 0.0015590698458254337, 0.0015590698458254337, 0.0015590698458254337, 0.0015590698458254337, 0.0015590698458254337, 0.0015590698458254337, 0.0015590698458254337, 0.0015590698458254337, 0.0015590698458254337, 0.0015590698458254337, 0.0015590698458254337, 0.0015590698458254337, 0.0015590698458254337, 0.0015590698458254337, 0.0015590698458254337, 0.0015590698458254337, 0.0015590698458254337, 0.0015590698458254337, 0.0015590698458254337, 0.0015590698458254337, 0.0015590698458254337, 0.0015590698458254337, 0.0015590698458254337, 0.0015590698458254337, 0.0015590698458254337, 0.0015590698458254337, 0.0015590698458254337, 0.0015590698458254337, 0.0015590698458254337, 0.0015590698458254337, 0.0015590698458254337, 0.0015590698458254337, 0.0015590698458254337, 0.0015590698458254337, 0.0015590698458254337, 0.0015590698458254337, 0.0015590698458254337, 0.0015590698458254337, 0.0015590698458254337, 0.0015590698458254337, 0.0015590698458254337, 0.00015590697876177728, 0.00015590697876177728, 0.00015590697876177728, 0.00015590697876177728, 0.00015590697876177728, 0.00015590697876177728, 0.00015590697876177728, 0.00015590697876177728, 0.00015590697876177728, 0.00015590697876177728, 0.00015590697876177728, 0.00015590697876177728, 0.00015590697876177728, 0.00015590697876177728, 0.00015590697876177728, 0.00015590697876177728, 0.00015590697876177728, 0.00015590697876177728, 0.00015590697876177728, 0.00015590697876177728, 0.00015590697876177728, 0.00015590697876177728, 0.00015590697876177728, 0.00015590697876177728, 0.00015590697876177728, 0.00015590697876177728, 0.00015590697876177728, 0.00015590697876177728, 1.559069823997561e-05, 1.559069823997561e-05, 1.559069823997561e-05, 1.559069823997561e-05, 1.559069823997561e-05, 1.559069823997561e-05, 1.559069823997561e-05, 1.559069823997561e-05, 1.559069823997561e-05, 1.559069823997561e-05, 1.559069823997561e-05, 1.559069823997561e-05, 1.559069823997561e-05, 1.559069823997561e-05, 1.5590698012601933e-06, 1.5590698012601933e-06, 1.5590698012601933e-06, 1.5590698012601933e-06, 1.5590698012601933e-06, 1.5590698012601933e-06, 1.5590698012601933e-06, 1.5590698012601933e-06, 1.5590698012601933e-06, 1.5590698012601933e-06, 1.5590697444167745e-07, 1.5590697444167745e-07, 1.5590697444167745e-07, 1.5590697444167745e-07]}