{"n_parameters": 90146, "training_time": 1.8114769458770752, "loss": [1.0388779640197754, 0.6240409016609192, 0.5572765469551086, 0.5052568316459656, 0.5046027302742004, 0.2831687033176422, 0.4435451924800873, 0.3896762728691101, 0.275976300239563, 0.17228105664253235, 0.18627549707889557, 0.005205258261412382, 0.21264751255512238, -0.006065164227038622, 0.15774543583393097, 0.05458517000079155, -0.0024605062790215015, -0.08387909084558487, -0.08307081460952759, 0.1236199215054512, 0.06737442314624786, -0.252858966588974, 0.07613683491945267, -0.2900996804237366, -0.06054576113820076, -0.13240474462509155, -0.2132965624332428, -0.25356969237327576, -0.08654963225126266, -0.29835617542266846, -0.0763385146856308, -0.07550037652254105, -0.4452940821647644, -0.02294345200061798, -0.29306161403656006, -0.39027318358421326, -0.12787345051765442, -0.37472036480903625, -0.21349525451660156, -0.384623259305954, -0.38895976543426514, -0.17491817474365234, -0.13315431773662567, -0.29642289876937866, -0.40974491834640503, -0.25712114572525024, -0.39046183228492737, -0.25545698404312134, -0.14837244153022766, -0.15247558057308197, -0.5112385153770447, -0.32659420371055603, -0.43013957142829895, -0.6049946546554565, -0.869656503200531, -0.9590622186660767, -1.0701273679733276, -1.1930333375930786, -1.3084834814071655, -1.4427835941314697, -1.5898679494857788, -1.6130053997039795, -1.7554410696029663, -1.6996140480041504, -1.8373675346374512, -1.8404432535171509, -1.7540161609649658, -2.023101568222046, -1.9411739110946655, -1.8692432641983032, -2.083714246749878, -1.9903738498687744, -1.952567219734192, -2.0917136669158936, -1.968308925628662, -2.058204174041748, -2.024091958999634, -2.030022621154785, -2.168877363204956, -1.9620351791381836, -2.1602399349212646, -2.079087257385254, -1.8654192686080933, -2.1291310787200928, -2.022303581237793, -2.180866241455078, -1.9260308742523193, -2.2620832920074463, -1.9853266477584839, -2.196497917175293, -2.1019625663757324, -2.0138742923736572, -2.249990224838257, -1.965572476387024, -2.354468822479248, -2.0200893878936768, -2.1632375717163086, -1.9357174634933472, -2.4810407161712646, -2.543870687484741, -2.5849995613098145, -2.616122245788574, -2.652402400970459, -2.678321599960327, -2.717911958694458, -2.7409138679504395, -2.7632668018341064, -2.7879369258880615, -2.8196911811828613, -2.8231699466705322, -2.8262381553649902, -2.82947039604187], "val_loss": [0.5978445410728455, 0.5134502649307251, 0.4488939344882965, 0.41768768429756165, 0.3387148678302765, 0.4657518267631531, 0.3854145109653473, 0.11468985676765442, 0.21935869753360748, 0.21573461592197418, 0.0363692007958889, -0.13586637377738953, -0.057598892599344254, -0.27300703525543213, -0.18356245756149292, -0.21974818408489227, -0.06876581907272339, -0.2353125512599945, -0.3114069998264313, -0.06059303879737854, -0.29794517159461975, -0.3579321503639221, -0.3560343086719513, -0.011246283538639545, -0.38736698031425476, -0.10219471901655197, -0.3673950731754303, -0.009251645766198635, -0.314347505569458, -0.35807913541793823, -0.48290228843688965, -0.4799109101295471, 0.19282199442386627, -0.027063118293881416, -0.5213398337364197, 2.4880731105804443, -0.5407747030258179, -0.13604681193828583, -0.6206469535827637, 0.3414624035358429, -0.47937601804733276, -0.6661598086357117, -0.7077817320823669, -0.31776419281959534, 1.5173251628875732, -0.3341635465621948, 0.015647398307919502, 3.355471134185791, -0.6089512705802917, -0.5415253043174744, -0.009931872598826885, 1.4331533908843994, 0.12193760275840759, -0.7929591536521912, -0.8768894076347351, -0.9439634680747986, -1.101775884628296, -1.1737481355667114, -1.3571168184280396, -1.4033105373382568, -1.6426517963409424, -1.6640616655349731, -1.2399003505706787, -1.5258885622024536, -1.3914361000061035, -0.8598731160163879, -1.807381272315979, -1.7566510438919067, -1.7325403690338135, -1.5846421718597412, -1.5406149625778198, -1.7805390357971191, -1.8470351696014404, -1.7817729711532593, -1.0320401191711426, -0.4292134642601013, -1.8601536750793457, -1.1194888353347778, -0.8455474376678467, -1.884354829788208, -1.0978411436080933, -0.24739879369735718, -1.8003873825073242, -1.7823015451431274, -1.70920991897583, -0.16816529631614685, -1.6222971677780151, -1.8851441144943237, -1.8345205783843994, -1.636849284172058, -1.1303075551986694, -0.8171106576919556, -1.6199803352355957, -1.4469680786132812, 0.2144368439912796, -1.0430539846420288, -0.5411018133163452, -1.7820613384246826, -1.8635987043380737, -1.8497977256774902, -1.8505507707595825, -1.8199471235275269, -1.8085604906082153, -1.7414910793304443, -1.7675566673278809, -1.6493314504623413, -1.6908550262451172, -1.6481939554214478, -1.640634536743164, -1.6414287090301514, -1.6358342170715332, -1.6339868307113647], "lr": [0.001650476362556219, 0.001650476362556219, 0.001650476362556219, 0.001650476362556219, 0.001650476362556219, 0.001650476362556219, 0.001650476362556219, 0.001650476362556219, 0.001650476362556219, 0.001650476362556219, 0.001650476362556219, 0.001650476362556219, 0.001650476362556219, 0.001650476362556219, 0.001650476362556219, 0.001650476362556219, 0.001650476362556219, 0.001650476362556219, 0.001650476362556219, 0.001650476362556219, 0.001650476362556219, 0.001650476362556219, 0.001650476362556219, 0.001650476362556219, 0.001650476362556219, 0.001650476362556219, 0.001650476362556219, 0.001650476362556219, 0.001650476362556219, 0.001650476362556219, 0.001650476362556219, 0.001650476362556219, 0.001650476362556219, 0.001650476362556219, 0.001650476362556219, 0.001650476362556219, 0.001650476362556219, 0.001650476362556219, 0.001650476362556219, 0.001650476362556219, 0.001650476362556219, 0.001650476362556219, 0.001650476362556219, 0.001650476362556219, 0.001650476362556219, 0.001650476362556219, 0.001650476362556219, 0.001650476362556219, 0.001650476362556219, 0.001650476362556219, 0.001650476362556219, 0.001650476362556219, 0.001650476362556219, 0.00016504763334523886, 0.00016504763334523886, 0.00016504763334523886, 0.00016504763334523886, 0.00016504763334523886, 0.00016504763334523886, 0.00016504763334523886, 0.00016504763334523886, 0.00016504763334523886, 0.00016504763334523886, 0.00016504763334523886, 0.00016504763334523886, 0.00016504763334523886, 0.00016504763334523886, 0.00016504763334523886, 0.00016504763334523886, 0.00016504763334523886, 0.00016504763334523886, 0.00016504763334523886, 0.00016504763334523886, 0.00016504763334523886, 0.00016504763334523886, 0.00016504763334523886, 0.00016504763334523886, 0.00016504763334523886, 0.00016504763334523886, 0.00016504763334523886, 0.00016504763334523886, 0.00016504763334523886, 0.00016504763334523886, 0.00016504763334523886, 0.00016504763334523886, 0.00016504763334523886, 0.00016504763334523886, 0.00016504763334523886, 0.00016504763334523886, 0.00016504763334523886, 0.00016504763334523886, 0.00016504763334523886, 0.00016504763334523886, 0.00016504763334523886, 0.00016504763334523886, 0.00016504763334523886, 0.00016504763334523886, 0.00016504763334523886, 1.6504764062119648e-05, 1.6504764062119648e-05, 1.6504764062119648e-05, 1.6504764062119648e-05, 1.6504764062119648e-05, 1.6504764062119648e-05, 1.6504764062119648e-05, 1.6504764062119648e-05, 1.6504764062119648e-05, 1.6504764062119648e-05, 1.6504764062119648e-06, 1.6504764062119648e-06, 1.6504764062119648e-06, 1.6504764062119648e-06]}