{"n_parameters": 174962, "training_time": 2.5721969604492188, "loss": [7.223169803619385, 1.6644458770751953, 1.395318865776062, 1.3547685146331787, 1.349157691001892, 1.0893110036849976, 0.9322658777236938, 0.9807804822921753, 0.7843499183654785, 0.6646450161933899, 0.812898576259613, 0.49956998229026794, 0.6791156530380249, 0.431193083524704, 0.4207150638103485, 0.36289504170417786, 0.29393690824508667, 0.47725769877433777, 0.06275499612092972, 0.23859983682632446, 0.25365757942199707, -0.00739002600312233, 0.171466663479805, -0.05888834968209267, 0.05595121532678604, 0.23214107751846313, -0.14312748610973358, -0.09033927321434021, -0.18231996893882751, -0.13114796578884125, 0.049848515540361404, -0.08196306973695755, -0.24125726521015167, -0.1579395830631256, -0.24106182157993317, -0.27800607681274414, 0.14786705374717712, -0.44221189618110657, -0.26763588190078735, -0.34374284744262695, -0.10653877258300781, -0.4323679506778717, -0.41362303495407104, -0.37271350622177124, 0.07828152924776077, -0.3779163062572479, -0.15269194543361664, -0.2577463984489441, -0.437263160943985, -0.23812395334243774, -0.40779370069503784, -0.42465415596961975, -0.4570430517196655, -0.4012327790260315, -0.3753369450569153, -0.4435060918331146, -0.5502760410308838, -0.505607008934021, -0.4686586558818817, -0.3254011869430542, -0.43848052620887756, -0.5668937563896179, -0.5963315963745117, -0.12504269182682037, -0.8034570217132568, -0.4826200008392334, -0.6248013973236084, -0.6129109859466553, -0.4667229652404785, -0.7263044118881226, -0.5290742516517639, -0.6168640851974487, -0.6493724584579468, -0.5923100113868713, -0.6788727045059204, -0.6921146512031555, -0.5377762317657471, -0.7520559430122375, -0.5844530463218689, -0.5522663593292236, -0.4747765362262726, -0.8477842807769775, -0.5239887833595276, -0.4221329987049103, -0.843611478805542, -0.6318684220314026, -0.715998113155365, -0.5986393094062805, -0.538508415222168, -0.763118326663971, -0.8215168118476868, -0.514468789100647, -0.8039249777793884, -0.7616519331932068, -0.7605264782905579, -0.5854364037513733, -0.6704874038696289, -0.7474592328071594, -0.8523290753364563, -0.2305060476064682, -0.9955727458000183, -1.2300596237182617, -1.4456102848052979, -1.6529268026351929, -1.8450418710708618, -2.0119659900665283, -2.0810465812683105, -2.224268913269043, -2.2507002353668213, -2.2236108779907227, -2.298129081726074, -2.4268341064453125, -2.4136855602264404, -2.3449018001556396, -2.491661548614502, -2.4903037548065186, -2.340047597885132, -2.6686906814575195, -2.4469213485717773, -2.4240236282348633, -2.688190221786499, -2.506693124771118, -2.52681303024292, -2.615372896194458, -2.485992431640625, -2.535013437271118, -2.5399720668792725, -2.9082632064819336, -2.956220865249634, -2.97273325920105, -2.9957001209259033, -3.0221400260925293, -3.019383668899536, -3.054201602935791, -3.0640852451324463, -3.080893039703369, -3.10624623298645, -3.12260365486145, -3.127896547317505], "val_loss": [0.7740139365196228, 0.9658940434455872, 1.170396327972412, 2.8797810077667236, 0.7238027453422546, 1.2199890613555908, 1.2453211545944214, 0.6532876491546631, 0.5490952730178833, 0.6482253074645996, 0.5467149019241333, 0.5441172122955322, 0.48460090160369873, 0.41017886996269226, 0.5498736500740051, 0.452243447303772, 0.15759004652500153, 0.03015700727701187, 1.2241371870040894, 0.2932825982570648, -0.06629049777984619, -0.24644123017787933, 0.0002719088224694133, 0.7037015557289124, -0.2778390645980835, -0.1651991605758667, -0.1767120659351349, 0.39133599400520325, 1.2399417161941528, -0.5415470004081726, 0.4361896216869354, -0.018393907696008682, 0.2053646296262741, -0.49854955077171326, -0.3700741231441498, -0.6061636805534363, -0.5260300636291504, -0.12212146818637848, -0.6010282039642334, -0.4883001446723938, -0.5803026556968689, -0.4241328537464142, -0.5129289627075195, 3.42333722114563, -0.3759118318557739, -0.7105988264083862, -0.7134737372398376, -0.614327609539032, -0.5699295997619629, -0.6163679361343384, -0.4763950705528259, -0.4488663971424103, -0.5813585519790649, -0.7132286429405212, -0.6759170889854431, -0.734312117099762, 0.2573445439338684, -0.4770451784133911, 2.351914405822754, 0.7656029462814331, -0.7293832302093506, -0.7839207649230957, -0.3056037724018097, -0.5487942099571228, -0.8391776084899902, -0.7243532538414001, -0.1308988481760025, -0.41298815608024597, -0.853646993637085, -0.6057137846946716, 0.1142808347940445, -0.25536343455314636, -0.563959002494812, -0.9680836796760559, 0.5086647868156433, -0.9288514256477356, -0.7272220253944397, 0.4096302390098572, -0.7348514199256897, -0.6932360529899597, -0.9330359697341919, -0.42826709151268005, -0.8868521451950073, -0.8940690159797668, -1.083688735961914, -0.8430578112602234, -1.1486026048660278, -0.8582333922386169, -0.9765291810035706, -0.5852494239807129, -1.1286556720733643, -0.949897289276123, -1.10596764087677, -0.6469085812568665, -0.987011730670929, -0.8910876512527466, -1.0603437423706055, -0.9889556765556335, 1.1001465320587158, -0.7843882441520691, -1.0683048963546753, -1.261285662651062, -1.478826880455017, -1.6605732440948486, -1.7146828174591064, -1.923523187637329, -1.8147889375686646, -1.815330982208252, -1.7817779779434204, -2.0215020179748535, -2.0290820598602295, -1.5460456609725952, -1.994889736175537, -2.0042002201080322, -2.084789276123047, -2.0537526607513428, -1.8553133010864258, -1.5435158014297485, -1.9851967096328735, -1.7576565742492676, -1.368251085281372, -1.7887645959854126, -1.9356234073638916, -1.723352074623108, -1.8879766464233398, -1.7273198366165161, -1.9281201362609863, -1.9497572183609009, -1.9108468294143677, -1.8834036588668823, -1.85341215133667, -1.8663926124572754, -1.844382643699646, -1.7746559381484985, -1.7597402334213257, -1.7340742349624634, -1.6769192218780518, -1.6264500617980957, -1.643216848373413],