{"n_parameters": 168802, "training_time": 3.4115781784057617, "loss": [1.210806965827942, 1.1367522478103638, 1.0741904973983765, 1.0203765630722046, 0.9737450480461121, 0.935661792755127, 0.9017598628997803, 0.8738359212875366, 0.8488588333129883, 0.8278999924659729, 0.8098635077476501, 0.7946748733520508, 0.7817705273628235, 0.7697468400001526, 0.7599162459373474, 0.7509608268737793, 0.7429940700531006, 0.7365407347679138, 0.7298979759216309, 0.7243673205375671, 0.7189103364944458, 0.7141821980476379, 0.7102723717689514, 0.7058807015419006, 0.701931893825531, 0.6984022259712219, 0.6946859955787659, 0.6918290257453918, 0.6882431507110596, 0.6851763129234314, 0.6824156641960144, 0.6796687245368958, 0.6769431233406067, 0.6745044589042664, 0.6710606813430786, 0.6684607863426208, 0.6660851836204529, 0.6634989976882935, 0.6610941290855408, 0.6585831046104431, 0.656464695930481, 0.6543302536010742, 0.6518839001655579, 0.64963698387146, 0.6473562717437744, 0.6456342339515686, 0.6432011723518372, 0.6409218907356262, 0.6388310194015503, 0.6368510723114014, 0.634872555732727, 0.6327402591705322, 0.6309323906898499, 0.6289469599723816, 0.6271594762802124, 0.6252725124359131, 0.6232842803001404, 0.6212652325630188, 0.6197134852409363, 0.6181102395057678, 0.6160361170768738, 0.6141974329948425, 0.6127051115036011, 0.6108908653259277, 0.6092934608459473, 0.607418417930603, 0.6057924032211304, 0.6042772531509399, 0.6025427579879761, 0.6008850932121277, 0.5994543433189392, 0.5979017615318298, 0.5963403582572937, 0.5946776270866394, 0.5933412313461304, 0.5916633009910583, 0.5900846123695374, 0.5889200568199158, 0.5871780514717102, 0.5857011675834656, 0.5842235684394836, 0.5829182267189026, 0.581439733505249, 0.5799008011817932, 0.5786349773406982, 0.5771728157997131, 0.5759678483009338, 0.5744724869728088, 0.5733145475387573, 0.5718488097190857, 0.5705382823944092, 0.5692830085754395, 0.5679759383201599, 0.5668028593063354, 0.5654293298721313, 0.5642004013061523, 0.562999427318573, 0.5615546703338623, 0.5602718591690063, 0.5590229630470276, 0.5577413439750671, 0.5566420555114746, 0.5554668307304382, 0.5542859435081482, 0.5529538989067078, 0.5519747138023376, 0.550774097442627, 0.5496668219566345, 0.5486584901809692, 0.5473242402076721, 0.5462334752082825, 0.5451704859733582, 0.5440403819084167, 0.5429626107215881, 0.5417973399162292, 0.5407595634460449, 0.5397133827209473, 0.5387831926345825, 0.5377412438392639, 0.5366548299789429, 0.535502016544342, 0.5344959497451782, 0.5334678292274475, 0.5323431491851807, 0.5314387083053589, 0.5304895043373108, 0.5294989347457886, 0.5284682512283325, 0.5273540616035461, 0.5264033675193787, 0.5253865122795105, 0.5244433283805847, 0.5234997868537903, 0.5223996639251709, 0.5214124321937561, 0.5203658938407898, 0.5194883942604065, 0.5185132622718811, 0.5175726413726807, 0.5164143443107605, 0.5154008269309998, 0.5144431591033936, 0.513403594493866, 0.5125649571418762, 0.5114606618881226, 0.5106041431427002, 0.5094450116157532, 0.5084711313247681, 0.5073992013931274, 0.5063936710357666, 0.5053273439407349, 0.5043793320655823, 0.5034250020980835, 0.5024471879005432, 0.501514196395874, 0.5004753470420837, 0.49960556626319885, 0.4985243082046509, 0.49747079610824585, 0.49655067920684814, 0.495674729347229, 0.4945523142814636, 0.4935891032218933, 0.4927085340023041, 0.49160465598106384, 0.4906381368637085, 0.48969724774360657, 0.4886089861392975, 0.4876342713832855, 0.4867156445980072, 0.48562851548194885, 0.48468321561813354, 0.483641117811203, 0.48261046409606934, 0.48167160153388977, 0.48063114285469055, 0.47955575585365295, 0.47853752970695496, 0.4775761365890503, 0.47652047872543335, 0.47546809911727905, 0.4743926227092743, 0.4733876883983612, 0.4724145233631134, 0.47136610746383667, 0.47033607959747314, 0.46922895312309265, 0.4682072699069977, 0.46711525321006775, 0.4660530686378479, 0.4650559723377228, 0.4640030264854431, 0.46294930577278137, 0.4619596600532532, 0.46083226799964905, 0.4597536027431488, 0.4586767852306366, 0.4576370120048523, 0.45659348368644714, 0.45559054613113403],