{"n_parameters": 154114, "training_time": 3.0336949825286865, "loss": [4.491023063659668, 0.7469359636306763, 1.1986823081970215, 0.7925398349761963, 0.9945593476295471, 0.5855618715286255, 0.8293755650520325, 0.6406926512718201, 0.4489043951034546, 0.5083993673324585, 0.41496625542640686, 0.3392278850078583, 0.2799864113330841, 0.1755950003862381, 0.376534640789032, 0.07052680850028992, 0.19852618873119354, 0.09680966287851334, 0.09766775369644165, -0.05954897031188011, 0.05734266713261604, -0.07547235488891602, -0.09727296233177185, 0.005136699881404638, -0.1158074215054512, -0.22593873739242554, -0.21520432829856873, -0.1661195605993271, -0.295683354139328, -0.14782457053661346, -0.3139231204986572, -0.3249306082725525, -0.20785841345787048, -0.13284792006015778, -0.32991912961006165, -0.41152605414390564, -0.45625898241996765, -0.027450410649180412, -0.4535039961338043, -0.42692074179649353, -0.34188729524612427, -0.45875611901283264, -0.4851943552494049, -0.3836151957511902, -0.26294395327568054, -0.5498970150947571, -0.5752837657928467, -0.4327039122581482, -0.45708295702934265, -0.42057517170906067, -0.33511510491371155, -0.3141709268093109, -0.6315304040908813, -0.4847160875797272, -0.4772736132144928, -0.6029713153839111, -0.4861980080604553, -0.6057666540145874, -0.5287664532661438, -0.5946539044380188, -0.6177524924278259, -0.5415102243423462, -0.24953244626522064, -0.6658456921577454, -0.7143296003341675, 0.03797508031129837, -0.4422142207622528, -0.6739087104797363, -0.4804215133190155, -0.5369293093681335, -0.24320641160011292, -0.9695483446121216, -0.3434533178806305, -0.7451961040496826, -0.5650845766067505, -0.6621552109718323, -0.6046478748321533, -0.21848760545253754, -0.8100427389144897, -0.78989177942276, -0.4552215039730072, -0.7494428753852844, -0.5398952960968018, -0.3672366142272949, -0.9481999278068542, -0.6974701881408691, -0.5718688368797302, -0.8400680422782898, -0.6848791241645813, -0.6092485785484314, -0.5354772210121155, -0.9002796411514282, -0.6486512422561646, -0.7275050282478333, -0.768796980381012, -0.6021703481674194, -0.9811241030693054, -0.2638598382472992, -0.8121240139007568, -0.8099212050437927, -0.8205724358558655, -0.6746031641960144, -0.8266092538833618, -0.7831847071647644, -0.7237437963485718, -0.8573132157325745, -0.0759662464261055, -0.9112553000450134, -1.0616344213485718, -0.8278183937072754, -0.7260457873344421, -0.809537410736084, -1.0395703315734863, -0.6207847595214844, -0.8758949637413025, -0.6622334718704224, -0.8068420886993408, -0.8692734837532043, -0.8361524939537048, -0.9237251877784729, -0.6934102177619934, -0.7897605895996094, -0.8019747138023376, -0.6089863777160645, -0.9838258624076843, -0.9645881652832031, -0.7030192017555237, -0.7416433691978455, -1.0188164710998535, -0.6196396350860596, -0.6853159070014954, -0.9219992756843567, -1.1011978387832642, -0.6539878249168396, -0.45543912053108215, -0.12391508370637894, -0.9137338399887085, -1.1036163568496704, -0.6212702989578247, -0.8250443339347839, -0.8897026777267456, -0.872109055519104, -0.9614599943161011, -0.9596701264381409, -0.723352313041687, -0.3222338557243347, -1.007966160774231, -1.3431909084320068, -1.4693063497543335, -1.6311290264129639, -1.8193342685699463, -1.9935994148254395, -2.085890531539917, -2.192516803741455, -2.3694746494293213, -2.385976552963257, -2.3055195808410645, -2.433786630630493, -2.5775322914123535, -2.50699782371521, -2.458439826965332, -2.5405659675598145, -2.55950927734375, -2.5768651962280273, -2.482286214828491, -2.7169501781463623, -2.658088207244873, -2.7839767932891846, -2.996433734893799, -3.0201356410980225, -3.0341148376464844, -3.0571067333221436, -3.0815141201019287, -3.09934663772583, -3.1311686038970947, -3.1438777446746826, -3.162322759628296], "val_loss": [1.0038341283798218, 0.7483519315719604, 0.6238136291503906, 1.955628514289856, 0.6940737962722778, 0.9870259761810303, 0.7585465908050537, 0.39881426095962524, 0.266154408454895, 0.6876885294914246, 0.18851570785045624, 0.08319943398237228, 0.17013248801231384, -0.03922824561595917, -0.08822154253721237, 0.7545812129974365, -0.004695079755038023, -0.13603618741035461, -0.10407331585884094, -0.27487829327583313, -0.2777099311351776, -0.11609883606433868, -0.37124812602996826, -0.5051071643829346, -0.5289180278778076, -0.2998707890510559, 0.5988174080848694, -0.4460585117340088, 2.735591173171997, -0.5443238615989685, -0.25260666012763977, 2.2783091068267822, 0.13509756326675415, 0.6563541293144226, -0.20892475545406342, -0.17869514226913452, 1.4506621360778809, -0.04100877419114113, -0.1629331409931183, -0.7201793193817139, -0.6044896841049194, -0.6781318783760071, -0.8291541337966919, -0.6545054316520691, -0.7348610162734985, -0.7610993385314941, -0.8297058939933777, 1.1218550205230713, -0.9302293062210083, 0.16334889829158783, -0.7013976573944092, 0.8092941045761108, -0.643893301486969, -0.7972312569618225, -0.8026557564735413, -0.687724769115448, -0.6229650974273682, -0.8468980193138123, -0.8836719393730164, -0.9796993136405945, -0.24896325170993805, -0.6748887300491333, -0.7041230797767639, -0.8259348273277283, -0.9835546612739563, -0.857431173324585, -0.815643846988678, -0.8305692076683044, -0.8884878158569336, -0.8543501496315002, -0.7180978655815125, -0.952177107334137, -0.5922852754592896, -0.965035080909729, -0.7048367261886597, -0.815575897693634, -0.8921919465065002, -0.8350247740745544, -0.9863970875740051, 0.9139016270637512, -0.562435507774353, 2.4989845752716064, -0.06335097551345825, -0.7894204258918762, 1.0204182863235474, -0.507669985294342, -0.9950899481773376, 0.03879852965474129, -1.066175937652588, -0.8275368809700012, -0.964597761631012, -1.1653530597686768, -0.6103548407554626, -1.0772075653076172, -0.39344194531440735, -0.98576819896698, -1.1271674633026123, -1.0040870904922485, -1.0893540382385254, -1.064517617225647, -1.1427148580551147, -1.113112449645996, -0.9230443239212036, -1.092003583908081, -1.018420934677124, -1.1969856023788452, -1.0524163246154785, -1.1053142547607422, -0.7352847456932068, -1.0879193544387817, -0.940011739730835, -1.099448323249817, -0.46083781123161316, -1.012479543685913, -0.22277987003326416, -0.9847456812858582, -1.140113115310669, -0.7980633974075317, -1.1256048679351807, -1.3295851945877075, -1.092785358428955, -1.2667235136032104, -1.1331032514572144, -1.0763565301895142, -0.9680868983268738, -0.28911086916923523, -1.0066242218017578, -0.8176120519638062, -1.006654977798462, -1.2629690170288086, -1.1338344812393188, -1.2951463460922241, -1.4442899227142334, -1.2093110084533691, -1.1939315795898438, -0.938834011554718, -1.2399497032165527, -0.6673133373260498, -0.9274135828018188, -1.0713697671890259, -1.1466599702835083, -1.2935279607772827, -1.1431169509887695, -1.302844524383545, 2.161548614501953, -1.0911945104599, -1.1414085626602173, -1.2612614631652832, -1.390472650527954, -1.3784871101379395, -1.5703922510147095, -1.6880264282226562, -1.8614718914031982, -1.6262707710266113, -1.6518961191177368, -1.5593465566635132, -1.3146001100540161, -1.4398103952407837, 1.0729219913482666, -1.4715569019317627, -0.9415090680122375, -0.034693263471126556, -0.8973425626754761, -0.3545045554637909, -0.7891406416893005, -1.193747878074646, -0.8889182806015015, -1.0964781045913696, -0.9735063910484314, -0.8405777215957642, -0.9389615058898926, -0.802724301815033, -0.7049654722213745, -0.7676022052764893, -0.6894060373306274, -0.5190194845199585, -0.498028427362442],