{"n_parameters": 17634, "training_time": 2.1945040225982666, "loss": [5.807959079742432, 3.1069469451904297, 1.3994802236557007, 0.7596248984336853, 0.6348434090614319, 0.6046731472015381, 0.583183765411377, 0.5661331415176392, 0.55458003282547, 0.5442589521408081, 0.5348115563392639, 0.5269769430160522, 0.5196985602378845, 0.5123734474182129, 0.5059296488761902, 0.49792587757110596, 0.4900619685649872, 0.48217442631721497, 0.4731477200984955, 0.46391040086746216, 0.45377296209335327, 0.44274818897247314, 0.4310837984085083, 0.4190913736820221, 0.4064674973487854, 0.392660915851593, 0.3769274353981018, 0.36106351017951965, 0.34388038516044617, 0.3270062804222107, 0.3049072027206421, 0.28093355894088745, 0.2534215450286865, 0.2228691428899765, 0.1890432983636856, 0.14736482501029968, 0.10398875176906586, 0.052028778940439224, 0.0027700483333319426, -0.017052246257662773, -0.09945531189441681, -0.08290866017341614, -0.18912552297115326, -0.24637457728385925, -0.29985877871513367, -0.3587397634983063, -0.37894201278686523, -0.4098753333091736, -0.4486179053783417, -0.4708916246891022, -0.5155493021011353, -0.016189921647310257, -0.5581400394439697, -0.6140522956848145, -0.6680606603622437, -0.5330954194068909, -0.6970661878585815, -0.7505747079849243, -0.7896525859832764, -0.8331752419471741, -0.8710331916809082, -0.8567224144935608, -0.4908084571361542, -0.7414899468421936, -0.4365687966346741, -0.4202739894390106, -0.5821808576583862, -0.8135347962379456, -0.8920353651046753, -0.8869604468345642, -0.9049124121665955, -0.9669626951217651, -0.8948733806610107, -1.0308880805969238, -1.007198452949524, -1.0227327346801758, -1.0974833965301514, -0.9327521324157715, -0.7852556109428406, -0.9108500480651855, -0.779758632183075, -0.9233465790748596, -0.969855785369873, -0.7560909390449524, -1.0325721502304077, -1.1247270107269287, -1.1815762519836426, -1.1893171072006226, -1.1942334175109863, -1.1977994441986084, -1.2018826007843018, -1.206417441368103, -1.2105571031570435, -1.212120532989502, -1.2181161642074585, -1.2206610441207886, -1.2230700254440308, -1.2235760688781738, -1.2250064611434937, -1.2254904508590698], "val_loss": [4.300631999969482, 2.090589761734009, 1.007709264755249, 0.6908618211746216, 0.6419609785079956, 0.6120327115058899, 0.5919510126113892, 0.5766484141349792, 0.5657624006271362, 0.555149257183075, 0.5460807085037231, 0.538129985332489, 0.5314024090766907, 0.5238193869590759, 0.5170178413391113, 0.5101813077926636, 0.5035176277160645, 0.49607330560684204, 0.4879974126815796, 0.47941073775291443, 0.47073546051979065, 0.4616164267063141, 0.451015442609787, 0.44083985686302185, 0.4283369183540344, 0.41719967126846313, 0.4033292531967163, 0.38990020751953125, 0.37610170245170593, 0.36004602909088135, 0.3402737081050873, 0.31711962819099426, 0.2965899407863617, 0.2651897370815277, 0.23037293553352356, 0.19730623066425323, 0.15089792013168335, 0.10213328152894974, 0.23882590234279633, 0.014252112247049809, -0.011728566139936447, -0.038793597370386124, -0.12210866063833237, -0.163300558924675, -0.21319909393787384, -0.2521953880786896, -0.2816295325756073, -0.32026994228363037, -0.33301207423210144, -0.4327584207057953, 0.7332873940467834, -0.2823823094367981, -0.4131605327129364, -0.4465709328651428, -0.3596975803375244, -0.4365563988685608, -0.5324682593345642, -0.5419454574584961, -0.5824682712554932, -0.5388666987419128, -0.6648727059364319, 0.1700628101825714, -0.42574259638786316, -0.45746687054634094, -0.42840152978897095, -0.4769599437713623, -0.5587371587753296, -0.6294906735420227, -0.6132059097290039, -0.6587591171264648, -0.6710115671157837, -0.5088151097297668, -0.7067306637763977, -0.7472561001777649, -0.6837888360023499, -0.792300820350647, -0.7056804895401001, -0.7394406199455261, -0.5670357942581177, 0.13132090866565704, -0.4139915704727173, -0.6861483454704285, -0.2613883316516876, -0.5813053846359253, -0.7501940131187439, -0.7794163823127747, -0.753074586391449, -0.7662131786346436, -0.7587425708770752, -0.7599858045578003, -0.7664462327957153, -0.7759236097335815, -0.7602376341819763, -0.7862057089805603, -0.7649422287940979, -0.7609978318214417, -0.765287458896637, -0.7749635577201843, -0.7731695771217346, -0.7733840942382812], "lr": [0.00019462144700810313, 0.00019462144700810313, 0.00019462144700810313, 0.00019462144700810313, 0.00019462144700810313, 0.00019462144700810313, 0.00019462144700810313, 0.00019462144700810313, 0.00019462144700810313, 0.00019462144700810313, 0.00019462144700810313, 0.00019462144700810313, 0.00019462144700810313, 0.00019462144700810313, 0.00019462144700810313, 0.00019462144700810313, 0.00019462144700810313, 0.00019462144700810313, 0.00019462144700810313, 0.00019462144700810313, 0.00019462144700810313, 0.00019462144700810313, 0.00019462144700810313, 0.00019462144700810313, 0.00019462144700810313, 0.00019462144700810313, 0.00019462144700810313, 0.00019462144700810313, 0.00019462144700810313, 0.00019462144700810313, 0.00019462144700810313, 0.00019462144700810313, 0.00019462144700810313, 0.00019462144700810313, 0.00019462144700810313, 0.00019462144700810313, 0.00019462144700810313, 0.00019462144700810313, 0.00019462144700810313, 0.00019462144700810313, 0.00019462144700810313, 0.00019462144700810313, 0.00019462144700810313, 0.00019462144700810313, 0.00019462144700810313, 0.00019462144700810313, 0.00019462144700810313, 0.00019462144700810313, 0.00019462144700810313, 0.00019462144700810313, 0.00019462144700810313, 0.00019462144700810313, 0.00019462144700810313, 0.00019462144700810313, 0.00019462144700810313, 0.00019462144700810313, 0.00019462144700810313, 0.00019462144700810313, 0.00019462144700810313, 0.00019462144700810313, 0.00019462144700810313, 0.00019462144700810313, 0.00019462144700810313, 0.00019462144700810313, 0.00019462144700810313, 0.00019462144700810313, 0.00019462144700810313, 0.00019462144700810313, 0.00019462144700810313, 0.00019462144700810313, 0.00019462144700810313, 0.00019462144700810313, 0.00019462144700810313, 0.00019462144700810313, 0.00019462144700810313, 0.00019462144700810313, 0.00019462144700810313, 0.00019462144700810313, 0.00019462144700810313, 0.00019462144700810313, 0.00019462144700810313, 0.00019462144700810313, 0.00019462144700810313, 0.00019462144700810313, 0.00019462144700810313, 0.00019462144700810313, 1.9462144337012433e-05, 1.9462144337012433e-05, 1.9462144337012433e-05, 1.9462144337012433e-05, 1.9462144337012433e-05, 1.9462144337012433e-05, 1.9462144337012433e-05, 1.9462144337012433e-05, 1.9462144337012433e-05, 1.9462144337012433e-05, 1.9462145246507134e-06, 1.9462145246507134e-06, 1.9462145246507134e-06, 1.9462145246507134e-06]}