{"n_parameters": 119218, "training_time": 1.8036019802093506, "loss": [56.09367752075195, 1.3362534046173096, 1.540282964706421, 1.753940463066101, 1.646299123764038, 1.579550862312317, 1.321290373802185, 1.0453559160232544, 0.7102587819099426, 0.7762221693992615, 0.5591486692428589, 0.5097025632858276, 0.38871169090270996, 0.4077727794647217, 0.1567196547985077, 0.22853808104991913, 0.1333407610654831, 0.2320760041475296, 0.13100072741508484, 0.9461482763290405, -0.02370142750442028, 0.22554568946361542, 0.33686622977256775, 0.28557145595550537, -0.12793834507465363, 0.20575323700904846, 0.0001624898286536336, 0.10378538072109222, -0.05250323936343193, -0.037860218435525894, 0.0857928916811943, -0.1727869063615799, 0.38477271795272827, -0.20896536111831665, -0.2640265226364136, 0.12821991741657257, 0.12894269824028015, -0.06778544187545776, -0.06781475991010666, 0.08171817660331726, -0.23790661990642548, -0.13834154605865479, -0.18287232518196106, 0.05103326588869095, -0.2679600119590759, -0.40476709604263306, -0.13687705993652344, -0.3363916277885437, -0.19394119083881378, -0.2779502868652344, -0.3662241995334625, -0.2041015475988388, -0.31733280420303345, -0.39104539155960083, 0.1257982850074768, 1.5599725246429443, -0.5101747512817383, -0.38568055629730225, -0.6107880473136902, -0.2500545084476471, 0.3726818859577179, -0.5569400191307068, -0.17020513117313385, -0.2820233404636383, -0.27458855509757996, -0.28901350498199463, -0.2802366614341736, -0.28836095333099365, 0.1277739554643631, -0.38817116618156433, -0.7244254350662231, -0.87919020652771, -1.0722215175628662, -1.301789402961731, -1.4943575859069824, -1.6514041423797607, -1.6275347471237183, -1.6357015371322632, -1.8817954063415527, -1.9877140522003174, -1.7309902906417847, -1.9617276191711426, -1.5672509670257568, -2.1265530586242676, -1.811841607093811, -1.753193974494934, -2.1480448246002197, -1.864212989807129, -2.190016269683838, -1.7348384857177734, -2.2917096614837646, -1.7766313552856445, -1.9905356168746948, -1.7837579250335693, -2.047729969024658, -2.0022802352905273, -2.0382580757141113, -1.8692678213119507, -2.349243402481079, -2.3792459964752197, -2.4095957279205322, -2.4527363777160645, -2.484374761581421, -2.525197982788086, -2.565847635269165, -2.597562551498413, -2.6334736347198486, -2.6641297340393066, -2.6726160049438477, -2.7060680389404297, -2.7111430168151855, -2.7146120071411133], "val_loss": [1.3262003660202026, 1.2663023471832275, 1.2902048826217651, 1.1508474349975586, 1.3827096223831177, 1.5045086145401, 0.9126431941986084, 0.7228066921234131, 0.6525501608848572, 0.6486271023750305, 0.5279124975204468, 0.33741891384124756, 0.3583444356918335, 0.33773934841156006, 0.04403645917773247, 0.03334634006023407, -0.030633797869086266, -0.1568220853805542, -0.145530566573143, -0.1607465296983719, 1.0222723484039307, 0.05333228409290314, -0.09086765348911285, -0.1455574482679367, -0.31678834557533264, 1.6363805532455444, -0.08036857098340988, -0.27646440267562866, -0.25324779748916626, 1.0154298543930054, -0.04553868994116783, 1.190847396850586, -0.11548752337694168, -0.48503023386001587, 1.9871790409088135, -0.37566235661506653, 1.0687575340270996, -0.012844352051615715, -0.407223105430603, -0.32878297567367554, -0.48223695158958435, -0.5084663033485413, 0.7760171294212341, -0.39141005277633667, 0.3587111830711365, 0.7597919702529907, -0.5398913025856018, -0.6275090575218201, -0.37348395586013794, -0.5170713067054749, -0.5089702010154724, -0.2783646583557129, -0.5703768134117126, 0.351701945066452, 0.38899654150009155, 0.16964496672153473, -0.6948286890983582, -0.6477619409561157, -0.8285458087921143, 0.3582393229007721, -0.4708661437034607, -0.690182626247406, -0.35375910997390747, -0.5816025137901306, 3.1402599811553955, -0.7212241291999817, -0.6687160134315491, 0.9336606860160828, 0.14012610912322998, -0.6477521061897278, -0.780150830745697, -0.9506836533546448, -1.1643270254135132, -1.3656461238861084, -1.494369626045227, -1.2986301183700562, -1.4458445310592651, -0.9780563712120056, -1.6044942140579224, 0.4046950042247772, -1.6936534643173218, -1.280357003211975, -1.7202911376953125, -1.7311527729034424, -1.3620755672454834, -1.675026535987854, -0.28101083636283875, -1.7410475015640259, -1.6187865734100342, -1.7075536251068115, -1.517472267150879, -1.7127232551574707, -1.449904203414917, -1.619203805923462, -1.633221983909607, -1.5330047607421875, -1.5945974588394165, -1.656187891960144, -1.7071833610534668, -1.6821848154067993, -1.6964030265808105, -1.6677197217941284, -1.6920684576034546, -1.6619974374771118, -1.578802227973938, -1.517881155014038, -1.5440504550933838, -1.3587956428527832, -1.5085963010787964, -1.5276820659637451, -1.5118647813796997, -1.5231200456619263], "lr": [0.004877099767327309, 0.004877099767327309, 0.004877099767327309, 0.004877099767327309, 0.004877099767327309, 0.004877099767327309, 0.004877099767327309, 0.004877099767327309, 0.004877099767327309, 0.004877099767327309, 0.004877099767327309, 0.004877099767327309, 0.004877099767327309, 0.004877099767327309, 0.004877099767327309, 0.004877099767327309, 0.004877099767327309, 0.004877099767327309, 0.004877099767327309, 0.004877099767327309, 0.004877099767327309, 0.004877099767327309, 0.004877099767327309, 0.004877099767327309, 0.004877099767327309, 0.004877099767327309, 0.004877099767327309, 0.004877099767327309, 0.004877099767327309, 0.004877099767327309, 0.004877099767327309, 0.004877099767327309, 0.004877099767327309, 0.004877099767327309, 0.004877099767327309, 0.004877099767327309, 0.004877099767327309, 0.004877099767327309, 0.004877099767327309, 0.004877099767327309, 0.004877099767327309, 0.004877099767327309, 0.004877099767327309, 0.004877099767327309, 0.004877099767327309, 0.004877099767327309, 0.004877099767327309, 0.004877099767327309, 0.004877099767327309, 0.004877099767327309, 0.004877099767327309, 0.004877099767327309, 0.004877099767327309, 0.004877099767327309, 0.004877099767327309, 0.004877099767327309, 0.004877099767327309, 0.004877099767327309, 0.004877099767327309, 0.004877099767327309, 0.004877099767327309, 0.004877099767327309, 0.004877099767327309, 0.004877099767327309, 0.004877099767327309, 0.004877099767327309, 0.004877099767327309, 0.004877099767327309, 0.004877099767327309, 0.0004877099709119648, 0.0004877099709119648, 0.0004877099709119648, 0.0004877099709119648, 0.0004877099709119648, 0.0004877099709119648, 0.0004877099709119648, 0.0004877099709119648, 0.0004877099709119648, 0.0004877099709119648, 0.0004877099709119648, 0.0004877099709119648, 0.0004877099709119648, 0.0004877099709119648, 0.0004877099709119648, 0.0004877099709119648, 0.0004877099709119648, 0.0004877099709119648, 0.0004877099709119648, 0.0004877099709119648, 0.0004877099709119648, 0.0004877099709119648, 0.0004877099709119648, 0.0004877099709119648, 0.0004877099709119648, 0.0004877099709119648, 0.0004877099709119648, 0.0004877099709119648, 0.0004877099709119648, 4.8770998546388e-05, 4.8770998546388e-05, 4.8770998546388e-05, 4.8770998546388e-05, 4.8770998546388e-05, 4.8770998546388e-05, 4.8770998546388e-05, 4.8770998546388e-05, 4.8770998546388e-05, 4.8770998546388e-05, 4.8770998546388e-06, 4.8770998546388e-06, 4.8770998546388e-06, 4.8770998546388e-06]}