{"n_parameters": 21746, "training_time": 1.8658392429351807, "loss": [9.779207229614258, 0.6715577244758606, 1.1743855476379395, 0.44710206985473633, 0.4286888539791107, 0.5695498585700989, 0.3245829641819, 0.15011854469776154, 2.020963191986084, 1.102083444595337, 0.8225570321083069, 0.6895307898521423, 0.9392673373222351, 0.4707600176334381, 0.5156077742576599, 0.4427221715450287, 1.1998636722564697, 0.6634599566459656, 0.4771803021430969, 0.4373021423816681, 0.385248064994812, 0.32397595047950745, 0.2448829710483551, 0.14250145852565765, 0.018237777054309845, -0.08883484452962875, -0.26601874828338623, -0.36839792132377625, -0.20591606199741364, -0.15698789060115814, -0.4201262891292572, -0.5400798916816711, -0.674957811832428, -0.805837094783783, -0.8076885938644409, -0.9650527238845825, -0.8652108907699585, -0.9998806118965149, -1.0267653465270996, -1.25420081615448, -0.9451314806938171, -0.03222287818789482, -1.0325974225997925, -1.1115163564682007, -0.9778341054916382, -1.2185323238372803, -1.2970324754714966, -0.4882466197013855, -1.0632383823394775, -1.1187489032745361, -1.2594369649887085, -1.4476839303970337, -1.591355800628662, -1.3936426639556885, -1.7561192512512207, -1.714687705039978, 0.6581351161003113, -1.1122210025787354, -1.0217177867889404, -1.0759669542312622, -1.1834547519683838, -1.3248506784439087, -1.4904719591140747, -1.6711171865463257, -1.431382656097412, -1.1532589197158813, -1.546233892440796, -1.6735244989395142, -1.7212305068969727, -1.7923204898834229, -1.8265717029571533, -1.8551409244537354, -1.87814462184906, -1.905208945274353, -1.9322718381881714, -1.95277738571167, -1.9784550666809082, -2.0031373500823975, -2.0300283432006836, -2.0538747310638428, -2.0791003704071045, -2.102356195449829, -2.117504596710205, -2.1508398056030273, -2.1741724014282227, -2.182443618774414, -2.224792003631592, -2.233665943145752, -2.265779495239258, -2.289008855819702, -2.3056423664093018, -2.324354410171509, -2.347775936126709, -2.366380214691162, -2.397153615951538, -2.419090747833252, -2.412921667098999, -2.4412739276885986, -2.3568146228790283, -2.4284205436706543, -2.4978506565093994, -2.423168659210205, -2.426041603088379, -2.5224111080169678, -2.5223758220672607, -2.5668416023254395, -2.5896124839782715, -2.549635171890259, -2.597673177719116, -2.5118327140808105, -2.5769898891448975, -2.635647773742676, -2.6519277095794678, -2.682180404663086, -2.6958491802215576, -2.6998181343078613, -2.7039122581481934, -2.703376054763794, -2.7084543704986572, -2.7141640186309814, -2.7082130908966064, -2.7161974906921387, -2.712221145629883, -2.721092939376831, -2.7221364974975586, -2.722968816757202, -2.7231459617614746, -2.723456382751465, -2.7233164310455322, -2.723567247390747, -2.7238380908966064, -2.722907066345215, -2.7244527339935303], "val_loss": [1.0612990856170654, 0.4555155634880066, 0.4951167404651642, 0.5164616107940674, 1.2030690908432007, 0.4091678261756897, 0.08308079838752747, -0.16167433559894562, 0.9142386317253113, 0.7329912781715393, 0.6594369411468506, 0.490329384803772, 0.6835390329360962, 0.34631016850471497, 0.32784125208854675, 0.8548147678375244, 0.6297386288642883, 0.48706555366516113, 0.45524194836616516, 0.411148339509964, 0.34776172041893005, 0.28104302287101746, 0.20140941441059113, 0.08846116811037064, -0.04743703082203865, -0.10052130371332169, -0.09523764252662659, -0.3436718285083771, -0.33374032378196716, -0.40524643659591675, -0.4828193187713623, -0.614506721496582, -0.6849312782287598, -0.8357977271080017, -0.9043410420417786, -0.44653889536857605, -1.0624604225158691, -0.9154607057571411, -1.2124234437942505, -1.2748662233352661, -1.2741823196411133, -1.1046093702316284, -1.1761598587036133, -1.2668991088867188, -1.2115494012832642, -1.3038557767868042, 0.2275352030992508, -1.0907914638519287, -1.0915992259979248, -1.187021017074585, -1.3576775789260864, -1.5543482303619385, -1.6350618600845337, -1.5105626583099365, -1.7271406650543213, 2.8869194984436035, -1.227693796157837, -1.025428056716919, -1.0421236753463745, -1.1290255784988403, -1.2555819749832153, -1.4036762714385986, -1.555020809173584, -1.7134274244308472, -1.557073712348938, -1.6007879972457886, -1.6227346658706665, -1.702642560005188, -1.7184855937957764, -1.736363410949707, -1.749248743057251, -1.770207166671753, -1.7865571975708008, -1.8134775161743164, -1.829681158065796, -1.8371847867965698, -1.8613603115081787, -1.8797866106033325, -1.8896785974502563, -1.908385157585144, -1.928011178970337, -1.9519137144088745, -1.9525643587112427, -1.9441335201263428, -1.942361831665039, -1.9737346172332764, -2.0010721683502197, -2.005952835083008, -1.9545718431472778, -1.9980887174606323, -1.9826711416244507, -1.997695803642273, -1.9801661968231201, -2.0396130084991455, -1.9004040956497192, -1.998069167137146, -2.033642292022705, -1.601357102394104, -1.9436606168746948, -2.001992702484131, -1.9472764730453491, -1.8955621719360352, -2.0528786182403564, -1.7869091033935547, -1.9836819171905518, -1.9699478149414062, -1.708210825920105, -2.0374815464019775, -1.7922922372817993, -1.8223371505737305, -1.7628061771392822, -1.9930206537246704, -1.8794573545455933, -2.0209901332855225, -2.0131611824035645, -1.984231948852539, -2.0078091621398926, -1.9882855415344238, -1.971487283706665, -1.992526888847351, -1.9741843938827515, -1.943997859954834, -1.9404504299163818, -1.945251226425171, -1.9517529010772705, -1.9571346044540405, -1.9610497951507568, -1.9601573944091797, -1.9603077173233032, -1.9593545198440552, -1.9621585607528687, -1.962502121925354, -1.9624494314193726],