{"n_parameters": 60562, "training_time": 2.0791938304901123, "loss": [75.85275268554688, 5.586241245269775, 3.7263076305389404, 3.32749605178833, 2.1088051795959473, 1.6735810041427612, 1.33199942111969, 2.6996266841888428, 0.7447831630706787, 0.8637621998786926, 0.5545400381088257, 0.4818184971809387, 0.3230666518211365, 0.4487282931804657, 0.9283888339996338, 0.8342454433441162, 0.17435453832149506, -0.05580391734838486, 0.30741429328918457, 0.015951087698340416, 0.9377928376197815, 0.2225218415260315, 0.35481470823287964, 0.0497777946293354, 0.8148449063301086, 0.07109259814023972, -0.24614550173282623, 0.3991760015487671, 0.2148015946149826, -0.10053253173828125, 0.21527819335460663, -0.23307761549949646, 0.44664230942726135, 0.018137557432055473, -0.11849471181631088, 0.6565767526626587, -0.14528922736644745, -0.1514391303062439, -0.2840926945209503, 1.3553403615951538, -0.20071478188037872, -0.22320744395256042, -0.030211811885237694, 0.11210538446903229, -0.408816933631897, 1.3005545139312744, 0.03563924878835678, -0.014719683676958084, -0.20509856939315796, -0.4418870210647583, -0.5066565275192261, -0.5750377178192139, -0.6583839058876038, -0.7534655928611755, -0.8345513939857483, -0.963637113571167, -1.0127626657485962, -1.117202639579773, -1.1744999885559082, -1.2440123558044434, -1.2743065357208252, -1.3080886602401733, -1.267583966255188, -1.4443483352661133, -1.4139169454574585, -1.3515901565551758, -1.3284448385238647, -1.5142641067504883, -1.3953828811645508, -1.5460692644119263, -1.4361017942428589, -1.4110896587371826, -1.4086031913757324, -1.5973511934280396, -1.4858545064926147, -1.6421761512756348, -1.3110162019729614, -1.3289047479629517, -1.6733006238937378, -1.61506986618042, -1.5276744365692139, -1.4287564754486084, -1.5623828172683716, -1.6039366722106934, -1.3749631643295288, -1.6368049383163452, -1.7125338315963745, -1.1483371257781982, -1.5473395586013794, -1.6656934022903442, -1.7801216840744019, -1.1659541130065918, -1.779862403869629, -1.3115593194961548, -1.7652533054351807, -1.762168049812317, -1.413232445716858, -1.7111581563949585, -1.5151351690292358, -1.481314778327942, -1.464930534362793, -1.6185944080352783, -1.8855130672454834, -1.9162571430206299, -1.9253665208816528, -1.9370349645614624, -1.9443126916885376, -1.9565492868423462, -1.959402084350586, -1.9722604751586914, -1.995882511138916, -1.9956661462783813, -2.0115981101989746, -2.0044431686401367, -2.028095006942749, -2.0346641540527344, -2.0429816246032715, -2.049572467803955, -2.0622894763946533, -2.079329252243042, -2.086606740951538, -2.076387405395508, -2.0911922454833984, -2.104325771331787, -2.121218681335449, -2.1116526126861572, -2.123715400695801, -2.1359214782714844, -2.142059564590454, -2.132855176925659, -2.1549947261810303, -2.1444203853607178, -2.161937713623047, -2.168381929397583, -2.173180341720581, -2.1866981983184814, -2.1663613319396973, -2.195141077041626, -2.1871337890625, -2.2038090229034424, -2.207878828048706, -2.2195396423339844, -2.2109992504119873, -2.228041648864746, -2.235913038253784, -2.236787796020508, -2.2474117279052734, -2.208808183670044, -2.2552590370178223, -2.236454486846924, -2.258521556854248, -2.249307632446289, -2.271773338317871, -2.2730424404144287, -2.255098342895508, -2.2538063526153564, -2.280259609222412, -2.2973508834838867, -2.282428741455078, -2.2634289264678955, -2.2673771381378174, -2.3021903038024902, -2.302987575531006, -2.3101553916931152, -2.2790305614471436, -2.3092434406280518, -2.3097496032714844, -2.3362009525299072, -2.307410478591919, -2.3221487998962402, -2.3249616622924805, -2.3048818111419678, -2.3534185886383057, -2.3077211380004883, -2.356649160385132, -2.3316354751586914, -2.354210376739502, -2.341914653778076, -2.359696388244629, -2.349658966064453, -2.3305413722991943, -2.3529534339904785, -2.368046283721924, -2.350226640701294, -2.3664844036102295, -2.3560214042663574, -2.341212749481201, -2.3620657920837402, -2.381342887878418, -2.3527727127075195, -2.3849377632141113, -2.3756296634674072, -2.37661075592041, -2.3819315433502197, -2.369985580444336, -2.3838939666748047, -2.3922057151794434, -2.362560987472534, -2.4104762077331543, -2.368150472640991],