{"n_parameters": 165954, "training_time": 1.0084879398345947, "loss": [15.087553024291992, 6.83455753326416, 6.784493923187256, 8.194307327270508, 6.389804840087891, 6.981471538543701, 5.996342658996582, 3.8467609882354736, 2.5912911891937256, 1.9133538007736206, 0.7077721953392029, 0.6842349171638489, 0.6827254295349121, 0.6647659540176392, 0.6428308486938477, 0.6343377232551575, 0.6303830742835999, 0.6173482537269592, 0.5982956886291504, 0.5980773568153381, 0.5727202296257019, 0.5667661428451538, 0.5578208565711975, 0.5455941557884216, 0.5465787053108215, 0.5281383991241455, 0.5276055932044983, 0.5186852216720581, 0.5049940347671509, 0.5189404487609863, 0.497979998588562, 0.4947124123573303, 0.5062530636787415, 0.5073432326316833, 0.49562591314315796, 0.5034818649291992, 0.5050272941589355, 0.490866482257843, 0.5254548788070679, 0.490361750125885, 0.508719801902771, 0.4868837296962738, 0.48685315251350403, 0.49817025661468506, 0.5298975706100464, 0.4991028606891632, 0.5104126334190369, 0.5095916986465454, 0.5071530938148499, 0.48710381984710693, 0.48501214385032654, 0.4999801516532898, 0.5042780637741089, 0.4948888123035431, 0.5038543343544006, 0.48998603224754333, 0.4853667914867401, 0.5142052173614502, 0.5070850253105164, 0.48310017585754395, 0.4822074770927429, 0.4861377477645874, 0.4825137257575989, 0.48121127486228943, 0.4831511378288269, 0.48170313239097595, 0.4856186509132385, 0.4814220070838928, 0.482890248298645, 0.4842835068702698, 0.48363298177719116, 0.4809153079986572, 0.48075780272483826, 0.48084568977355957, 0.4808533787727356, 0.48082244396209717], "val_loss": [6.8766913414001465, 6.6918230056762695, 7.886743068695068, 6.479397773742676, 8.579476356506348, 5.166260719299316, 4.803053855895996, 3.2055370807647705, 2.877103328704834, 0.7342185378074646, 0.7023959755897522, 0.6916456818580627, 0.6761349439620972, 0.6624345183372498, 0.6493391394615173, 0.6361231207847595, 0.6246464848518372, 0.6149853467941284, 0.600848376750946, 0.5910295844078064, 0.6200389266014099, 0.570115327835083, 0.5649410486221313, 0.5526914000511169, 0.5461841821670532, 0.569197416305542, 0.5498326420783997, 0.5322561264038086, 0.5951588749885559, 0.5423977375030518, 0.5200029015541077, 0.5469524264335632, 0.5485883355140686, 0.5261905193328857, 0.5238724946975708, 0.5425097942352295, 0.5332384705543518, 0.5473400354385376, 0.5181824564933777, 0.5248931050300598, 0.5196224451065063, 0.5280091762542725, 0.5203682780265808, 0.5592301487922668, 0.5145043134689331, 0.5457873940467834, 0.5142633318901062, 0.5255202054977417, 0.5177299380302429, 0.5145396590232849, 0.534826934337616, 0.5690686702728271, 0.5424348711967468, 0.5157312154769897, 0.5321978330612183, 0.5165279507637024, 0.5205106735229492, 0.5164957046508789, 0.5161926746368408, 0.5146850347518921, 0.514377236366272, 0.5144076943397522, 0.5145769715309143, 0.5144790410995483, 0.5145173072814941, 0.5144912004470825, 0.5147240161895752, 0.5147162079811096, 0.514584481716156, 0.5145233273506165, 0.5145920515060425, 0.5146005749702454, 0.5145984292030334, 0.5145992636680603, 0.5146030187606812, 0.5146003365516663], "lr": [0.08025959134101868, 0.08025959134101868, 0.08025959134101868, 0.08025959134101868, 0.08025959134101868, 0.08025959134101868, 0.08025959134101868, 0.08025959134101868, 0.08025959134101868, 0.08025959134101868, 0.08025959134101868, 0.08025959134101868, 0.08025959134101868, 0.08025959134101868, 0.08025959134101868, 0.08025959134101868, 0.08025959134101868, 0.08025959134101868, 0.08025959134101868, 0.08025959134101868, 0.08025959134101868, 0.08025959134101868, 0.08025959134101868, 0.08025959134101868, 0.08025959134101868, 0.08025959134101868, 0.08025959134101868, 0.08025959134101868, 0.08025959134101868, 0.08025959134101868, 0.08025959134101868, 0.08025959134101868, 0.08025959134101868, 0.08025959134101868, 0.08025959134101868, 0.08025959134101868, 0.08025959134101868, 0.08025959134101868, 0.08025959134101868, 0.08025959134101868, 0.08025959134101868, 0.08025959134101868, 0.08025959134101868, 0.08025959134101868, 0.08025959134101868, 0.08025959134101868, 0.08025959134101868, 0.08025959134101868, 0.08025959134101868, 0.08025959134101868, 0.08025959134101868, 0.08025959134101868, 0.08025959134101868, 0.08025959134101868, 0.08025959134101868, 0.08025959134101868, 0.08025959134101868, 0.08025959134101868, 0.08025959134101868, 0.008025959134101868, 0.008025959134101868, 0.008025959134101868, 0.008025959134101868, 0.008025959134101868, 0.008025959134101868, 0.008025959134101868, 0.008025959134101868, 0.008025959134101868, 0.008025959134101868, 0.008025959134101868, 0.008025959134101868, 0.000802595925051719, 0.000802595925051719, 0.000802595925051719, 0.000802595925051719, 0.000802595925051719]}