{"n_parameters": 53346, "training_time": 1.398129940032959, "loss": [77.52076721191406, 4.0322980880737305, 4.089043140411377, 4.131228446960449, 3.6639132499694824, 3.821922779083252, 3.936574697494507, 2.2797467708587646, 2.196136713027954, 1.0180461406707764, 1.4151376485824585, 0.6910730600357056, 0.5566859841346741, 2.0929782390594482, 1.4213417768478394, 0.28464049100875854, 3.8535544872283936, 0.7219651937484741, 0.4383184611797333, 0.6079490184783936, 0.401340126991272, 0.6039025187492371, 0.5842830538749695, 0.8758673667907715, 3.2054026126861572, 0.48742106556892395, 0.4434770941734314, 1.1956369876861572, 0.6444353461265564, 0.38709378242492676, 0.3708990216255188, 0.35752564668655396, 0.7228322625160217, 0.3431084156036377, 0.36132264137268066, 0.5225378274917603, 1.563072681427002, 3.1642887592315674, 2.1151227951049805, 0.6433346271514893, 0.6066716313362122, 0.6764166355133057, 0.8927202820777893, 0.5157475471496582, 0.48544925451278687, 0.36283430457115173, 0.20659703016281128, -0.06013157218694687, -0.28766781091690063, -0.5612428784370422, -0.5477677583694458, -0.7802654504776001, -0.7568493485450745, -1.1337413787841797, -0.33437618613243103, -1.1982754468917847, -0.8487648367881775, -1.3462963104248047, 0.0048246537335217, -1.0179134607315063, -1.217432975769043, -0.5088895559310913, -1.1930091381072998, -0.7880819439888, -1.0652170181274414, -1.0691816806793213, -1.156355619430542, -1.0538533926010132, -0.4023973047733307, -1.3291575908660889, -1.498844027519226, -0.20652101933956146, -1.427856683731079, -0.5950356125831604, -1.4194525480270386, -0.8451745510101318, -1.1473273038864136, -0.9496232271194458, -1.0454800128936768, -0.8829027414321899, -1.357787013053894, -0.9557561874389648, -0.6370769739151001, -1.3434784412384033, -1.0880396366119385, -1.5043922662734985, -1.5474141836166382, -1.6068711280822754, -1.6675673723220825, -1.7394123077392578, -1.810065746307373, -1.882482647895813, -1.9501080513000488, -1.9917455911636353, -2.075939655303955, -2.0543651580810547, -2.15850567817688, -2.1872637271881104, -2.2685089111328125, -2.222670793533325, -2.311033248901367, -2.3047549724578857, -2.337578535079956, -2.377318859100342, -2.3763277530670166, -2.4446158409118652, -2.5271196365356445, -2.545301675796509, -2.5521609783172607, -2.5546693801879883, -2.55936336517334, -2.5625672340393066, -2.571990489959717, -2.5741329193115234, -2.5820205211639404, -2.582656145095825, -2.5947182178497314, -2.5954251289367676, -2.595893383026123, -2.5965523719787598, -2.5968523025512695, -2.5978832244873047, -2.5980679988861084, -2.5984230041503906, -2.5995540618896484, -2.5995163917541504], "val_loss": [4.134060382843018, 4.186732292175293, 3.8767812252044678, 3.847236394882202, 4.727200508117676, 2.756165027618408, 2.4658451080322266, 3.248450517654419, 1.3700473308563232, 2.1580729484558105, 0.6313655376434326, 0.8537130355834961, 0.37560510635375977, 1.2056066989898682, 0.4431125521659851, 0.4114781320095062, 0.5365447998046875, 0.5215319395065308, 0.5991466641426086, 0.3127986490726471, 0.2170526683330536, 1.3090333938598633, 0.2480185627937317, 14.899333953857422, 0.5649408102035522, 0.4850119352340698, 0.3065040111541748, 0.7607616186141968, 0.6039971709251404, 0.19866877794265747, 0.22735559940338135, 2.227231502532959, 0.07530432194471359, 0.05454107001423836, 0.6903073191642761, 0.2485988885164261, 1.359087347984314, 6.093070030212402, 0.8012942671775818, 0.5312130451202393, 0.3617725670337677, 0.3840506970882416, 0.5781135559082031, 0.5035094022750854, 0.40358543395996094, 0.2670932114124298, 0.0670224130153656, -0.30659064650535583, -0.5766977071762085, -0.7412195205688477, -0.18905209004878998, -0.9169853925704956, -0.9765006303787231, 1.8320616483688354, -1.0747002363204956, -0.5223870277404785, -1.1204965114593506, 0.6067604422569275, -1.088128924369812, -1.1049565076828003, -1.1741342544555664, -1.163413643836975, -1.2644590139389038, -0.2381848245859146, -1.2274792194366455, -1.1016901731491089, -0.6259434223175049, -1.0900893211364746, -1.1731911897659302, -1.3161135911941528, 0.8009591102600098, -1.2733803987503052, -1.2171424627304077, -1.2075961828231812, -1.3944188356399536, -1.2932617664337158, -0.1978156715631485, -0.3499617278575897, -1.3118680715560913, -0.83516925573349, -0.9453400373458862, -1.267791986465454, -1.2262449264526367, -1.3669884204864502, -1.3588370084762573, -1.3907517194747925, -1.4285637140274048, -1.4758775234222412, -1.5076369047164917, -1.547778606414795, -1.5954594612121582, -1.6245861053466797, -1.6452503204345703, -1.6587038040161133, -1.6771836280822754, -1.6936619281768799, -1.656862735748291, -1.682352900505066, -1.5691535472869873, -1.4519094228744507, -1.482197880744934, -1.624115228652954, -1.3347299098968506, -1.4758920669555664, -1.4743201732635498, -1.488946795463562, -1.5065110921859741, -1.499280571937561, -1.4879021644592285, -1.4773484468460083, -1.473410725593567, -1.4670363664627075, -1.457513451576233, -1.4515703916549683, -1.4435105323791504, -1.435444951057434, -1.4351911544799805, -1.434989094734192, -1.4343816041946411, -1.4331536293029785, -1.4322216510772705, -1.4316598176956177, -1.430543303489685, -1.429572343826294, -1.428900957107544, -1.4282013177871704], "lr": [0.030095841735601425, 0.030095841735601425, 0.030095841735601425, 0.030095841735601425, 0.030095841735601425, 0.030095841735601425, 0.030095841735601425, 0.030095841735601425, 0.030095841735601425, 0.030095841735601425, 0.030095841735601425, 0.030095841735601425, 0.030095841735601425, 0.030095841735601425, 0.030095841735601425, 0.030095841735601425, 0.030095841735601425, 0.030095841735601425, 0.030095841735601425, 0.030095841735601425, 0.030095841735601425, 0.030095841735601425, 0.030095841735601425, 0.030095841735601425, 0.030095841735601425, 0.030095841735601425, 0.030095841735601425, 0.030095841735601425, 0.030095841735601425, 0.030095841735601425, 0.030095841735601425, 0.030095841735601425, 0.030095841735601425, 0.030095841735601425, 0.030095841735601425, 0.030095841735601425, 0.030095841735601425, 0.030095841735601425, 0.030095841735601425, 0.030095841735601425, 0.030095841735601425, 0.030095841735601425, 0.030095841735601425, 0.030095841735601425, 0.0030095842666924, 0.0030095842666924, 0.0030095842666924, 0.0030095842666924, 0.0030095842666924, 0.0030095842666924, 0.0030095842666924, 0.0030095842666924, 0.0030095842666924, 0.0030095842666924, 0.0030095842666924, 0.0030095842666924, 0.0030095842666924, 0.0030095842666924, 0.0030095842666924, 0.0030095842666924, 0.0030095842666924, 0.0030095842666924, 0.0030095842666924, 0.0030095842666924, 0.0030095842666924, 0.0030095842666924, 0.0030095842666924, 0.0030095842666924, 0.0030095842666924, 0.0030095842666924, 0.0030095842666924, 0.0030095842666924, 0.0030095842666924, 0.0030095842666924, 0.0030095842666924, 0.0030095842666924, 0.0030095842666924, 0.0030095842666924, 0.0030095842666924, 0.0030095842666924, 0.0030095842666924, 0.0030095842666924, 0.0030095842666924, 0.0030095842666924, 0.0030095842666924, 0.0003009584324900061, 0.0003009584324900061, 0.0003009584324900061, 0.0003009584324900061, 0.0003009584324900061, 0.0003009584324900061, 0.0003009584324900061, 0.0003009584324900061, 0.0003009584324900061, 0.0003009584324900061, 0.0003009584324900061, 0.0003009584324900061, 0.0003009584324900061, 0.0003009584324900061, 0.0003009584324900061, 0.0003009584324900061, 0.0003009584324900061, 0.0003009584324900061, 0.0003009584324900061, 0.0003009584324900061, 0.0003009584324900061, 3.009584361279849e-05, 3.009584361279849e-05, 3.009584361279849e-05, 3.009584361279849e-05, 3.009584361279849e-05, 3.009584361279849e-05, 3.009584361279849e-05, 3.009584361279849e-05, 3.009584361279849e-05, 3.009584361279849e-05, 3.009584361279849e-06, 3.009584361279849e-06, 3.009584361279849e-06, 3.009584361279849e-06, 3.009584361279849e-06, 3.009584361279849e-06, 3.009584361279849e-06, 3.009584361279849e-06, 3.009584361279849e-06, 3.009584361279849e-06]}