{"n_parameters": 109394, "training_time": 1.5752482414245605, "loss": [2.790562868118286, 0.5892667174339294, 0.5809692740440369, 0.7901049852371216, 0.5636516809463501, 0.46996960043907166, 0.5301822423934937, 0.4074658453464508, 0.3747888207435608, 0.22000664472579956, 0.19168777763843536, 0.38855358958244324, 0.10978920012712479, 0.21726426482200623, 0.15525449812412262, 0.2925930917263031, -0.026109380647540092, 0.1569892317056656, -0.11717316508293152, 0.12811443209648132, -0.05532807111740112, 0.13811267912387848, -0.0885988175868988, -0.07830671966075897, -0.25043150782585144, 0.13006865978240967, -0.24405907094478607, -0.17797869443893433, 0.12699733674526215, -0.19692811369895935, 0.43990468978881836, -0.36817002296447754, -0.5040239095687866, -0.6274721026420593, -0.7778767347335815, -0.9520726203918457, -1.089398741722107, -1.2067745923995972, -1.3422034978866577, -1.4444503784179688, -1.5494210720062256, -1.5394337177276611, -1.5596696138381958, -1.7196487188339233, -1.629737377166748, -1.639539122581482, -1.747090220451355, -1.6785849332809448, -1.7255126237869263, -1.7479792833328247, -1.7413156032562256, -1.5966756343841553, -1.974656105041504, -1.5975576639175415, -1.8205924034118652, -1.8650676012039185, -1.665090799331665, -1.6631473302841187, -1.994197130203247, -1.7460408210754395, -1.9513516426086426, -1.8586797714233398, -1.7596189975738525, -1.819714069366455, -1.9377830028533936, -1.8424254655838013, -1.716741681098938, -1.8641477823257446, -1.9361588954925537, -1.715074896812439, -1.9421342611312866, -1.6879040002822876, -1.9815346002578735, -1.8892570734024048, -1.8142129182815552, -1.9619983434677124, -1.89734947681427, -1.8707077503204346, -1.8128494024276733, -1.9286421537399292, -2.258803129196167, -2.3037688732147217, -2.3234362602233887, -2.33998703956604, -2.3587701320648193, -2.3826699256896973, -2.4004735946655273, -2.422271966934204, -2.4332385063171387, -2.453807830810547, -2.475625514984131], "val_loss": [0.5997484922409058, 0.6258533000946045, 0.5650013089179993, 0.477728009223938, 0.47507888078689575, 0.4512399435043335, 0.5481801629066467, 0.21260590851306915, 0.1953723281621933, 0.1090550571680069, -0.0617121160030365, -0.10808343440294266, -0.1548900157213211, 0.08092281222343445, -0.1628488451242447, -0.21947044134140015, -0.2906329333782196, -0.1978227198123932, -0.04145412892103195, -0.2646075189113617, 1.2923301458358765, -0.10641191899776459, 0.10252978652715683, -0.24467746913433075, 0.1714533269405365, -0.24497967958450317, 0.038225509226322174, 0.5540215373039246, -0.26156261563301086, 2.0751187801361084, -0.19859012961387634, -0.4039894640445709, -0.5180774331092834, -0.6457133293151855, -0.8176628351211548, -0.9386853575706482, -1.0940680503845215, -1.167924404144287, -1.2433562278747559, -1.3427040576934814, -1.2231050729751587, -1.4447154998779297, -1.319565773010254, -0.8887408375740051, -1.5449341535568237, -1.5786263942718506, -0.5592851042747498, -1.0401647090911865, -1.588762640953064, -1.5788642168045044, -1.0023448467254639, -1.4968233108520508, -1.5015567541122437, -1.24359929561615, -1.1603357791900635, -1.4116870164871216, -1.587801456451416, -0.050530459731817245, -1.6038271188735962, -1.4947938919067383, -0.36839064955711365, -0.9803321957588196, -1.6971375942230225, -1.6458343267440796, -1.6205612421035767, -1.615605354309082, -1.775200605392456, -1.7448606491088867, -1.6846246719360352, -1.4469985961914062, -0.08295579254627228, -1.1483416557312012, -1.5150314569473267, -1.614904761314392, -1.6731398105621338, -0.9016366004943848, 0.02272918075323105, -1.663084864616394, -0.6538674235343933, -1.633121132850647, -1.720993995666504, -1.7317216396331787, -1.7281928062438965, -1.7191381454467773, -1.724489450454712, -1.6964526176452637, -1.6994723081588745, -1.6886893510818481, -1.6936593055725098, -1.6594957113265991, -1.6957800388336182], "lr": [0.0020999601110816, 0.0020999601110816, 0.0020999601110816, 0.0020999601110816, 0.0020999601110816, 0.0020999601110816, 0.0020999601110816, 0.0020999601110816, 0.0020999601110816, 0.0020999601110816, 0.0020999601110816, 0.0020999601110816, 0.0020999601110816, 0.0020999601110816, 0.0020999601110816, 0.0020999601110816, 0.0020999601110816, 0.0020999601110816, 0.0020999601110816, 0.0020999601110816, 0.0020999601110816, 0.0020999601110816, 0.0020999601110816, 0.0020999601110816, 0.0020999601110816, 0.0020999601110816, 0.0020999601110816, 0.0020999601110816, 0.0020999601110816, 0.0020999601110816, 0.00020999601110816002, 0.00020999601110816002, 0.00020999601110816002, 0.00020999601110816002, 0.00020999601110816002, 0.00020999601110816002, 0.00020999601110816002, 0.00020999601110816002, 0.00020999601110816002, 0.00020999601110816002, 0.00020999601110816002, 0.00020999601110816002, 0.00020999601110816002, 0.00020999601110816002, 0.00020999601110816002, 0.00020999601110816002, 0.00020999601110816002, 0.00020999601110816002, 0.00020999601110816002, 0.00020999601110816002, 0.00020999601110816002, 0.00020999601110816002, 0.00020999601110816002, 0.00020999601110816002, 0.00020999601110816002, 0.00020999601110816002, 0.00020999601110816002, 0.00020999601110816002, 0.00020999601110816002, 0.00020999601110816002, 0.00020999601110816002, 0.00020999601110816002, 0.00020999601110816002, 0.00020999601110816002, 0.00020999601110816002, 0.00020999601110816002, 0.00020999601110816002, 0.00020999601110816002, 0.00020999601110816002, 0.00020999601110816002, 0.00020999601110816002, 0.00020999601110816002, 0.00020999601110816002, 0.00020999601110816002, 0.00020999601110816002, 0.00020999601110816002, 0.00020999601110816002, 0.00020999601110816002, 0.00020999601110816002, 0.00020999601110816002, 2.0999601474613883e-05, 2.0999601474613883e-05, 2.0999601474613883e-05, 2.0999601474613883e-05, 2.0999601474613883e-05, 2.0999601474613883e-05, 2.0999601474613883e-05, 2.0999601474613883e-05, 2.0999601474613883e-05, 2.0999601474613883e-05, 2.0999601474613883e-05]}