{"n_parameters": 35762, "training_time": 1.6990678310394287, "loss": [20.502046585083008, 1.16546630859375, 1.0828614234924316, 1.077683925628662, 1.9826477766036987, 1.5223242044448853, 1.5797804594039917, 1.9510120153427124, 1.1870927810668945, 2.0498313903808594, 1.4870442152023315, 2.031259298324585, 1.1480381488800049, 2.143237590789795, 1.01070237159729, 0.9407321214675903, 0.8879320025444031, 0.8271223902702332, 0.7610706090927124, 0.7078710794448853, 0.6293088793754578, 0.5832011699676514, 0.490085244178772, 0.4315049946308136, 0.32203659415245056, 0.2942807078361511, 0.21057726442813873, 0.14525580406188965, 0.08961538970470428, 0.002821353729814291, -0.00202240445651114, -0.1911102831363678, -0.05406950041651726, -0.16435684263706207, -0.29893726110458374, -0.15233556926250458, -0.2837270498275757, -0.37219417095184326, -0.012096185237169266, -0.5740665793418884, -0.31294721364974976, -0.29362770915031433, -0.5108888149261475, -0.18345454335212708, -0.718461811542511, -0.3048442006111145, -0.44207945466041565, -0.6471887826919556, -0.19429604709148407, -0.8573139905929565, -0.1542734056711197, -0.9141155481338501, -0.09816232323646545, -0.8592271208763123, -0.41807347536087036, -0.6239453554153442, -0.4464164078235626, -0.7923020720481873, -0.2838837802410126, -0.4910408556461334, -0.5746305584907532, -0.5261465907096863, -0.7082772850990295, -0.34751319885253906, -0.694962203502655, -0.689100980758667, -0.12922286987304688, -1.016680121421814, -0.19825758039951324, -0.971052348613739, -0.3090413808822632, -0.42990627884864807, -0.755569338798523, -0.2617829442024231, -0.8375139832496643, -0.4046500325202942, -0.39345213770866394, -0.8854173421859741, -0.7645760774612427, -1.0416351556777954, -1.0543900728225708, -1.060855507850647, -1.0679863691329956, -1.0692501068115234, -1.0827614068984985, -1.080518126487732, -1.1021227836608887, -1.110434651374817, -1.1195541620254517, -1.1156139373779297, -1.1303422451019287, -1.1458494663238525, -1.1490857601165771, -1.1572329998016357, -1.163221001625061, -1.165380835533142, -1.1824637651443481, -1.1886544227600098, -1.197030782699585, -1.1874622106552124, -1.215019702911377, -1.232054591178894, -1.2213484048843384, -1.2365906238555908, -1.236989974975586, -1.2547119855880737, -1.2558796405792236, -1.2749392986297607, -1.2734028100967407, -1.280360221862793, -1.2939143180847168, -1.3032047748565674, -1.314322829246521, -1.3126059770584106, -1.3142253160476685, -1.329197883605957, -1.3329036235809326, -1.330165982246399, -1.3451838493347168, -1.3507803678512573, -1.3671523332595825, -1.3538702726364136, -1.3833236694335938, -1.3741323947906494, -1.37327241897583, -1.3877865076065063, -1.3856534957885742, -1.4146077632904053, -1.4167734384536743, -1.4060291051864624, -1.4319448471069336, -1.418166160583496, -1.4306397438049316, -1.449859619140625, -1.463677167892456, -1.4616271257400513, -1.4616224765777588, -1.4694734811782837, -1.487197756767273, -1.480531096458435, -1.4807389974594116, -1.5056418180465698, -1.4946694374084473, -1.5249289274215698, -1.511834979057312, -1.520355463027954, -1.5198088884353638, -1.5115300416946411, -1.5474473237991333, -1.541043996810913, -1.5249806642532349, -1.5220143795013428, -1.5517299175262451, -1.5203381776809692, -1.5640146732330322, -1.535272479057312, -1.5899263620376587, -1.552873134613037, -1.6034085750579834, -1.581705927848816, -1.5674134492874146, -1.6048033237457275, -1.5277491807937622, -1.6048599481582642, -1.5921353101730347, -1.6128169298171997, -1.6292494535446167, -1.6310880184173584, -1.6317410469055176, -1.6332744359970093, -1.6313633918762207, -1.633239984512329, -1.6316373348236084, -1.63424551486969, -1.6351304054260254, -1.633371114730835, -1.6370266675949097, -1.6370553970336914, -1.6374189853668213, -1.6373660564422607, -1.6373056173324585, -1.637264609336853, -1.6376208066940308, -1.6374578475952148, -1.637664556503296], "val_loss": [1.2219326496124268, 1.1133885383605957, 1.0399320125579834, 1.8027987480163574, 1.0560611486434937, 3.21601939201355, 1.1346707344055176, 1.159415602684021, 3.8912227153778076, 1.1339479684829712, 7.041087627410889, 1.152526617050171, 4.453786849975586, 1.0833847522735596, 0.9589037299156189, 0.9103089570999146, 0.8525139689445496, 0.7869589328765869, 0.7522644996643066, 0.6447598338127136, 0.6448041200637817, 0.5257748961448669, 0.5006885528564453, 0.3684144914150238, 0.2700682282447815, 0.33392471075057983, 0.2101619988679886, 0.10036435723304749, -0.055671580135822296, -0.1363651305437088, -0.12801441550254822, -0.13476242125034332, -0.2619713544845581, -0.26855334639549255, 0.2428227663040161, -0.4594406187534332, 0.2661384642124176, -0.5825496912002563, -0.5686826109886169, -0.3426141142845154, -0.5554636120796204, -0.22139063477516174, -0.7793946862220764, -0.7404494881629944, -0.2278529852628708, -0.5772808194160461, -0.12589509785175323, -0.7535973191261292, -0.8113540410995483, -0.8728778958320618, -0.8254715800285339, -0.9435566067695618, -0.6185765266418457, -0.9228706955909729, -0.17118002474308014, -0.3869175612926483, -0.563004732131958, -0.378767728805542, -0.9465214610099792, -0.631051242351532, -0.5633001923561096, -0.16497163474559784, -0.9460680484771729, -0.9045360684394836, -0.026300236582756042, -0.9598773717880249, -0.9820141196250916, -1.0314912796020508, -0.9303903579711914, -0.6233223080635071, -0.9834500551223755, 0.3303047716617584, -1.0277456045150757, -0.8238912224769592, -0.18138974905014038, -0.7701466679573059, -0.23683369159698486, -0.21536560356616974, -1.0285588502883911, -1.0407345294952393, -1.0472359657287598, -1.0572065114974976, -1.0509936809539795, -1.0749485492706299, -1.076421856880188, -1.0918329954147339, -1.0994420051574707, -1.107462763786316, -1.1101080179214478, -1.1137325763702393, -1.118528962135315, -1.1368213891983032, -1.1196482181549072, -1.1497761011123657, -1.15381920337677, -1.168477177619934, -1.1575371026992798, -1.179677128791809, -1.179171085357666, -1.186585783958435, -1.1935702562332153, -1.1983708143234253, -1.1693929433822632, -1.205157995223999, -1.2136186361312866, -1.2063502073287964, -1.2242107391357422, -1.2464808225631714, -1.243216872215271, -1.2533111572265625, -1.2619835138320923, -1.2529240846633911, -1.1967519521713257, -1.289037823677063, -1.294512391090393, -1.2796604633331299, -1.3060928583145142, -1.3184964656829834, -1.3286994695663452, -1.2897140979766846, -1.3378443717956543, -1.346929907798767, -1.3538511991500854, -1.3241738080978394, -1.3639329671859741, -1.3753019571304321, -1.3759433031082153, -1.3914878368377686, -1.3858269453048706, -1.392289161682129, -1.3778647184371948, -1.4079104661941528, -1.416390061378479, -1.4331415891647339, -1.389168381690979, -1.440690279006958, -1.4244872331619263, -1.4418655633926392, -1.3736095428466797, -1.4537817239761353, -1.3993546962738037, -1.4531327486038208, -1.4748773574829102, -1.2851946353912354, -1.4534928798675537, -1.4338295459747314, -1.4801456928253174, -1.473807454109192, -1.4463980197906494, -1.4972211122512817, -1.4801914691925049, -1.5098140239715576, -1.492929220199585, -1.508772373199463, -1.5126683712005615, -1.512930989265442, -1.509811282157898, -1.4884530305862427, -1.4454944133758545, -1.488502860069275, -1.4955586194992065, -1.5000848770141602, -1.5084418058395386, -1.504806637763977, -1.4991605281829834, -1.5023385286331177, -1.507585048675537, -1.5073871612548828, -1.5076160430908203, -1.507049322128296, -1.5071594715118408, -1.5062534809112549, -1.5067880153656006, -1.5061194896697998, -1.5069955587387085, -1.5068265199661255, -1.506837248802185, -1.5068401098251343, -1.5067760944366455, -1.5067147016525269, -1.5066657066345215, -1.5066512823104858, -1.5066167116165161, -1.5065711736679077, -1.5065592527389526],