{"n_parameters": 62962, "training_time": 2.322045087814331, "loss": [175.5092315673828, 14.324646949768066, 8.60659122467041, 6.523006439208984, 5.761828422546387, 5.481116771697998, 5.3731303215026855, 5.326054573059082, 5.301987648010254, 5.287810325622559, 5.2778730392456055, 5.27042293548584, 5.264133453369141, 5.2584919929504395, 5.253351211547852, 5.248330593109131, 5.2434868812561035, 5.23878288269043, 5.234042644500732, 5.229412078857422, 5.224674701690674, 5.219883918762207, 5.215137958526611, 5.210397720336914, 5.205613613128662, 5.2007856369018555, 5.195993423461914, 5.191086292266846, 5.1861958503723145, 5.181245803833008, 5.17631721496582, 5.171320915222168, 5.166254043579102, 5.161128044128418, 5.156014919281006, 5.150854587554932, 5.145666599273682, 5.14039421081543, 5.135154724121094, 5.129800319671631, 5.1244611740112305, 5.119002342224121, 5.113536357879639, 5.107991695404053, 5.1024699211120605, 5.096826553344727, 5.091127395629883, 5.085396766662598, 5.079654693603516, 5.073753833770752, 5.067834854125977, 5.061929702758789, 5.055895805358887, 5.049774169921875, 5.0436110496521, 5.037328243255615, 5.031042575836182, 5.024621486663818, 5.01816463470459, 5.01155948638916, 5.004908561706543, 4.998196125030518, 4.991308212280273, 4.984370708465576, 4.977352619171143, 4.97020959854126, 4.9630231857299805, 4.955604076385498, 4.948155403137207, 4.940587520599365, 4.932866096496582, 4.925009250640869, 4.916990756988525, 4.908872604370117, 4.900583744049072, 4.892134666442871, 4.883524417877197, 4.874774932861328, 4.865762233734131, 4.856575012207031, 4.847140789031982, 4.837528228759766, 4.827648162841797, 4.817566871643066, 4.807158946990967, 4.796570777893066, 4.7856340408325195, 4.774387359619141, 4.762847900390625, 4.750925540924072, 4.738580703735352, 4.725809097290039, 4.712571144104004, 4.6989240646362305, 4.684658527374268, 4.669791221618652, 4.654261112213135, 4.638150691986084, 4.621030807495117, 4.603074550628662, 4.5840935707092285, 4.564202785491943, 4.542674541473389, 4.519721984863281, 4.495047092437744, 4.4682111740112305, 4.438934326171875, 4.406392574310303, 4.370203971862793, 4.329645156860352, 4.285358428955078, 4.236342906951904, 4.180026531219482, 4.110959529876709, 4.018735885620117, 3.8828182220458984, 3.652433395385742, 3.805222749710083, 3.8475053310394287, 4.08480978012085, 4.151723861694336, 4.022593975067139, 3.924405097961426, 3.8079617023468018, 3.6117026805877686, 3.4992902278900146, 3.112478494644165, 2.8842899799346924, 2.827730894088745, 2.798341989517212, 2.782188892364502, 2.7746024131774902, 2.767167329788208, 2.7606804370880127, 2.755625009536743, 2.7496910095214844, 2.7453012466430664, 2.740408420562744, 2.7363321781158447, 2.7339870929718018, 2.7298097610473633, 2.7281363010406494, 2.724515199661255, 2.720162868499756, 2.7173304557800293, 2.713876485824585, 2.7104365825653076, 2.7065823078155518, 2.705608367919922, 2.7007229328155518, 2.6964540481567383, 2.6942365169525146, 2.690962314605713, 2.688114881515503, 2.6847715377807617, 2.680178165435791, 2.6767373085021973, 2.6728687286376953, 2.6689462661743164, 2.667076587677002, 2.664611339569092, 2.6590840816497803, 2.655675172805786, 2.6543498039245605, 2.648817300796509, 2.64461088180542, 2.6417055130004883, 2.6366419792175293, 2.633005380630493, 2.631235361099243, 2.627300500869751, 2.622666358947754, 2.617807626724243, 2.6167266368865967, 2.6125872135162354, 2.6064453125, 2.6053473949432373, 2.5996100902557373, 2.595045328140259, 2.5918092727661133, 2.589625597000122, 2.584775447845459, 2.5794363021850586, 2.575317621231079, 2.5709400177001953, 2.5671560764312744, 2.564410924911499, 2.5586907863616943, 2.5584800243377686, 2.552699565887451, 2.5459957122802734, 2.5431926250457764, 2.5378594398498535, 2.533478260040283, 2.529466390609741, 2.5261781215667725, 2.520641565322876, 2.515866279602051, 2.511066436767578, 2.5060555934906006], "val_loss": [19.489845275878906, 10.413591384887695, 7.159633159637451, 5.972497940063477, 5.5421247482299805, 5.3817315101623535, 5.315617561340332, 5.284796237945557, 5.267364978790283, 5.256314277648926, 5.248359203338623, 5.241962909698486, 5.236248970031738, 5.231132507324219, 5.226342678070068, 5.221624374389648, 5.217019081115723, 5.212491512298584, 5.207950592041016, 5.203388690948486, 5.198827743530273, 5.194192409515381, 5.1895751953125, 5.184942245483398, 5.18027925491333, 5.175609588623047, 5.170899868011475, 5.166131496429443, 5.161336421966553, 5.156497001647949, 5.151650905609131, 5.146770477294922, 5.141793251037598, 5.13681173324585, 5.131803035736084, 5.126741886138916, 5.121634483337402, 5.116495132446289, 5.111307621002197, 5.106073379516602, 5.10081672668457, 5.095488548278809, 5.090126037597656, 5.084704399108887, 5.079228401184082, 5.073698997497559, 5.068126201629639, 5.062508583068848, 5.0568413734436035, 5.051113605499268, 5.0453362464904785, 5.039527893066406, 5.033614158630371, 5.027658462524414, 5.021618843078613, 5.015505790710449, 5.009335517883301, 5.003077030181885, 4.99675178527832, 4.990316390991211, 4.983809947967529, 4.9771904945373535, 4.970514297485352, 4.963728904724121, 4.956858158111572, 4.949873447418213, 4.942774295806885, 4.935576438903809, 4.928280353546143, 4.9208455085754395, 4.9132981300354, 4.90560245513916, 4.897781848907471, 4.889822006225586, 4.881712913513184, 4.8734564781188965, 4.8650383949279785, 4.856429100036621, 4.847623825073242, 4.838606357574463, 4.829417705535889, 4.819977283477783, 4.810362339019775, 4.8004536628723145, 4.790329933166504, 4.779903411865234, 4.769233226776123, 4.758263111114502, 4.7469377517700195, 4.735252857208252, 4.72315788269043, 4.710638046264648, 4.697719097137451, 4.684255123138428, 4.670271873474121, 4.6556396484375, 4.640395641326904, 4.624444484710693, 4.607661247253418, 4.589966773986816, 4.571291446685791, 4.551454067230225, 4.530230522155762, 4.507409572601318, 4.482724666595459, 4.455807209014893, 4.426152229309082, 4.393227577209473, 4.356341361999512, 4.3163323402404785, 4.272462844848633, 4.222509860992432, 4.163221836090088, 4.087386131286621, 3.9804587364196777, 3.813153028488159, 3.4739997386932373, 3.9525067806243896, 3.5174012184143066, 4.25199556350708, 4.083819389343262, 3.9818904399871826, 3.876978874206543, 3.731160879135132, 3.484002113342285, 3.294590473175049, 3.0408270359039307, 2.9847943782806396, 2.957160234451294, 2.9274096488952637, 2.9246997833251953, 2.913813829421997, 2.9085590839385986, 2.901926279067993, 2.897369623184204, 2.8920884132385254, 2.8880836963653564, 2.884915828704834, 2.8801703453063965, 2.877253532409668, 2.874290704727173, 2.872910499572754, 2.868273973464966, 2.863497495651245, 2.8610262870788574, 2.857377767562866, 2.854595899581909, 2.85150146484375, 2.846677780151367, 2.8432958126068115, 2.8391573429107666, 2.8374826908111572, 2.8347160816192627, 2.8319895267486572, 2.827488899230957, 2.822498083114624, 2.8199148178100586, 2.813842296600342, 2.812300682067871, 2.808655261993408, 2.805293560028076, 2.7998385429382324, 2.798541307449341, 2.794921875, 2.789363384246826, 2.7848525047302246, 2.7817068099975586, 2.7787973880767822, 2.772311210632324, 2.7739779949188232, 2.7677721977233887, 2.76285457611084, 2.7585318088531494, 2.756316900253296, 2.750081777572632, 2.74788761138916, 2.744565963745117, 2.738556385040283, 2.7340338230133057, 2.7345659732818604, 2.726970911026001, 2.7226314544677734, 2.71738600730896, 2.714676856994629, 2.7100038528442383, 2.708132266998291, 2.702101469039917, 2.698683977127075, 2.6967289447784424, 2.6892781257629395, 2.6841158866882324, 2.680043935775757, 2.676971197128296, 2.670628309249878, 2.6699984073638916, 2.6644771099090576, 2.6566805839538574, 2.652480363845825, 2.6467013359069824, 2.6430764198303223],