{"n_parameters": 106434, "training_time": 2.1349430084228516, "loss": [5.8730149269104, 0.9327009320259094, 0.7464793920516968, 0.6428703665733337, 0.6043562889099121, 0.5618783235549927, 0.52306067943573, 0.4742806851863861, 0.4214690029621124, 0.3633115291595459, 0.293422669172287, 0.19696259498596191, 0.07962493598461151, -0.05952078476548195, -0.1755709946155548, -0.33830103278160095, -0.11067516356706619, -0.5042860507965088, -0.4890088438987732, -0.6731737852096558, -0.43388447165489197, -0.5786611437797546, -0.7530007362365723, -0.9031776785850525, -0.45728975534439087, -0.8332403898239136, -1.008882999420166, -0.8964858651161194, -0.9042404890060425, -0.7631620168685913, -1.072731852531433, -0.1581597775220871, -1.103621006011963, -1.1686145067214966, -1.1969232559204102, -0.7792223691940308, -1.1129237413406372, -1.1828322410583496, -0.9766525626182556, -0.8426264524459839, -1.3276866674423218, -0.2743305563926697, -1.2615559101104736, -1.351247787475586, -1.4302051067352295, -1.084538221359253, -0.942966878414154, -1.3154218196868896, -0.7824373245239258, -1.3568615913391113, -1.366716742515564, -0.7565282583236694, -1.0049266815185547, -1.3379966020584106, -1.5099451541900635, -1.4981814622879028, -0.778519332408905, -1.4544283151626587, -1.3595761060714722, -1.6286288499832153, -1.541279911994934, 1.745586633682251, -1.295701026916504, -1.413589358329773, -1.444297194480896, -1.5078585147857666, -1.5638097524642944, -1.618731141090393, -1.6554592847824097, -1.5348036289215088, -1.5762501955032349, -0.5213256478309631, -0.7581567168235779, -1.5561257600784302, -1.5895938873291016, -1.6266993284225464, -1.6422297954559326, -1.655904769897461, -1.6728949546813965, -1.6855334043502808, -1.6951977014541626], "val_loss": [1.5269060134887695, 0.8039151430130005, 0.6776319742202759, 0.6531970500946045, 0.5904739499092102, 0.5500945448875427, 0.49420008063316345, 0.4446032643318176, 0.4097830653190613, 0.3294834494590759, 0.24350808560848236, 0.13184207677841187, 0.011150138452649117, -0.11277969181537628, -0.2589656412601471, -0.4079919159412384, -0.502693235874176, -0.47341427206993103, -0.4996960163116455, -0.6741949319839478, 0.05668581277132034, -0.7742435336112976, -0.8293485641479492, -0.555095911026001, -0.33098047971725464, -0.9591401219367981, -1.0200830698013306, -0.2675365209579468, -1.069385051727295, -0.9623072743415833, -1.0186235904693604, -1.0343098640441895, -1.1079601049423218, -1.180597186088562, -0.9035077691078186, -1.0568169355392456, -0.9693134427070618, -1.1203559637069702, -0.9847117066383362, -1.3037617206573486, -1.2683613300323486, -1.1411017179489136, -1.2758862972259521, -1.211039662361145, -1.246669888496399, -1.312752604484558, -1.3530384302139282, -0.994970977306366, -1.3404287099838257, -1.3055890798568726, -1.0683743953704834, -0.6627755761146545, -0.9452670216560364, -1.3931608200073242, -1.3438441753387451, -0.28066009283065796, -1.4092519283294678, -1.3348547220230103, -1.42249596118927, -1.5220073461532593, -0.34757664799690247, -1.243488073348999, -1.3456567525863647, -1.3334563970565796, -1.393991470336914, -1.4164265394210815, -1.4710701704025269, -1.4726938009262085, -1.4928183555603027, -1.4213306903839111, -0.3218236565589905, -0.8902817964553833, -1.3111062049865723, -1.3820109367370605, -1.425140619277954, -1.4460428953170776, -1.4492236375808716, -1.4743796586990356, -1.4869574308395386, -1.4951987266540527, -1.5017057657241821], "lr": [0.0003238196950405836, 0.0003238196950405836, 0.0003238196950405836, 0.0003238196950405836, 0.0003238196950405836, 0.0003238196950405836, 0.0003238196950405836, 0.0003238196950405836, 0.0003238196950405836, 0.0003238196950405836, 0.0003238196950405836, 0.0003238196950405836, 0.0003238196950405836, 0.0003238196950405836, 0.0003238196950405836, 0.0003238196950405836, 0.0003238196950405836, 0.0003238196950405836, 0.0003238196950405836, 0.0003238196950405836, 0.0003238196950405836, 0.0003238196950405836, 0.0003238196950405836, 0.0003238196950405836, 0.0003238196950405836, 0.0003238196950405836, 0.0003238196950405836, 0.0003238196950405836, 0.0003238196950405836, 0.0003238196950405836, 0.0003238196950405836, 0.0003238196950405836, 0.0003238196950405836, 0.0003238196950405836, 0.0003238196950405836, 0.0003238196950405836, 0.0003238196950405836, 0.0003238196950405836, 0.0003238196950405836, 0.0003238196950405836, 0.0003238196950405836, 0.0003238196950405836, 0.0003238196950405836, 0.0003238196950405836, 0.0003238196950405836, 0.0003238196950405836, 0.0003238196950405836, 0.0003238196950405836, 0.0003238196950405836, 0.0003238196950405836, 0.0003238196950405836, 0.0003238196950405836, 0.0003238196950405836, 0.0003238196950405836, 0.0003238196950405836, 0.0003238196950405836, 0.0003238196950405836, 0.0003238196950405836, 0.0003238196950405836, 0.0003238196950405836, 0.0003238196950405836, 0.0003238196950405836, 0.0003238196950405836, 0.0003238196950405836, 0.0003238196950405836, 0.0003238196950405836, 0.0003238196950405836, 0.0003238196950405836, 0.0003238196950405836, 0.0003238196950405836, 0.0003238196950405836, 0.0003238196950405836, 0.0003238196950405836, 3.238196950405836e-05, 3.238196950405836e-05, 3.238196950405836e-05, 3.238196950405836e-05, 3.238196950405836e-05, 3.238196950405836e-05, 3.238196950405836e-05, 3.238196950405836e-05]}