{"n_parameters": 166658, "training_time": 2.135694742202759, "loss": [11.888172149658203, 0.9738514423370361, 2.6849472522735596, 1.3739773035049438, 2.159341812133789, 1.261730670928955, 1.2632803916931152, 1.0710208415985107, 0.9480885863304138, 0.8667682409286499, 0.7329334020614624, 0.5294456481933594, 0.5739348530769348, 0.33880674839019775, 0.3401699960231781, 0.3300938606262207, 0.11583349853754044, 0.2915109694004059, 0.11637081950902939, 0.1464182436466217, 0.019131286069750786, 0.00328568322584033, 0.022987956181168556, -0.20107020437717438, -0.238541379570961, -0.023151889443397522, -0.12492865324020386, -0.4531424045562744, 0.16989991068840027, -0.36702173948287964, -0.28597357869148254, -0.14140579104423523, -0.3403027653694153, -0.1946408897638321, -0.28813624382019043, -0.6277586817741394, -0.23715221881866455, -0.5234061479568481, -0.1974790096282959, -0.22047452628612518, -0.6636651754379272, -0.2306421399116516, -0.1361561268568039, -0.7546759247779846, -0.3744983375072479, -0.4483168423175812, -0.5996639132499695, -0.8485427498817444, -0.9495010375976562, -1.08321213722229, -1.2416757345199585, -1.3649499416351318, -1.5177948474884033, -1.638092279434204, -1.565927505493164, -1.7354341745376587, -1.801015019416809, -1.5202012062072754, -2.0164990425109863, -1.7305742502212524, -1.8685773611068726, -2.039285659790039, -1.8974117040634155, -1.9885295629501343, -1.9514648914337158, -2.041724443435669, -1.7497237920761108, -2.1208975315093994, -1.911970853805542, -2.047990560531616, -2.109618663787842, -2.0339624881744385, -1.9751452207565308, -2.058652400970459, -2.0108695030212402, -2.167294502258301, -1.9807325601577759, -2.116888999938965, -2.2710742950439453, -1.8698068857192993, -2.2333192825317383, -2.106116533279419, -1.8085618019104004, -2.415536642074585, -2.0946056842803955, -2.060098648071289, -2.0797157287597656, -2.1350910663604736, -1.9922693967819214, -2.309041738510132, -2.0429649353027344, -2.4242539405822754, -2.5134332180023193, -2.5417087078094482, -2.5757837295532227, -2.6075479984283447, -2.6329009532928467, -2.6641860008239746, -2.6939992904663086, -2.7163729667663574, -2.750286340713501, -2.780278444290161, -2.810206174850464, -2.8358709812164307, -2.8562331199645996, -2.879256010055542, -2.902191162109375, -2.9328083992004395, -2.942575693130493, -2.9814963340759277, -2.990659236907959, -3.030672788619995, -3.033874988555908, -3.0370121002197266, -3.0409271717071533, -3.0437874794006348, -3.0449090003967285, -3.049057722091675, -3.0509090423583984, -3.053889513015747, -3.05757999420166, -3.06007719039917, -3.060314655303955, -3.060661554336548, -3.061063528060913], "val_loss": [1.2231470346450806, 0.7955768704414368, 0.853969931602478, 1.0547939538955688, 1.1283345222473145, 1.3907675743103027, 0.777588963508606, 0.9100145697593689, 1.0368554592132568, 1.0733013153076172, 0.6758154034614563, 0.9412103891372681, 0.5563982129096985, 0.4159417450428009, 0.41405850648880005, 0.031842224299907684, 0.7262857556343079, -0.1574312001466751, -0.025173572823405266, -0.1729862540960312, 0.17955714464187622, 0.13940215110778809, 0.4651722311973572, 0.3119712769985199, -0.42925509810447693, -0.4918619692325592, -0.35623690485954285, -0.6407591700553894, 0.22530008852481842, -0.2566292881965637, -0.6584590077400208, -0.4667882025241852, -0.3646678328514099, -0.5967702865600586, -0.1948997527360916, -0.8124383687973022, 0.31181269884109497, 0.03625068441033363, -0.1696663498878479, -0.5767637491226196, -0.2605217397212982, -0.7566044330596924, -0.6714461445808411, 0.9540616869926453, 0.2669433653354645, -0.02552073262631893, -0.7959279417991638, -0.8897833228111267, -1.0032703876495361, -1.1438366174697876, -1.2906979322433472, -1.4181220531463623, -1.37480628490448, -1.2182836532592773, -1.5348244905471802, -1.6176601648330688, -1.8069971799850464, -1.8021291494369507, -1.2963143587112427, -1.842310905456543, -1.8818302154541016, -1.4196805953979492, -1.8053096532821655, -1.9733890295028687, -1.9669605493545532, -0.7483372688293457, -1.972985863685608, -1.6501272916793823, -1.9829121828079224, -1.3364057540893555, -1.9663722515106201, -1.9470841884613037, -2.014305591583252, -1.1256465911865234, -1.3737725019454956, -1.2737436294555664, -1.3804826736450195, -1.6309373378753662, -1.7264796495437622, -1.3092750310897827, -2.081511974334717, -1.5122250318527222, -1.8332363367080688, -1.8309775590896606, -1.806747555732727, -1.1939743757247925, -2.016631603240967, -1.9031325578689575, -2.0421550273895264, -1.655890941619873, -1.8484375476837158, -2.091989517211914, -2.102853536605835, -2.076436758041382, -2.126633882522583, -2.130784273147583, -2.093451738357544, -2.1072440147399902, -2.134368419647217, -2.1253201961517334, -2.140123128890991, -2.1201980113983154, -2.074465751647949, -2.0795745849609375, -2.0291993618011475, -2.042060375213623, -1.9926772117614746, -2.001922369003296, -1.9935386180877686, -1.9065272808074951, -1.9923346042633057, -1.9762171506881714, -1.9730350971221924, -1.96952486038208, -1.973473310470581, -1.9626072645187378, -1.9554266929626465, -1.9514496326446533, -1.9563875198364258, -1.9606596231460571, -1.9465373754501343, -1.9466050863265991, -1.9474269151687622, -1.9474536180496216, -1.9475983381271362],