{"n_parameters": 58530, "training_time": 1.5266399383544922, "loss": [2.0238401889801025, 0.6078376173973083, 0.49693477153778076, 0.4277943968772888, 0.32658639550209045, 0.23677091300487518, 0.29360541701316833, 0.19716955721378326, 0.04963374510407448, 0.17059607803821564, -0.06359870731830597, -0.06402570754289627, 0.16574066877365112, 0.0934460237622261, -0.037565018981695175, -0.18886743485927582, -0.24625466763973236, 0.07736886292695999, -0.2442770004272461, -0.04378165304660797, -0.21937301754951477, -0.36359041929244995, -0.004228488076478243, -0.17923592031002045, -0.38282957673072815, 0.050318703055381775, -0.10355781018733978, -0.372284471988678, -0.046485718339681625, -0.23365557193756104, -0.5524021983146667, -0.7080193758010864, 1.3878430128097534, 1.2937897443771362, -0.23029297590255737, -0.3632717430591583, -0.28993523120880127, -0.02339497022330761, 0.1883748471736908, -0.3282407522201538, -0.43582770228385925, -0.5077326893806458, -0.5948002338409424, 0.205474853515625, 0.5157272219657898, -0.5557681918144226, -0.6213507652282715, -0.6466515064239502, -0.657880961894989, -0.6719518303871155, -0.682810366153717, -0.6937193274497986, -0.7034996151924133, -0.7130715847015381, -0.723913311958313, -0.7344743013381958], "val_loss": [0.6498057246208191, 0.5403496623039246, 0.4817337691783905, 0.3842394948005676, 0.27600017189979553, 0.2662307024002075, 0.2479172646999359, 0.33081382513046265, 0.031461916863918304, 0.042156949639320374, -0.0880301371216774, -0.2210245579481125, 0.5835760235786438, -0.03724469989538193, -0.2593707740306854, -0.2992877662181854, -0.261684775352478, -0.023159481585025787, -0.37309423089027405, -0.17036700248718262, -0.2723434865474701, -0.4781704246997833, -0.2686469256877899, -0.16715876758098602, 1.2399719953536987, 0.8318014144897461, -0.44866257905960083, -0.3271196782588959, 0.07448496669530869, -0.3571106493473053, -0.5999767780303955, -0.7384002208709717, 4.882714748382568, -0.05663035437464714, -0.2521851062774658, 0.19351726770401, -0.2692096531391144, 0.868148148059845, -0.15327894687652588, -0.30751681327819824, -0.39852654933929443, -0.4639100730419159, -0.5049931406974792, 2.2132582664489746, -0.48512202501296997, -0.5335280299186707, -0.549822211265564, -0.5697532296180725, -0.5822441577911377, -0.5864424705505371, -0.5938887596130371, -0.6010378003120422, -0.6100775003433228, -0.6180688738822937, -0.6264551281929016, -0.6364666223526001], "lr": [0.0012732298346236348, 0.0012732298346236348, 0.0012732298346236348, 0.0012732298346236348, 0.0012732298346236348, 0.0012732298346236348, 0.0012732298346236348, 0.0012732298346236348, 0.0012732298346236348, 0.0012732298346236348, 0.0012732298346236348, 0.0012732298346236348, 0.0012732298346236348, 0.0012732298346236348, 0.0012732298346236348, 0.0012732298346236348, 0.0012732298346236348, 0.0012732298346236348, 0.0012732298346236348, 0.0012732298346236348, 0.0012732298346236348, 0.0012732298346236348, 0.0012732298346236348, 0.0012732298346236348, 0.0012732298346236348, 0.0012732298346236348, 0.0012732298346236348, 0.0012732298346236348, 0.0012732298346236348, 0.0012732298346236348, 0.0012732298346236348, 0.0012732298346236348, 0.0012732298346236348, 0.0012732298346236348, 0.0012732298346236348, 0.0012732298346236348, 0.0012732298346236348, 0.0012732298346236348, 0.0012732298346236348, 0.0012732298346236348, 0.0012732298346236348, 0.0012732298346236348, 0.0012732298346236348, 0.0012732298346236348, 0.00012732298637274653, 0.00012732298637274653, 0.00012732298637274653, 0.00012732298637274653, 0.00012732298637274653, 0.00012732298637274653, 0.00012732298637274653, 0.00012732298637274653, 0.00012732298637274653, 0.00012732298637274653, 0.00012732298637274653, 0.00012732298637274653]}