{"n_parameters": 80338, "training_time": 1.8150358200073242, "loss": [4.891172409057617, 0.6710320711135864, 0.8622637391090393, 0.8503742814064026, 0.6967650055885315, 0.5729824304580688, 0.737338125705719, 0.428463876247406, 0.440176397562027, 0.5662656426429749, 0.24952715635299683, 0.2751697897911072, 0.3367902338504791, 0.03771376982331276, 0.1598530262708664, 0.199904203414917, -0.08870574086904526, -0.040038250386714935, -0.12186368554830551, 0.1689823865890503, 0.18343505263328552, -0.24206134676933289, 0.25628992915153503, -0.15885473787784576, 0.28371408581733704, -0.30373886227607727, -0.2010277956724167, -0.1072201207280159, -0.1968698501586914, 0.17348015308380127, -0.2779322564601898, -0.0636756643652916, -0.37127137184143066, -0.18934255838394165, 0.02757723443210125, -0.3411763310432434, -0.3076572120189667, -0.1342252492904663, -0.3900741934776306, 0.0905090793967247, -0.40489858388900757, -0.38380369544029236, -0.27272358536720276, -0.35252559185028076, -0.22082333266735077, -0.4728434383869171, -0.23808784782886505, -0.2395634949207306, 0.010809152387082577, -0.5344663858413696, -0.2713247239589691, -0.23095494508743286, -0.537480354309082, -0.2305939644575119, -0.47629788517951965, -0.4698682427406311, -0.3658530116081238, -0.4104311466217041, -0.30289795994758606, -0.6255237460136414, -0.017952576279640198, -0.4930451214313507, -0.3639913499355316, -0.5635954737663269, -0.7005718350410461, -0.2586423456668854, -0.8417997360229492, -0.9578061103820801, -1.1147047281265259, -1.291335940361023, -1.48173189163208, -1.6234657764434814, -1.7771244049072266, -1.8295440673828125, -1.9380064010620117, -2.0343244075775146, -1.9647823572158813, -1.9934561252593994, -2.015453577041626, -2.104491710662842, -2.154506206512451, -2.1468372344970703, -2.0530054569244385, -2.110917806625366, -2.255336284637451, -2.0341877937316895, -2.154047966003418, -2.2812976837158203, -2.2363853454589844, -2.1773407459259033, -2.119828462600708, -2.3493778705596924, -2.1227924823760986, -2.1536669731140137, -2.1506125926971436, -2.3405394554138184, -2.5800137519836426, -2.6305603981018066, -2.649678945541382, -2.6773898601531982, -2.702207565307617, -2.718515396118164, -2.745728015899658, -2.761979341506958, -2.7797322273254395, -2.8080081939697266, -2.8131415843963623, -2.8458163738250732, -2.8534204959869385, -2.879350185394287, -2.896057367324829, -2.904358386993408, -2.9204699993133545, -2.952441930770874, -2.9569103717803955, -2.9865739345550537, -2.9880754947662354, -2.990386962890625, -2.9929404258728027, -2.995358943939209, -2.9970269203186035, -2.998408555984497, -3.0000216960906982, -3.0028483867645264, -3.004485607147217, -3.0064857006073], "val_loss": [0.7257866263389587, 0.8340765833854675, 0.5348743200302124, 0.5563114285469055, 0.5491514801979065, 0.7164676189422607, 0.4120924770832062, 0.25011324882507324, 0.2973323166370392, 0.08089105784893036, 0.11793705821037292, -0.012814228422939777, -0.0401182621717453, -0.22888608276844025, -0.2533094882965088, -0.15966211259365082, -0.21364440023899078, 0.6703854203224182, 1.0565974712371826, -0.2756144404411316, -0.2578047513961792, -0.4274791479110718, -0.27713528275489807, -0.3720332086086273, -0.21835139393806458, -0.15699397027492523, 1.8592489957809448, -0.33620592951774597, 0.5404579043388367, -0.15499073266983032, -0.5473343133926392, -0.3916845917701721, 0.6799246072769165, -0.43757131695747375, -0.3980918526649475, -0.5607424974441528, -0.6073499321937561, -0.5614205598831177, -0.39039114117622375, -0.15759161114692688, -0.46971550583839417, -0.09056812524795532, -0.5846718549728394, -0.5656546354293823, -0.02158602885901928, -0.6785030961036682, -0.5629895329475403, 5.448896884918213, -0.7381122708320618, -0.4532351791858673, -0.7102470397949219, -0.5527854561805725, -0.8938949108123779, -0.5095379948616028, -0.4480748772621155, -0.49686765670776367, -0.7680222988128662, 0.5737245678901672, -0.596876859664917, -0.2220401167869568, -0.745589017868042, -0.11970260739326477, -0.4051029086112976, -0.36255499720573425, 1.8598829507827759, -0.7882966995239258, -0.8756817579269409, -0.9999632239341736, -1.1396266222000122, -1.310378909111023, -1.5028910636901855, -1.5472675561904907, -1.767314076423645, -1.8566701412200928, -1.7410293817520142, -1.849298119544983, -1.9886045455932617, -1.7315207719802856, -1.9562108516693115, -1.9104645252227783, -1.6538752317428589, -1.3399041891098022, -2.0946035385131836, -2.0610556602478027, -1.8433693647384644, -1.885568380355835, -2.017904281616211, -0.7966054081916809, -1.972546100616455, -1.8777449131011963, -1.791678547859192, -1.3950611352920532, -1.4880141019821167, -1.6814959049224854, -1.9268120527267456, -1.9609708786010742, -2.1366684436798096, -2.1471965312957764, -2.1339786052703857, -2.1453728675842285, -2.1382460594177246, -2.1562106609344482, -2.1453702449798584, -2.0736544132232666, -2.1311707496643066, -2.1206674575805664, -2.1030025482177734, -2.1067564487457275, -2.088153600692749, -2.109074115753174, -2.107276439666748, -2.0828857421875, -2.0889058113098145, -2.0876288414001465, -2.074014902114868, -2.0657291412353516, -2.067708969116211, -2.062163829803467, -2.063323497772217, -2.0688507556915283, -2.05853271484375, -2.0532548427581787, -2.05991268157959, -2.0597777366638184, -2.0582919120788574, -2.050640106201172],