{"n_parameters": 137826, "training_time": 1.1433260440826416, "loss": [31.04955291748047, 4.6130146980285645, 4.288303375244141, 3.976971387863159, 4.93597936630249, 3.6519181728363037, 2.5993189811706543, 6.865911960601807, 4.938421249389648, 4.269036769866943, 4.815998554229736, 3.894294500350952, 2.401010036468506, 2.403930187225342, 0.9505975842475891, 1.9612152576446533, 0.9659581780433655, 0.8444631695747375, 0.71776282787323, 0.7724875211715698, 0.6939312219619751, 0.680532693862915, 0.669710099697113, 0.6568009257316589, 0.6498229503631592, 0.6329522728919983, 0.6247112154960632, 0.6119681596755981, 0.597457230091095, 0.5966084003448486, 0.5777546763420105, 0.5696618556976318, 0.566440761089325, 0.5589969158172607, 0.5456330180168152, 0.543241024017334, 0.5376821756362915, 0.5225436091423035, 0.5389429926872253, 0.5116127133369446, 0.5199548006057739, 0.5006567239761353, 0.49764856696128845, 0.5021697878837585, 0.5243304371833801, 0.5010481476783752, 0.5077881813049316, 0.5070351362228394, 0.5061324834823608, 0.4877053499221802, 0.485189288854599, 0.4998840391635895, 0.4994901418685913, 0.4924008846282959, 0.49972864985466003, 0.4884853959083557, 0.48435869812965393, 0.5090795755386353, 0.5030377507209778, 0.4824688136577606, 0.48276710510253906, 0.48560279607772827, 0.48222655057907104, 0.4810415804386139, 0.48269036412239075, 0.48145565390586853, 0.4848068356513977, 0.4812085032463074, 0.48247405886650085, 0.483730673789978, 0.48085683584213257, 0.4808250069618225, 0.4806870222091675, 0.4807618260383606, 0.48076683282852173, 0.4807397127151489, 0.4807063639163971, 0.4808470904827118, 0.4806723892688751, 0.48080888390541077, 0.4805990159511566, 0.48060372471809387, 0.4806016981601715, 0.4806027412414551, 0.4805883467197418, 0.48060286045074463, 0.4806128144264221, 0.4805879294872284, 0.4806033670902252, 0.4805980324745178, 0.48058220744132996], "val_loss": [4.711863994598389, 4.371664047241211, 5.009491920471191, 5.6671342849731445, 3.463887929916382, 2.6253790855407715, 10.164280891418457, 4.498499393463135, 3.6095364093780518, 8.252542495727539, 3.376906633377075, 4.158735752105713, 2.0488600730895996, 1.3840631246566772, 1.3254151344299316, 1.2677013874053955, 1.0911258459091187, 0.7434839010238647, 0.7015756964683533, 0.7037531733512878, 0.7075271606445312, 0.6819497346878052, 0.6720224618911743, 0.6585504412651062, 0.6476610898971558, 0.6493483185768127, 0.6326530575752258, 0.6172916889190674, 0.6390143632888794, 0.605797290802002, 0.5879294872283936, 0.5936532616615295, 0.5859187245368958, 0.5683401226997375, 0.5605824589729309, 0.5626876354217529, 0.5534759163856506, 0.5551857352256775, 0.5347076058387756, 0.5343267917633057, 0.5281662940979004, 0.5307669043540955, 0.5233284831047058, 0.5474317073822021, 0.5165992975234985, 0.5385347604751587, 0.5148516893386841, 0.5213600993156433, 0.5167669653892517, 0.5146198868751526, 0.5286825299263, 0.5485709309577942, 0.5360189080238342, 0.515846848487854, 0.528961181640625, 0.5162815451622009, 0.520911693572998, 0.515004575252533, 0.5161842703819275, 0.5158390998840332, 0.5145699977874756, 0.5145491361618042, 0.5146172046661377, 0.5146164894104004, 0.5146721601486206, 0.5146636962890625, 0.514847457408905, 0.5148534774780273, 0.5147554874420166, 0.514697253704071, 0.5147023797035217, 0.5147096514701843, 0.5147098302841187, 0.5147119760513306, 0.5147162675857544, 0.514715850353241, 0.5147176384925842, 0.5147220492362976, 0.5147382020950317, 0.5147466063499451, 0.5147472620010376, 0.514747679233551, 0.5147477388381958, 0.5147483348846436, 0.5147486925125122, 0.5147497057914734, 0.5147502422332764, 0.5147508978843689, 0.514750599861145, 0.5147514939308167, 0.514751672744751], "lr": [0.06792304664850235, 0.06792304664850235, 0.06792304664850235, 0.06792304664850235, 0.06792304664850235, 0.06792304664850235, 0.06792304664850235, 0.06792304664850235, 0.06792304664850235, 0.06792304664850235, 0.06792304664850235, 0.06792304664850235, 0.06792304664850235, 0.06792304664850235, 0.06792304664850235, 0.06792304664850235, 0.06792304664850235, 0.06792304664850235, 0.06792304664850235, 0.06792304664850235, 0.06792304664850235, 0.06792304664850235, 0.06792304664850235, 0.06792304664850235, 0.06792304664850235, 0.06792304664850235, 0.06792304664850235, 0.06792304664850235, 0.06792304664850235, 0.06792304664850235, 0.06792304664850235, 0.06792304664850235, 0.06792304664850235, 0.06792304664850235, 0.06792304664850235, 0.06792304664850235, 0.06792304664850235, 0.06792304664850235, 0.06792304664850235, 0.06792304664850235, 0.06792304664850235, 0.06792304664850235, 0.06792304664850235, 0.06792304664850235, 0.06792304664850235, 0.06792304664850235, 0.06792304664850235, 0.06792304664850235, 0.06792304664850235, 0.06792304664850235, 0.06792304664850235, 0.06792304664850235, 0.06792304664850235, 0.06792304664850235, 0.06792304664850235, 0.06792304664850235, 0.06792304664850235, 0.06792304664850235, 0.06792304664850235, 0.06792304664850235, 0.0067923045717179775, 0.0067923045717179775, 0.0067923045717179775, 0.0067923045717179775, 0.0067923045717179775, 0.0067923045717179775, 0.0067923045717179775, 0.0067923045717179775, 0.0067923045717179775, 0.0067923045717179775, 0.0006792304338887334, 0.0006792304338887334, 0.0006792304338887334, 0.0006792304338887334, 0.0006792304338887334, 0.0006792304338887334, 0.0006792304338887334, 0.0006792304338887334, 0.0006792304338887334, 0.0006792304338887334, 6.792304338887334e-05, 6.792304338887334e-05, 6.792304338887334e-05, 6.792304338887334e-05, 6.792304338887334e-05, 6.792304338887334e-05, 6.792304338887334e-05, 6.792304338887334e-05, 6.792304338887334e-05, 6.792304338887334e-05, 6.792304247937864e-06]}