{"n_parameters": 48050, "training_time": 1.0699999332427979, "loss": [52.225379943847656, 1.800236463546753, 1.753026008605957, 1.825213074684143, 1.4988408088684082, 1.458220362663269, 1.2687897682189941, 1.0696159601211548, 1.2611459493637085, 1.3137024641036987, 0.8444024920463562, 1.6613966226577759, 1.1763412952423096, 0.8314465284347534, 2.540409803390503, 0.9701207876205444, 0.7154476046562195, 0.5291526913642883, 0.40064480900764465, 2.609769582748413, 1.3734818696975708, 1.3053150177001953, 1.7316230535507202, 1.2412539720535278, 1.0920178890228271, 1.2989251613616943, 0.9892157912254333, 0.6264943480491638, 0.37628790736198425, 0.15949171781539917, 0.7087797522544861, 0.1764645129442215, 0.20197810232639313, 0.05601125583052635, 0.021865613758563995, -0.17162373661994934, -0.36100244522094727, 2.177654981613159, 0.26121261715888977, 0.3651544153690338, 0.19466182589530945, 0.513034999370575, 0.2658326327800751, 0.18186400830745697, 0.3760555386543274, 0.112031489610672, 0.0947086289525032, 0.046185676008462906, 0.03445377200841904, 0.02101748250424862, 0.0068221502006053925, -0.008275794796645641, -0.024233924224972725, -0.04104095324873924, -0.05845557153224945, -0.07657486945390701, -0.09577779471874237, -0.10859184712171555, -0.11066131293773651, -0.11281108856201172, -0.11495501548051834, -0.11714902520179749, -0.11937491595745087, -0.12167587131261826, -0.12393885105848312, -0.126295268535614, -0.12864656746387482], "val_loss": [1.563087821006775, 1.708526611328125, 1.6598531007766724, 1.599161148071289, 1.3496962785720825, 1.3296047449111938, 1.138405680656433, 0.8369184732437134, 1.8234363794326782, 0.9855969548225403, 0.4829825758934021, 1.1259971857070923, 0.8653873205184937, 0.5556030869483948, 0.9879382848739624, 0.7959540486335754, 0.6379361748695374, 0.4356226921081543, 0.24537810683250427, 1.9903788566589355, 1.2363576889038086, 0.8922588229179382, 1.0914061069488525, 0.9689207077026367, 0.7647730112075806, 1.2645924091339111, 0.6390624046325684, 0.40679723024368286, 0.23753395676612854, 0.09488442540168762, 0.11247783154249191, 0.15006738901138306, 0.1574515998363495, -0.020342063158750534, -0.08019008487462997, -0.2633741796016693, -0.30735084414482117, 0.13276727497577667, 0.2535456418991089, 0.19047053158283234, 0.053200893104076385, 0.5617685914039612, 0.2124781459569931, 0.14758947491645813, 0.10264050960540771, 0.11049620062112808, 0.0439341701567173, 0.034100599586963654, 0.022405168041586876, 0.009863958694040775, -0.0035405342932790518, -0.01779845356941223, -0.032923877239227295, -0.04857299104332924, -0.06494276970624924, -0.08192361891269684, -0.100022092461586, -0.10191553831100464, -0.10383573919534683, -0.10577283054590225, -0.10776761919260025, -0.10979080200195312, -0.11183775216341019, -0.11389823257923126, -0.11600197106599808, -0.11813534796237946, -0.1202903762459755], "lr": [0.05347396805882454, 0.05347396805882454, 0.05347396805882454, 0.05347396805882454, 0.05347396805882454, 0.05347396805882454, 0.05347396805882454, 0.05347396805882454, 0.05347396805882454, 0.05347396805882454, 0.05347396805882454, 0.05347396805882454, 0.05347396805882454, 0.05347396805882454, 0.05347396805882454, 0.05347396805882454, 0.05347396805882454, 0.05347396805882454, 0.05347396805882454, 0.05347396805882454, 0.05347396805882454, 0.05347396805882454, 0.05347396805882454, 0.05347396805882454, 0.05347396805882454, 0.05347396805882454, 0.05347396805882454, 0.05347396805882454, 0.05347396805882454, 0.05347396805882454, 0.05347396805882454, 0.05347396805882454, 0.05347396805882454, 0.05347396805882454, 0.05347396805882454, 0.05347396805882454, 0.05347396805882454, 0.05347396805882454, 0.05347396805882454, 0.05347396805882454, 0.05347396805882454, 0.05347396805882454, 0.05347396805882454, 0.05347396805882454, 0.05347396805882454, 0.05347396805882454, 0.05347396805882454, 0.0053473967127501965, 0.0053473967127501965, 0.0053473967127501965, 0.0053473967127501965, 0.0053473967127501965, 0.0053473967127501965, 0.0053473967127501965, 0.0053473967127501965, 0.0053473967127501965, 0.0053473967127501965, 0.000534739694558084, 0.000534739694558084, 0.000534739694558084, 0.000534739694558084, 0.000534739694558084, 0.000534739694558084, 0.000534739694558084, 0.000534739694558084, 0.000534739694558084, 0.000534739694558084]}