{"n_parameters": 150418, "training_time": 1.9576351642608643, "loss": [0.9927430152893066, 0.5808182954788208, 0.6606230139732361, 0.5793964862823486, 0.512546956539154, 0.4153040051460266, 0.43038299679756165, 0.3602769374847412, 0.23023009300231934, 0.41087332367897034, 0.1494397073984146, 0.21801607310771942, 0.15141195058822632, 0.3045397996902466, -0.025391556322574615, 0.2635077238082886, 0.015557674691081047, 0.08146944642066956, -0.07746049016714096, 0.21119779348373413, -0.1786501705646515, 0.17884241044521332, -0.14509578049182892, 0.14158795773983002, -0.15203310549259186, -0.09262507408857346, -0.13334031403064728, -0.12135019153356552, 0.07751798629760742, -0.1618211716413498, -0.12481194734573364, -0.13071471452713013, -0.2814933657646179, -0.12125431001186371, -0.08302333205938339, -0.0011261209147050977, -0.4742409586906433, -0.1169542670249939, -0.04429953545331955, -0.3739164471626282, -0.1470314860343933, -0.5371343493461609, -0.6355578303337097, -0.7215412259101868, -0.7969107627868652, -0.8819677233695984, -0.9641693234443665, -1.0467555522918701, -1.1192383766174316, -1.2052415609359741, -1.266066551208496, -1.329595685005188, -1.4048415422439575, -1.4544320106506348, -1.4925209283828735, -1.5621126890182495, -1.565675139427185, -1.6684311628341675, -1.6447259187698364, -1.6643487215042114, -1.7528154850006104, -1.7590242624282837, -1.7343987226486206, -1.7719320058822632, -1.895081639289856, -1.8330429792404175, -1.7603307962417603, -1.883468508720398, -1.8454316854476929, -1.8645740747451782, -1.9676283597946167, -1.8797988891601562, -1.9342585802078247, -1.8500677347183228, -1.9248019456863403, -1.9912205934524536, -1.933828592300415, -1.8969533443450928, -1.8886971473693848, -2.1226093769073486, -1.8090276718139648, -1.9730398654937744, -1.9760591983795166, -1.9493497610092163, -1.9848743677139282, -1.9214777946472168, -2.004244089126587, -2.075754404067993, -1.9300061464309692, -2.029484987258911, -1.9461489915847778, -2.0956454277038574, -1.8490946292877197, -1.9673831462860107, -2.144568681716919, -2.0697379112243652, -2.0322070121765137, -2.0053775310516357, -2.0280773639678955, -2.059882402420044, -2.2413477897644043, -2.404034376144409, -2.4123456478118896, -2.4184954166412354, -2.424032211303711, -2.4332029819488525, -2.4375083446502686, -2.452427387237549, -2.4558191299438477, -2.4590518474578857, -2.471210241317749], "val_loss": [0.5528491735458374, 0.6421130895614624, 0.5568186640739441, 0.42299309372901917, 0.385591059923172, 0.30094075202941895, 0.40021413564682007, 0.1438264697790146, 0.267286479473114, 0.13261277973651886, 0.039870746433734894, -0.06956660002470016, 0.3491714298725128, 0.08508843928575516, -0.13788898289203644, -0.14970479905605316, -0.06867865473031998, 0.05286901071667671, 0.231611967086792, -0.17004957795143127, 2.384545087814331, 0.7846524715423584, -0.2377224862575531, -0.24893370270729065, -0.43907153606414795, 1.7362983226776123, 0.4160614609718323, -0.527109682559967, -0.4328022599220276, -0.4685176610946655, -0.40851885080337524, -0.4061606228351593, 1.083495855331421, -0.09045850485563278, -0.42152759432792664, -0.2727434039115906, -0.005409599281847477, -0.44762158393859863, 0.09640657156705856, -0.21640022099018097, -0.4559084177017212, -0.6146508455276489, -0.6880004405975342, -0.7651963233947754, -0.8411208391189575, -0.9162337183952332, -0.9861419796943665, -1.0683794021606445, -1.139487624168396, -1.2142983675003052, -1.2468864917755127, -1.3030911684036255, -1.3539342880249023, -1.3867015838623047, -1.3435065746307373, -1.255250334739685, -1.5432132482528687, -1.2168537378311157, -1.6124019622802734, -1.6282113790512085, -1.7042063474655151, -1.6233530044555664, -1.309137225151062, -1.6459507942199707, -1.7096598148345947, -1.3172695636749268, -1.8084897994995117, -1.738382339477539, -1.531785011291504, -1.2292704582214355, -1.41536283493042, -1.6033471822738647, -1.7478880882263184, -1.6893492937088013, -1.8568766117095947, -1.486238718032837, -0.3743472099304199, -1.8091552257537842, -1.902141809463501, -1.7785168886184692, -1.84050452709198, -1.8295118808746338, -1.8510786294937134, -1.3161121606826782, -1.8700364828109741, -1.3787174224853516, -1.9251093864440918, -1.8765090703964233, -1.8846293687820435, -1.590277910232544, -1.8545610904693604, -1.8939143419265747, -1.6872293949127197, -1.6142759323120117, -1.758947730064392, -1.8008298873901367, -1.9248872995376587, -1.8304811716079712, -1.5290645360946655, -1.221310019493103, -1.8686621189117432, -1.881303310394287, -1.8757879734039307, -1.867567777633667, -1.8821885585784912, -1.8813049793243408, -1.8744341135025024, -1.861936092376709, -1.8467016220092773, -1.8822343349456787, -1.8610173463821411], "lr": [0.001005807425826788, 0.001005807425826788, 0.001005807425826788, 0.001005807425826788, 0.001005807425826788, 0.001005807425826788, 0.001005807425826788, 0.001005807425826788, 0.001005807425826788, 0.001005807425826788, 0.001005807425826788, 0.001005807425826788, 0.001005807425826788, 0.001005807425826788, 0.001005807425826788, 0.001005807425826788, 0.001005807425826788, 0.001005807425826788, 0.001005807425826788, 0.001005807425826788, 0.001005807425826788, 0.001005807425826788, 0.001005807425826788, 0.001005807425826788, 0.001005807425826788, 0.001005807425826788, 0.001005807425826788, 0.001005807425826788, 0.001005807425826788, 0.001005807425826788, 0.001005807425826788, 0.001005807425826788, 0.001005807425826788, 0.001005807425826788, 0.001005807425826788, 0.001005807425826788, 0.001005807425826788, 0.001005807425826788, 0.001005807425826788, 0.001005807425826788, 0.001005807425826788, 0.0001005807425826788, 0.0001005807425826788, 0.0001005807425826788, 0.0001005807425826788, 0.0001005807425826788, 0.0001005807425826788, 0.0001005807425826788, 0.0001005807425826788, 0.0001005807425826788, 0.0001005807425826788, 0.0001005807425826788, 0.0001005807425826788, 0.0001005807425826788, 0.0001005807425826788, 0.0001005807425826788, 0.0001005807425826788, 0.0001005807425826788, 0.0001005807425826788, 0.0001005807425826788, 0.0001005807425826788, 0.0001005807425826788, 0.0001005807425826788, 0.0001005807425826788, 0.0001005807425826788, 0.0001005807425826788, 0.0001005807425826788, 0.0001005807425826788, 0.0001005807425826788, 0.0001005807425826788, 0.0001005807425826788, 0.0001005807425826788, 0.0001005807425826788, 0.0001005807425826788, 0.0001005807425826788, 0.0001005807425826788, 0.0001005807425826788, 0.0001005807425826788, 0.0001005807425826788, 0.0001005807425826788, 0.0001005807425826788, 0.0001005807425826788, 0.0001005807425826788, 0.0001005807425826788, 0.0001005807425826788, 0.0001005807425826788, 0.0001005807425826788, 0.0001005807425826788, 0.0001005807425826788, 0.0001005807425826788, 0.0001005807425826788, 0.0001005807425826788, 0.0001005807425826788, 0.0001005807425826788, 0.0001005807425826788, 0.0001005807425826788, 0.0001005807425826788, 0.0001005807425826788, 0.0001005807425826788, 0.0001005807425826788, 1.005807462206576e-05, 1.005807462206576e-05, 1.005807462206576e-05, 1.005807462206576e-05, 1.005807462206576e-05, 1.005807462206576e-05, 1.005807462206576e-05, 1.005807462206576e-05, 1.005807462206576e-05, 1.005807462206576e-05, 1.005807462206576e-05]}