{"n_parameters": 78562, "training_time": 1.5315797328948975, "loss": [8.434602737426758, 0.7305463552474976, 0.6903674602508545, 0.8069574236869812, 0.7917444705963135, 0.6916245222091675, 0.5947039723396301, 0.523639976978302, 0.5528212785720825, 0.41917741298675537, 0.5288220047950745, 0.18012627959251404, 0.2181117683649063, 1.7216118574142456, 0.03910757973790169, 0.15143674612045288, -0.11614301800727844, 0.32390719652175903, 0.049669574946165085, 0.14984853565692902, 0.008126561529934406, -0.25533992052078247, 0.28154894709587097, -0.016713913530111313, -0.3478938341140747, 0.3911612331867218, -0.13270984590053558, -0.09796719253063202, 0.10187328606843948, -0.43662285804748535, 0.7675523161888123, -0.3625088632106781, -0.06193956732749939, -0.4601896107196808, -0.15542756021022797, -0.08759994804859161, -0.2424057126045227, -0.42971867322921753, 0.08591026067733765, -0.01008269377052784, -0.2002377212047577, -0.44196993112564087, -0.53033047914505, -0.5834798812866211, -0.6411738395690918, -0.7088539600372314, -0.7784905433654785, -0.8577987551689148, -0.9402785897254944, -1.0129343271255493, -1.1112241744995117, -1.150783896446228, -1.286634922027588, -1.3334885835647583, -1.4452637434005737, -1.4318681955337524, -1.569693684577942, -1.6253094673156738, -1.5944395065307617, -1.6570165157318115, -1.6518012285232544, -1.7886210680007935, -1.734352469444275, -1.7775167226791382, -1.9311141967773438, -1.7257182598114014, -1.9685862064361572, -1.8522571325302124, -1.968645453453064, -1.7672739028930664, -2.186593532562256, -1.693225622177124, -2.1054272651672363, -1.9212476015090942, -1.9369969367980957, -1.7642016410827637, -2.2355523109436035, -1.8250584602355957, -2.1236345767974854, -1.6874034404754639, -2.2463865280151367, -1.7657068967819214, -2.3516571521759033, -1.677782654762268, -2.285682201385498, -1.9314554929733276, -1.7773828506469727, -2.326308012008667, -1.727461814880371, -2.2565805912017822, -1.789284586906433, -2.1741204261779785, -2.0697619915008545, -1.8713675737380981, -2.1012511253356934, -2.110069751739502, -1.899412751197815, -2.358827590942383, -2.4107906818389893, -2.4322633743286133, -2.4483449459075928, -2.454169750213623, -2.4722070693969727, -2.479879856109619, -2.4922235012054443, -2.5062270164489746, -2.5113463401794434, -2.528797149658203, -2.544088363647461, -2.5428850650787354, -2.566284656524658, -2.575138568878174, -2.575502872467041, -2.597400426864624, -2.6103322505950928, -2.617859125137329, -2.629009246826172, -2.6384670734405518, -2.6540002822875977, -2.6644020080566406, -2.6752705574035645, -2.6767632961273193, -2.683565378189087, -2.705573558807373, -2.717014789581299, -2.722099781036377, -2.7301158905029297, -2.7386536598205566, -2.748481512069702, -2.7526190280914307, -2.771068572998047, -2.780869245529175, -2.7829744815826416, -2.784308910369873, -2.7847607135772705, -2.7864460945129395, -2.7876148223876953, -2.788360357284546, -2.790297746658325, -2.790740966796875, -2.792834520339966, -2.792917490005493, -2.7930564880371094, -2.793239116668701], "val_loss": [1.3553937673568726, 0.5758684277534485, 1.2199949026107788, 1.8134629726409912, 0.4930891692638397, 0.999565839767456, 0.4485480785369873, 0.5126245617866516, 0.308121919631958, 0.32969456911087036, 0.3228394091129303, 0.09201419353485107, -0.1291155368089676, 0.11254256963729858, -0.008590219542384148, -0.015980152413249016, 2.0139825344085693, -0.18586699664592743, -0.19132070243358612, -0.12997329235076904, -0.004261305555701256, 1.6058293581008911, -0.3268801271915436, -0.22437648475170135, 0.7045908570289612, -0.3367708623409271, 1.5832546949386597, -0.4300040602684021, -0.21128937602043152, -0.6207922101020813, -0.21208174526691437, -0.4978445768356323, -0.3410292863845825, -0.46058347821235657, -0.5241476893424988, -0.43338412046432495, -0.29847902059555054, 0.5581852197647095, -0.5265666842460632, -0.012253022752702236, -0.3586356043815613, -0.4920674264431, -0.5452563166618347, -0.5945855379104614, -0.6553694605827332, -0.7242545485496521, -0.7791878581047058, -0.8671443462371826, -0.907557487487793, -1.0358936786651611, -1.0872430801391602, -1.1833586692810059, -1.2619941234588623, -1.3293646574020386, -1.1574753522872925, -1.460854411125183, -1.246909737586975, -1.4962828159332275, -1.634986162185669, -1.5786489248275757, -1.7306325435638428, -1.400776982307434, -1.745548963546753, -1.3511011600494385, -1.8389856815338135, -1.6925632953643799, -1.884277582168579, -1.9190342426300049, -1.691917061805725, -1.8764750957489014, -1.998808741569519, -1.9682081937789917, -1.3479167222976685, -1.7269657850265503, -2.0062875747680664, -1.5087714195251465, -1.6991709470748901, -1.479454755783081, -1.9513224363327026, -1.7967405319213867, -1.8060710430145264, -2.0469601154327393, -1.6810234785079956, -2.0337584018707275, -0.6820488572120667, -2.02235746383667, -2.0607399940490723, -0.5724592208862305, -1.9229146242141724, -2.0458059310913086, -2.0423717498779297, -0.7797691822052002, -1.7490063905715942, -2.0254459381103516, -1.0559155941009521, -2.0204670429229736, -2.0218095779418945, -2.092494487762451, -2.1219189167022705, -2.129376173019409, -2.1296885013580322, -2.154891014099121, -2.1501553058624268, -2.132581949234009, -2.133603811264038, -2.1494760513305664, -2.1244068145751953, -2.1724512577056885, -2.1718504428863525, -2.1517250537872314, -2.1444263458251953, -2.1848032474517822, -2.1922695636749268, -2.1888842582702637, -2.196159601211548, -2.191316843032837, -2.2024731636047363, -2.1722943782806396, -2.1948087215423584, -2.2056896686553955, -2.192173719406128, -2.147810459136963, -2.169994592666626, -2.149770736694336, -2.1961140632629395, -2.1525614261627197, -2.078500986099243, -2.2036521434783936, -2.179757833480835, -2.1480424404144287, -2.182893991470337, -2.196944236755371, -2.1995396614074707, -2.1917524337768555, -2.1994264125823975, -2.1954619884490967, -2.198406457901001, -2.195859670639038, -2.202590227127075, -2.1977479457855225, -2.197751998901367, -2.1976981163024902, -2.197094678878784, -2.197603940963745],