{"n_parameters": 40210, "training_time": 1.2507121562957764, "loss": [1.0520119667053223, 0.6177737712860107, 0.5727020502090454, 0.5274481773376465, 0.5161924958229065, 0.4928337335586548, 0.3984363079071045, 0.4282783269882202, 0.2627258896827698, 0.3247894048690796, 0.17061521112918854, 0.037767644971609116, -0.0878646969795227, 0.25024113059043884, -0.11170894652605057, -0.08620935678482056, 0.3528788983821869, -0.11545653641223907, 0.04157545417547226, -0.2576887309551239, -0.38553935289382935, -0.5072721242904663, 1.403417706489563, -0.02497163414955139, -0.13822363317012787, -0.21720366179943085, -0.29181939363479614, -0.3843972086906433, -0.48810213804244995, -0.6106705665588379, -0.7622151374816895, 0.4223726689815521, -0.3852187991142273, -0.590927243232727, -0.6667055487632751, -0.7793912291526794, -0.8840062618255615, 1.121256709098816, 0.5425030589103699, -0.20203493535518646, -0.15336675941944122, -0.44928616285324097, -0.49544385075569153, -0.5675403475761414, -0.47823524475097656, -0.06756756454706192, -0.5234501361846924, -0.5639678835868835, -0.6258718371391296, -0.69608074426651, -0.7114475965499878, -0.7232342958450317, -0.734580934047699, -0.7477655410766602, -0.7603328824043274, -0.7735506892204285, -0.7869216799736023, -0.799488365650177, -0.8137597441673279, -0.827874481678009, -0.842703640460968], "val_loss": [0.7699342370033264, 0.5814107060432434, 0.554739773273468, 0.5453361868858337, 0.5963417291641235, 0.4479157626628876, 0.36399421095848083, 0.3161099851131439, 0.33437755703926086, 0.16656717658042908, 0.0974222719669342, -0.019213151186704636, -0.10586671531200409, -0.10684056580066681, -0.13099712133407593, 0.4221371114253998, -0.1870461255311966, -0.07722587883472443, -0.15660539269447327, -0.26212504506111145, -0.3655918836593628, -0.5378859639167786, 0.03974826633930206, -0.1475030779838562, -0.17940612137317657, -0.23837237060070038, -0.31532689929008484, -0.40870749950408936, -0.5156881213188171, -0.6524705290794373, -0.7966070771217346, 0.1147860512137413, -0.5085088014602661, -0.6312668919563293, -0.7013695240020752, -0.8255135416984558, -0.9376078844070435, 0.5150019526481628, 0.6354419589042664, 0.27091413736343384, -0.36111152172088623, -0.3848618268966675, -0.44741925597190857, -0.2327950894832611, -0.5151411294937134, -0.33197644352912903, -0.4749799370765686, -0.52146315574646, -0.587725043296814, -0.5995992422103882, -0.6074796319007874, -0.6196262240409851, -0.6296472549438477, -0.6420229077339172, -0.651617705821991, -0.6628281474113464, -0.6714038252830505, -0.6850709319114685, -0.6953953504562378, -0.7061700224876404, -0.7177027463912964], "lr": [0.00229797069914639, 0.00229797069914639, 0.00229797069914639, 0.00229797069914639, 0.00229797069914639, 0.00229797069914639, 0.00229797069914639, 0.00229797069914639, 0.00229797069914639, 0.00229797069914639, 0.00229797069914639, 0.00229797069914639, 0.00229797069914639, 0.00229797069914639, 0.00229797069914639, 0.00229797069914639, 0.00229797069914639, 0.00229797069914639, 0.00229797069914639, 0.00229797069914639, 0.00229797069914639, 0.00229797069914639, 0.00229797069914639, 0.00229797069914639, 0.00229797069914639, 0.00229797069914639, 0.00229797069914639, 0.00229797069914639, 0.00229797069914639, 0.00229797069914639, 0.00229797069914639, 0.00229797069914639, 0.00229797069914639, 0.00229797069914639, 0.00229797069914639, 0.00229797069914639, 0.00229797069914639, 0.00229797069914639, 0.00229797069914639, 0.00229797069914639, 0.00229797069914639, 0.00229797069914639, 0.00229797069914639, 0.00229797069914639, 0.00229797069914639, 0.00229797069914639, 0.00229797069914639, 0.00229797069914639, 0.00229797069914639, 0.0002297970640938729, 0.0002297970640938729, 0.0002297970640938729, 0.0002297970640938729, 0.0002297970640938729, 0.0002297970640938729, 0.0002297970640938729, 0.0002297970640938729, 0.0002297970640938729, 0.0002297970640938729, 0.0002297970640938729, 0.0002297970640938729]}