{"n_parameters": 144322, "training_time": 2.400000810623169, "loss": [65.85711669921875, 1.2187707424163818, 1.2654436826705933, 1.5982139110565186, 1.6106432676315308, 1.016065001487732, 0.9076637029647827, 0.8224047422409058, 0.7133387923240662, 0.5601091980934143, 0.36842793226242065, 0.5201305150985718, 0.11832025647163391, 0.23429691791534424, 0.3664171099662781, -0.16885751485824585, 0.03550973907113075, -0.004053887911140919, -0.006108431611210108, -0.05711077153682709, -0.036750901490449905, 0.05773824080824852, 0.05897524952888489, 0.08280893415212631, -0.07257341593503952, -0.24584275484085083, -0.22296340763568878, -0.13068465888500214, -0.20411942899227142, 0.3417702615261078, -0.21706761419773102, -0.19244538247585297, -0.02860255539417267, 0.41024264693260193, -0.3261277377605438, 0.36135101318359375, -0.23046717047691345, -0.07584548741579056, -0.31867167353630066, -0.2873974144458771, -0.01491118036210537, -0.20381203293800354, -0.2543143332004547, -0.1160045713186264, -0.252490371465683, -0.3547866642475128, -0.05006009712815285, -0.1731138676404953, -0.3693445026874542, -0.16935135424137115, -0.23499679565429688, -0.3907065689563751, -0.30752241611480713, -0.5015043616294861, 0.027563894167542458, -0.3639383614063263, -0.2451741248369217, -0.3886757493019104, -0.21280531585216522, -0.3090671896934509, -0.3709234893321991, -0.06031358987092972, -0.25593051314353943, -0.4593106806278229, 0.09516818821430206, -0.4833255410194397, -0.35836732387542725, -0.46175631880760193, 0.19758544862270355, -0.3749946355819702, -0.6332179307937622, -0.3353234827518463, -0.2853238582611084, -0.09258236736059189, -0.400783896446228, -0.3056644797325134, -0.028607148677110672, -0.5034098029136658, -0.3342697024345398, -0.343317449092865, -0.4506222605705261, -0.6480728387832642, -1.1089935302734375, -1.3301318883895874, -1.5549131631851196, -1.6912927627563477, -1.8988786935806274, -1.8845115900039673, -1.9447916746139526, -1.9982942342758179, -2.147099494934082, -1.8439924716949463, -2.0443167686462402, -1.9804260730743408, -2.1828432083129883, -2.1021580696105957, -1.9753772020339966, -2.113734722137451, -2.1235170364379883, -1.897807002067566, -2.2992589473724365, -2.0798912048339844, -2.302957057952881, -1.9380558729171753, -2.0799248218536377, -2.042797803878784, -2.200793504714966, -2.2626149654388428, -2.2293858528137207, -2.212507963180542, -2.165294647216797, -2.317746639251709, -2.079009771347046, -2.1250948905944824, -2.0644266605377197, -2.251887321472168, -2.225905179977417, -2.039363145828247, -2.1306138038635254, -2.263437509536743, -2.298579216003418, -2.1750476360321045, -2.1313424110412598, -2.3670618534088135, -2.244453191757202, -2.0934388637542725, -2.1099536418914795, -2.228790283203125, -2.153512477874756, -2.19083571434021, -2.33443546295166, -2.1205570697784424, -2.594973087310791, -2.6320369243621826, -2.6739017963409424, -2.7099924087524414, -2.7516024112701416, -2.7974748611450195, -2.8351340293884277, -2.8784587383270264, -2.910797595977783, -2.9544694423675537, -2.981349468231201], "val_loss": [0.9489755034446716, 0.8968296647071838, 1.0256520509719849, 0.9129207730293274, 0.8446303606033325, 1.0033339262008667, 1.1432158946990967, 0.4638005197048187, 0.3617296814918518, 0.34182223677635193, 0.09736575186252594, 0.0641217827796936, -0.1430375576019287, 0.06741619110107422, -0.18367688357830048, 0.5513051152229309, 0.16617700457572937, 0.8112934827804565, -0.30335354804992676, -0.5217218995094299, -0.30059197545051575, -0.4318520128726959, -0.5234265327453613, -0.5075156688690186, -0.005878490395843983, -0.23612897098064423, -0.5293592810630798, 1.8828938007354736, -0.6083249449729919, -0.5428473353385925, -0.652907133102417, -0.41844168305397034, 2.1723759174346924, -0.6874407529830933, -0.2905750572681427, -0.47530439496040344, -0.6770350933074951, -0.6933913230895996, 0.9736867547035217, -0.37685126066207886, -0.357269287109375, -0.484059602022171, -0.649112343788147, -0.6011204719543457, -0.3248760998249054, -0.8643141388893127, -0.24938708543777466, -0.5453320741653442, -0.4358143210411072, -0.4039355516433716, -0.6745587587356567, -0.8345907330513, -0.2036374807357788, 4.914533615112305, -0.8686994910240173, -0.15030761063098907, -0.6501219868659973, -0.14104366302490234, -0.6394026875495911, -0.6374963521957397, -0.5546454191207886, -0.5561622381210327, -0.563524603843689, -0.7135841250419617, -0.7242735624313354, -0.8416605591773987, -0.310352623462677, -0.9085675477981567, -0.658985435962677, -0.45260483026504517, -0.896751344203949, -0.7779314517974854, -0.35167455673217773, -0.5722478628158569, -0.7147637605667114, -0.7415072917938232, -0.6640546321868896, -0.809671938419342, 2.2970430850982666, -0.6477240324020386, -0.017111634835600853, -0.9988294243812561, -1.2123088836669922, -1.4667772054672241, -1.6391651630401611, -1.691184639930725, -1.876381516456604, -1.9462335109710693, -1.4105138778686523, -0.6990287899971008, -1.3701086044311523, -1.7016865015029907, -1.9730302095413208, -1.030729055404663, -1.8143173456192017, -1.5228780508041382, -1.8900079727172852, -1.9008790254592896, -1.877270221710205, -2.03064227104187, -2.0265562534332275, -1.8210508823394775, -1.8024014234542847, -1.5037068128585815, -1.9576561450958252, -2.00956130027771, -1.715630054473877, 0.4529593288898468, -1.791286826133728, -0.09441115707159042, -1.7886875867843628, -2.0374703407287598, -1.2855907678604126, -1.0815168619155884, -2.085200548171997, -2.0537195205688477, -1.33512544631958, -2.082768440246582, -2.1007189750671387, -1.928912878036499, -0.42007142305374146, -1.9308266639709473, -1.872786045074463, -1.1597715616226196, -1.8735193014144897, -1.606322169303894, -1.641430139541626, -1.9691083431243896, -2.0152344703674316, -2.0167317390441895, -1.8111516237258911, -2.049556255340576, -2.0778186321258545, -2.0772080421447754, -2.079612970352173, -2.0483498573303223, -2.048598527908325, -2.036647319793701, -2.0078284740448, -1.9891328811645508, -1.9313933849334717, -1.8994990587234497, -1.822784423828125],