{"n_parameters": 305954, "training_time": 2.6838650703430176, "loss": [53.057918548583984, 2.1315131187438965, 1.9135955572128296, 2.1832833290100098, 3.402498960494995, 1.356374740600586, 1.3499670028686523, 0.9754546284675598, 0.7515235543251038, 0.725139319896698, 0.4435999393463135, 0.5231001973152161, 0.3848230838775635, 0.5496569871902466, 0.3008769154548645, 0.33851855993270874, 0.14277297258377075, 0.30929985642433167, 0.12190476059913635, 0.22618822753429413, 0.8698626160621643, 1.0611382722854614, -0.1394137144088745, -0.10544891655445099, 0.9280331134796143, 0.12947610020637512, 0.21699073910713196, 0.035374369472265244, 0.09867463260889053, 4.389549732208252, -0.0842047780752182, -0.05904896929860115, 0.3701709508895874, 9.331246376037598, -0.08782351762056351, -0.039966896176338196, -0.16230075061321259, -0.20458205044269562, 1.95552659034729, 0.022507378831505775, -0.10013365000486374, -0.017354117706418037, 0.10462097078561783, 5.425748825073242, -0.24605470895767212, 0.604213535785675, -0.18726681172847748, -0.02269560657441616, -0.19936032593250275, -0.37311291694641113, -0.6482780575752258, -0.9399129152297974, -1.2026289701461792, -1.2046244144439697, -1.3525071144104004, -1.4029220342636108, -1.5890194177627563, -1.1425154209136963, -1.5922552347183228, -1.5798369646072388, -1.4914519786834717, -1.5339105129241943, -1.5046950578689575, -1.4408090114593506, -1.703119158744812, -1.6407239437103271, -1.6510474681854248, -1.3403247594833374, -1.5682860612869263, -1.707397222518921, -1.5422829389572144, -1.645525336265564, -1.7526049613952637, -1.544312834739685, -1.5889118909835815, -1.4770177602767944, -1.7074202299118042, -1.5605961084365845, -1.646521806716919, -1.757178783416748, -1.4707788228988647, -1.7434604167938232, -1.5564908981323242, -1.6008734703063965, -1.7672628164291382, -1.6042683124542236, -1.8158632516860962, -1.678696870803833, -1.593259334564209, -2.17573618888855, -2.256999969482422, -2.337651252746582, -2.42676043510437, -2.4732649326324463, -2.560760021209717, -2.624757766723633, -2.676784038543701, -2.727452516555786, -2.7857887744903564, -2.841257333755493, -2.8636441230773926, -2.9268798828125, -2.9235494136810303, -2.984680652618408, -2.934954881668091, -3.0695040225982666, -3.077453374862671, -3.0868639945983887, -3.0888657569885254, -3.0994317531585693, -3.1093993186950684, -3.1096105575561523, -3.1158447265625, -3.124197483062744, -3.1283507347106934], "val_loss": [1.7349518537521362, 1.4212818145751953, 1.4307247400283813, 3.199315309524536, 1.1618223190307617, 0.9034416079521179, 1.9044195413589478, 0.6733846068382263, 0.6270682215690613, 0.5767266154289246, 1.539947748184204, 0.2744843065738678, 0.15642590820789337, 0.06660862267017365, 0.1741110384464264, 0.04210744425654411, 2.385118246078491, -0.05856170132756233, 0.12064576894044876, 0.23096349835395813, 0.19102002680301666, 0.08144485205411911, 0.822309672832489, -0.06135004013776779, 1.0593771934509277, -0.1656591296195984, -0.05257783085107803, 1.4568113088607788, 0.3324851989746094, 0.10108312964439392, -0.24029728770256042, 1.7620443105697632, -0.28141269087791443, 0.48749977350234985, -0.564894437789917, 0.0753403753042221, -0.4401358962059021, 0.5419100522994995, 0.6051399111747742, -0.09494254738092422, -0.354539155960083, -0.21962951123714447, -0.17027625441551208, -0.1814846396446228, -0.3347606360912323, -0.12296384572982788, -0.29760876297950745, -0.12382316589355469, -0.25406187772750854, -0.45967555046081543, -0.7387789487838745, -1.0047909021377563, -0.9269371032714844, -0.6049053072929382, -1.442921757698059, -1.4659833908081055, 0.8028745651245117, -1.3114511966705322, -1.5657362937927246, -0.2727276682853699, -0.813184380531311, -1.577148675918579, -1.4856531620025635, -1.4700927734375, -1.4318883419036865, -1.562779426574707, -1.6909749507904053, -1.4223566055297852, -1.57974112033844, -1.5000978708267212, -1.5894519090652466, -1.6872613430023193, -0.98895263671875, -1.3572438955307007, -1.6950056552886963, -1.62208092212677, -1.6485203504562378, -1.643578290939331, -1.591497778892517, -0.7486186027526855, -1.5141223669052124, -0.48290979862213135, -1.607235312461853, -1.5497840642929077, -1.1108866930007935, -1.0436358451843262, -1.4260334968566895, 1.0473356246948242, -1.7800848484039307, -1.8114392757415771, -1.8182954788208008, -1.8160898685455322, -1.5077669620513916, -1.6895397901535034, -1.6512138843536377, -1.6316723823547363, -1.5174884796142578, -1.3864259719848633, -1.370177984237671, -1.2555643320083618, -1.1188805103302002, -0.900093674659729, -0.8057577610015869, 0.13201381266117096, -0.5800813436508179, -0.5784468650817871, -0.5624182820320129, -0.5703234672546387, -0.5238825678825378, -0.5033180117607117, -0.5175284147262573, -0.4098038375377655, -0.4125165641307831, -0.3986462652683258, -0.36802002787590027], "lr": [0.003331151558086276, 0.003331151558086276, 0.003331151558086276, 0.003331151558086276, 0.003331151558086276, 0.003331151558086276, 0.003331151558086276, 0.003331151558086276, 0.003331151558086276, 0.003331151558086276, 0.003331151558086276, 0.003331151558086276, 0.003331151558086276, 0.003331151558086276, 0.003331151558086276, 0.003331151558086276, 0.003331151558086276, 0.003331151558086276, 0.003331151558086276, 0.003331151558086276, 0.003331151558086276, 0.003331151558086276, 0.003331151558086276, 0.003331151558086276, 0.003331151558086276, 0.003331151558086276, 0.003331151558086276, 0.003331151558086276, 0.003331151558086276, 0.003331151558086276, 0.003331151558086276, 0.003331151558086276, 0.003331151558086276, 0.003331151558086276, 0.003331151558086276, 0.003331151558086276, 0.003331151558086276, 0.003331151558086276, 0.003331151558086276, 0.003331151558086276, 0.003331151558086276, 0.003331151558086276, 0.003331151558086276, 0.003331151558086276, 0.003331151558086276, 0.003331151558086276, 0.003331151558086276, 0.003331151558086276, 0.0003331151674501598, 0.0003331151674501598, 0.0003331151674501598, 0.0003331151674501598, 0.0003331151674501598, 0.0003331151674501598, 0.0003331151674501598, 0.0003331151674501598, 0.0003331151674501598, 0.0003331151674501598, 0.0003331151674501598, 0.0003331151674501598, 0.0003331151674501598, 0.0003331151674501598, 0.0003331151674501598, 0.0003331151674501598, 0.0003331151674501598, 0.0003331151674501598, 0.0003331151674501598, 0.0003331151674501598, 0.0003331151674501598, 0.0003331151674501598, 0.0003331151674501598, 0.0003331151674501598, 0.0003331151674501598, 0.0003331151674501598, 0.0003331151674501598, 0.0003331151674501598, 0.0003331151674501598, 0.0003331151674501598, 0.0003331151674501598, 0.0003331151674501598, 0.0003331151674501598, 0.0003331151674501598, 0.0003331151674501598, 0.0003331151674501598, 0.0003331151674501598, 0.0003331151674501598, 0.0003331151674501598, 0.0003331151674501598, 3.331151674501598e-05, 3.331151674501598e-05, 3.331151674501598e-05, 3.331151674501598e-05, 3.331151674501598e-05, 3.331151674501598e-05, 3.331151674501598e-05, 3.331151674501598e-05, 3.331151674501598e-05, 3.331151674501598e-05, 3.331151674501598e-05, 3.331151674501598e-05, 3.331151674501598e-05, 3.331151674501598e-05, 3.331151674501598e-05, 3.331151674501598e-05, 3.331151674501598e-06, 3.331151674501598e-06, 3.331151674501598e-06, 3.331151674501598e-06, 3.331151674501598e-06, 3.331151674501598e-06, 3.331151674501598e-06, 3.331151674501598e-06, 3.331151674501598e-06, 3.331151674501598e-06, 3.331151674501598e-06]}