{"n_parameters": 185842, "training_time": 2.511566162109375, "loss": [55.92450714111328, 7.918478012084961, 7.172294616699219, 5.807740211486816, 5.194596767425537, 4.204080581665039, 3.3130788803100586, 1.7371222972869873, 2.4297635555267334, 1.476126790046692, 0.7404155135154724, 1.0501843690872192, 0.6493660807609558, 0.5128798484802246, 0.5629156231880188, 0.5706623792648315, 0.4300997257232666, 0.544432520866394, 0.2845493257045746, 0.5564339756965637, 0.48400449752807617, 0.6850636005401611, 0.1131785437464714, 0.12717843055725098, 0.30562731623649597, 0.2500036358833313, 0.360839307308197, 0.28353244066238403, 0.07234261184930801, 0.11018728464841843, 0.3657623827457428, -0.03096006065607071, 0.4207979440689087, 0.06199507787823677, 0.15881606936454773, 0.029982732608914375, 0.19585421681404114, -0.1570839285850525, 0.07975899428129196, -0.18117791414260864, 0.44765961170196533, 0.39504265785217285, 0.0457313172519207, -0.22387191653251648, -0.19680383801460266, 1.1300891637802124, 0.8849478960037231, -0.2306937724351883, -0.39665016531944275, -0.013277594931423664, 0.2902124226093292, 0.07270923256874084, -0.28360459208488464, 0.00853850319981575, 0.41569453477859497, -0.0003457069396972656, -0.14853745698928833, 0.008680460974574089, -0.3384668529033661, 0.33961939811706543, -0.1169293224811554, -0.07176752388477325, -0.15177017450332642, -0.13161984086036682, 0.021987875923514366, 0.055238306522369385, -0.0721164122223854, -0.2225966900587082, 0.029059788212180138, -0.21109400689601898, -0.04298340529203415, 0.09125352650880814, -0.11658170074224472, -0.14113374054431915, -0.11740604043006897, -0.15302234888076782, 0.39497441053390503, -0.24223415553569794, -0.6313523650169373, -0.7716371417045593, -0.8872082233428955, -0.9931607246398926, -1.1198132038116455, -1.2082726955413818, -1.262761116027832, -1.384663701057434, -1.3099963665008545, -1.5252526998519897, -1.2338230609893799, -1.60689115524292, -1.6332529783248901, -1.4629155397415161, -1.6797846555709839, -1.4703301191329956, -1.6182482242584229, -1.705398678779602, -1.6235867738723755, -1.4809659719467163, -1.6530183553695679, -1.8211522102355957, -1.6514177322387695, -1.5718293190002441, -1.9042341709136963, -1.5745539665222168, -1.7202842235565186, -1.7056708335876465, -1.714226245880127, -1.473339557647705, -1.725237488746643, -1.8504561185836792, -1.8170102834701538, -1.8208835124969482, -1.5614936351776123, -1.7295371294021606, -1.7148125171661377, -1.6137996912002563, -1.993739366531372, -1.2565951347351074, -1.9859775304794312, -1.699434757232666, -1.7543941736221313, -1.9809249639511108, -1.45914626121521, -1.7142062187194824, -1.8650503158569336, -1.6406153440475464, -1.650684118270874, -2.108520030975342, -1.4205800294876099, -1.8545085191726685, -1.8593188524246216, -1.3300774097442627, -1.960780382156372, -1.9332609176635742, -1.3246839046478271, -1.8468996286392212, -2.068060874938965, -1.3815678358078003, -2.101234197616577, -2.1241657733917236, -2.1331980228424072, -2.1425886154174805, -2.15527606010437, -2.1672658920288086, -2.173062801361084, -2.1923108100891113, -2.2092998027801514, -2.2080512046813965, -2.223672866821289, -2.245046377182007, -2.241966485977173, -2.257591724395752, -2.2726407051086426, -2.282735586166382, -2.2890915870666504, -2.3032593727111816, -2.304121732711792, -2.3221981525421143, -2.329638957977295, -2.327704429626465, -2.329106092453003, -2.3494811058044434, -2.3538014888763428, -2.3822455406188965, -2.356400966644287, -2.3926055431365967, -2.384251832962036, -2.4013073444366455, -2.4019687175750732, -2.4120144844055176, -2.4153664112091064, -2.421334743499756, -2.430654287338257, -2.4300153255462646, -2.4542043209075928, -2.443147659301758, -2.45727276802063, -2.473098039627075, -2.4650607109069824, -2.4660394191741943, -2.4815828800201416, -2.4703030586242676, -2.491847276687622, -2.480759382247925, -2.485823631286621, -2.4935717582702637, -2.470348596572876, -2.509302854537964, -2.5229341983795166, -2.5043387413024902, -2.518800735473633, -2.5064303874969482, -2.5310819149017334, -2.5269627571105957, -2.525552749633789, -2.5452635288238525, -2.5490176677703857, -2.518650770187378, -2.5671255588531494, -2.574857473373413],