{"n_parameters": 83634, "training_time": 1.6954050064086914, "loss": [8.488619804382324, 0.7037025094032288, 0.6069571375846863, 0.9912420511245728, 0.595199704170227, 0.8220006227493286, 0.551211416721344, 0.5760250687599182, 0.4667971730232239, 0.8955917954444885, 0.3575380742549896, 0.6878715753555298, 0.06558501720428467, 0.31892767548561096, 0.2890840172767639, -0.21782860159873962, 0.5467665195465088, 0.022438040003180504, -0.11874491721391678, 0.2903526723384857, -0.14649704098701477, 0.8308586478233337, 0.12418641149997711, 0.15713189542293549, -0.042547035962343216, -0.10071248561143875, -0.1875634789466858, 0.11576826870441437, -0.34071141481399536, 0.7006301879882812, -0.48621976375579834, -0.6676873564720154, -0.807302713394165, -0.8982704281806946, -1.0005377531051636, -1.078818440437317, -1.2142293453216553, -1.0927878618240356, -1.3683854341506958, -1.232918381690979, -1.293564796447754, -1.3205772638320923, -1.2061823606491089, -1.5420701503753662, -1.2364383935928345, -1.5580776929855347, -1.3514478206634521, -1.529239535331726, -1.4050724506378174, -1.7047185897827148, -1.4791982173919678, -1.4628595113754272, -1.637136697769165, -1.543658971786499, -1.455676555633545, -1.4719080924987793, -1.6232255697250366, -1.3058478832244873, -1.7289491891860962, -1.4589121341705322, -1.5238691568374634, -1.4735411405563354, -1.6794140338897705, -1.4266120195388794, -1.90788733959198, -1.0492901802062988, -1.7230416536331177, -1.5173313617706299, -1.8200160264968872, -1.3296945095062256, -1.7606555223464966, -1.6482031345367432, -1.2271857261657715, -1.8520963191986084, -1.4969524145126343, -1.5805226564407349, -1.3434032201766968, -1.7673203945159912, -1.6451505422592163, -1.9809082746505737, -1.158541202545166, -1.6368016004562378, -1.9316679239273071, -2.005415201187134, -2.036972761154175, -2.058438301086426, -2.084376573562622, -2.107942581176758, -2.1179280281066895, -2.1422622203826904, -2.166672706604004, -2.1858699321746826, -2.205838441848755, -2.233393907546997, -2.2442305088043213, -2.2586848735809326, -2.27734637260437, -2.2867562770843506, -2.3172214031219482, -2.3344480991363525, -2.3553450107574463, -2.316608190536499, -2.3843820095062256, -2.380941867828369, -2.402369737625122, -2.412895917892456, -2.4368374347686768, -2.430171012878418, -2.449139356613159, -2.438211679458618, -2.48734450340271, -2.509730100631714, -2.483726978302002, -2.5174288749694824, -2.5455832481384277, -2.540792465209961, -2.5395164489746094, -2.5787172317504883, -2.56886625289917, -2.596883535385132, -2.599024772644043, -2.6069726943969727, -2.596369981765747, -2.610079050064087, -2.6561057567596436, -2.6501007080078125, -2.679309606552124, -2.6540615558624268, -2.6838815212249756, -2.6559195518493652, -2.6991629600524902, -2.734158754348755, -2.700040817260742, -2.7027878761291504, -2.7324161529541016, -2.684924840927124, -2.7546000480651855, -2.7280068397521973, -2.787022352218628, -2.803790807723999, -2.80694580078125, -2.8093509674072266, -2.8126678466796875, -2.8111908435821533, -2.814422607421875, -2.816528797149658, -2.816987991333008, -2.8186686038970947, -2.82084584236145, -2.8214120864868164, -2.82257342338562, -2.823739528656006, -2.8242642879486084, -2.824319362640381, -2.8248445987701416, -2.8249614238739014], "val_loss": [0.6853500604629517, 0.6405973434448242, 0.6351284980773926, 0.6127509474754333, 0.562348484992981, 0.5840734839439392, 0.5727483630180359, 0.4999653697013855, 2.0600380897521973, 0.44488000869750977, 0.29168835282325745, 0.20110338926315308, 0.06232365593314171, -0.1106034442782402, -0.0544864796102047, 5.588453769683838, -0.2059127539396286, -0.16373568773269653, -0.30508750677108765, -0.03273886814713478, 5.768824577331543, -0.2308036983013153, 1.2783597707748413, -0.1241627112030983, -0.21830430626869202, -0.042140305042266846, 0.7293704748153687, 0.10686992108821869, 3.1330435276031494, -0.4349084794521332, -0.5936282277107239, -0.7519098520278931, -0.7697484493255615, -0.9223828911781311, -1.0896161794662476, -1.1908204555511475, -1.2953442335128784, -1.2186036109924316, -1.4312090873718262, -1.459999918937683, -1.3507362604141235, -1.5399113893508911, -1.4704543352127075, -1.250912070274353, -1.2605618238449097, -1.638364315032959, -1.3258116245269775, -1.6687005758285522, -1.546901822090149, -1.606852412223816, -0.13015766441822052, -1.7559397220611572, -0.5175483822822571, -1.7655482292175293, -1.5221073627471924, -1.5077170133590698, -1.6404402256011963, -1.5758066177368164, -0.9936651587486267, -1.5104869604110718, -1.6516320705413818, -1.0864089727401733, -1.8234081268310547, -1.8194661140441895, -1.8921821117401123, -1.6911609172821045, -1.6795456409454346, -1.6695168018341064, -0.03584624081850052, -1.7501587867736816, -0.5700297355651855, -1.913167119026184, -1.837768793106079, -1.7212376594543457, -1.2873111963272095, -1.7970114946365356, -1.7355061769485474, -1.7932642698287964, -1.7138643264770508, -0.7032316327095032, -1.8976942300796509, -1.788456678390503, -1.9006524085998535, -1.9359803199768066, -1.9491149187088013, -1.9670109748840332, -1.9885503053665161, -1.986541509628296, -2.0221517086029053, -2.0332281589508057, -2.0601627826690674, -2.058877468109131, -2.081533908843994, -2.0991573333740234, -2.0965583324432373, -2.1028952598571777, -2.127688407897949, -2.1332433223724365, -2.131070852279663, -2.1627213954925537, -2.109062433242798, -2.1638286113739014, -2.0396995544433594, -2.2044522762298584, -2.219878673553467, -2.2095816135406494, -2.177983522415161, -2.2137227058410645, -2.194898843765259, -2.1969685554504395, -2.2346510887145996, -2.2326109409332275, -2.169018030166626, -2.2607216835021973, -2.172058343887329, -2.2364585399627686, -2.219573497772217, -2.1832122802734375, -2.2521660327911377, -2.275665760040283, -2.0109872817993164, -2.218197822570801, -2.2893123626708984, -2.2721445560455322, -2.2236599922180176, -2.2323529720306396, -2.252774238586426, -2.265366792678833, -2.299036979675293, -2.2632060050964355, -2.107353925704956, -2.2365307807922363, -1.8415621519088745, -2.2978436946868896, -1.7844029664993286, -2.2349870204925537, -2.2802138328552246, -2.2868573665618896, -2.2635276317596436, -2.275935173034668, -2.2835206985473633, -2.2736284732818604, -2.281691789627075, -2.2564189434051514, -2.2848868370056152, -2.286996364593506, -2.2853081226348877, -2.259305715560913, -2.2871787548065186, -2.2849745750427246, -2.2817940711975098, -2.2797811031341553, -2.277714490890503, -2.27726149559021, -2.2761566638946533, -2.2748305797576904],