{"n_parameters": 25330, "training_time": 1.875762939453125, "loss": [1.369330644607544, 0.5505331158638, 0.5161094069480896, 0.5414143800735474, 0.47256386280059814, 0.4913012683391571, 0.3926045298576355, 0.4941709637641907, 0.34598109126091003, 0.35629919171333313, 0.3984196186065674, 0.28774672746658325, 0.27757805585861206, 0.24713853001594543, 0.25996747612953186, 0.17103421688079834, 0.22972695529460907, 0.054641906172037125, 0.20194430649280548, -0.06086123362183571, 0.22969920933246613, -0.1260029375553131, 0.19261310994625092, -0.001033097505569458, -0.13576599955558777, 0.16933433711528778, -0.1379319727420807, -0.0674636960029602, -0.11211942136287689, 0.13461968302726746, -0.31113359332084656, 0.12794806063175201, -0.34226343035697937, 0.11425602436065674, -0.40223658084869385, 0.15110017359256744, -0.35390350222587585, 0.1451949179172516, -0.2698860764503479, -0.4409237504005432, 0.15360529720783234, -0.4438911974430084, -0.06517263501882553, -0.07421649247407913, -0.40303704142570496, 0.0006355747464112937, -0.1848437637090683, -0.40904274582862854, 0.054133061319589615, -0.44084009528160095, -0.19249989092350006, -0.018875405192375183, -0.43165460228919983, -0.18435904383659363, -0.46488484740257263, -0.020171459764242172, -0.4961961507797241, -0.19700047373771667, -0.38292938470840454, -0.0013087288243696094, -0.3272513449192047, -0.5469948649406433, -0.09984509646892548, -0.45197954773902893, -0.3115265369415283, -0.1320084184408188, -0.5968160629272461, -0.06536421924829483, -0.6444858312606812, -0.1548508256673813, -0.48981615900993347, -0.2117011696100235, -0.4436720311641693, -0.2207106500864029, -0.7347423434257507, -0.08304940909147263, -0.6270712614059448, 0.568244993686676, -0.5096619725227356, -0.7395138144493103, -0.8054529428482056, -0.8408349752426147, -0.8622967600822449, -0.8949689865112305, -0.9194222092628479, -0.9402848482131958, -0.9674814939498901, -0.9931723475456238, -1.0111805200576782, -1.042487621307373, -1.0620261430740356, -1.0878491401672363, -1.0974494218826294, -1.1301161050796509, -1.1419273614883423, -1.1637572050094604, -1.1915709972381592, -1.1960768699645996, -1.2300612926483154, -1.243494987487793, -1.2552474737167358, -1.2813085317611694, -1.2844765186309814, -1.3114495277404785, -1.318803071975708, -1.3396389484405518, -1.3661561012268066, -1.360117793083191, -1.3888312578201294, -1.4139111042022705, -1.3924850225448608, -1.424351453781128, -1.4303823709487915, -1.458478569984436, -1.4630093574523926, -1.4900445938110352, -1.5123320817947388, -1.5092917680740356, -1.5201258659362793, -1.5456303358078003, -1.5577495098114014, -1.542768120765686, -1.5894317626953125, -1.5859228372573853, -1.585854172706604, -1.5696282386779785, -1.6442950963974, -1.6433855295181274, -1.5983304977416992, -1.678118109703064, -1.6713734865188599, -1.6463617086410522, -1.6792247295379639, -1.713524341583252, -1.707627534866333, -1.706387996673584, -1.7514389753341675, -1.6840503215789795, -1.7782515287399292, -1.7526288032531738, -1.7602589130401611, -1.786340594291687, -1.752502202987671, -1.8473873138427734, -1.7804445028305054, -1.7903058528900146, -1.877699375152588, -1.800351619720459, -1.8301600217819214, -1.840090036392212, -1.8089426755905151, -1.9312162399291992, -1.940310001373291, -1.943293809890747, -1.9480156898498535, -1.9490199089050293, -1.9509154558181763, -1.9535062313079834, -1.95524263381958, -1.9572709798812866, -1.961889386177063, -1.9624167680740356, -1.9651923179626465, -1.968192219734192, -1.9700300693511963, -1.9731758832931519, -1.9751431941986084, -1.9767085313796997, -1.978454828262329, -1.9817692041397095, -1.982810616493225, -1.9832305908203125, -1.9834805727005005, -1.9839102029800415, -1.9839906692504883, -1.9842822551727295, -1.984320044517517, -1.9847259521484375, -1.9849590063095093, -1.9854077100753784, -1.9854322671890259, -1.9854638576507568, -1.9855018854141235], "val_loss": [0.5815979838371277, 0.5121999382972717, 0.5795416235923767, 0.4866284430027008, 0.5134365558624268, 0.44347304105758667, 0.4138409495353699, 0.40145018696784973, 0.3414095342159271, 0.4151972830295563, 0.27988412976264954, 0.24832867085933685, 0.25944283604621887, 0.18829314410686493, 0.1306518018245697, 0.18496689200401306, 0.06988336890935898, 0.23603278398513794, 0.007882283069193363, 0.3780643939971924, -0.054122183471918106, 0.3521042764186859, 0.2755877673625946, -0.057377953082323074, -0.05689186975359917, -0.20886094868183136, -0.11611943691968918, -0.08420651406049728, -0.19591757655143738, -0.21808186173439026, -0.32229697704315186, -0.2379622906446457, -0.3236241936683655, -0.2934149205684662, -0.42633068561553955, -0.01531668845564127, -0.3197970390319824, -0.1648649424314499, -0.2789643406867981, 0.9467596411705017, -0.43577274680137634, 2.1254031658172607, -0.37693917751312256, -0.04512753337621689, -0.27855944633483887, -0.5271576642990112, 0.6059838533401489, 0.4310437738895416, -0.41623932123184204, 0.40742939710617065, -0.4752878248691559, -0.519464373588562, 0.2128528356552124, -0.5471809506416321, 1.1435046195983887, 0.11325225234031677, -0.4688301384449005, -0.1656372845172882, -0.4717753231525421, -0.6195775270462036, 0.0006658709025941789, -0.4809591472148895, -0.5215705037117004, 0.16252216696739197, -0.680619478225708, -0.54179847240448, -0.6971624493598938, -0.558766782283783, 0.0017548685427755117, 0.4867900609970093, -0.5589194297790527, -0.006178101059049368, -0.5501469373703003, -0.672597348690033, 0.3960551917552948, -0.2936728596687317, 1.832074522972107, -0.299224317073822, -0.6805985569953918, -0.7532848119735718, -0.7765978574752808, -0.787781834602356, -0.8247801661491394, -0.8480880260467529, -0.8679121136665344, -0.8898690938949585, -0.9090960025787354, -0.9213107824325562, -0.9552472829818726, -0.9581348299980164, -0.9954185485839844, -0.9686660766601562, -1.027448058128357, -0.9902288913726807, -1.0580501556396484, -1.079737663269043, -1.1011402606964111, -1.1134060621261597, -1.102035403251648, -1.1232467889785767, -1.1364805698394775, -1.1369901895523071, -1.157036542892456, -1.1816126108169556, -1.1955513954162598, -1.1787261962890625, -1.177972674369812, -1.1453948020935059, -1.229925274848938, -1.2079133987426758, -1.2578362226486206, -1.2702385187149048, -1.2585920095443726, -1.21464204788208, -1.3057334423065186, -1.3096333742141724, -1.25408935546875, -1.3173211812973022, -1.1859097480773926, -1.2475074529647827, -1.3510202169418335, -1.3330109119415283, -1.3439518213272095, -1.2480206489562988, -1.357702612876892, -1.3599984645843506, -1.3612416982650757, -1.3791627883911133, -1.1801508665084839, -1.3295665979385376, -1.3997595310211182, -1.3736759424209595, -1.3618741035461426, -1.391093134880066, -1.2380945682525635, -1.4022380113601685, -1.387439489364624, -1.4067867994308472, -1.3698967695236206, -1.4063109159469604, -1.4341919422149658, -1.376267910003662, -1.4327969551086426, -1.2525014877319336, -1.4178777933120728, -1.4333629608154297, -1.262297511100769, -1.2360554933547974, -1.3535557985305786, -1.426751971244812, -1.4090830087661743, -1.4368736743927002, -1.4403386116027832, -1.441130518913269, -1.437747597694397, -1.4424811601638794, -1.445561170578003, -1.444675326347351, -1.446848750114441, -1.4451358318328857, -1.4447968006134033, -1.442487120628357, -1.4418779611587524, -1.4456638097763062, -1.444905400276184, -1.4429118633270264, -1.4399583339691162, -1.438452124595642, -1.4411859512329102, -1.4408842325210571, -1.4405198097229004, -1.4404079914093018, -1.4394432306289673, -1.4396251440048218, -1.4397045373916626, -1.4395480155944824, -1.4395065307617188, -1.4394179582595825, -1.4383900165557861, -1.438392162322998, -1.438388705253601, -1.4384230375289917, -1.4384900331497192],