{"n_parameters": 42274, "training_time": 1.1894960403442383, "loss": [5.316590785980225, 0.9810874462127686, 1.303824543952942, 1.089967966079712, 1.2903324365615845, 0.7915069460868835, 1.1058640480041504, 0.6303861737251282, 0.7523891925811768, 0.6182929277420044, 0.5279648900032043, 0.45574864745140076, 0.369985967874527, 0.12191120535135269, -0.024716099724173546, 0.03736790269613266, -0.02590324357151985, 0.11793036013841629, -0.329460084438324, -0.30464255809783936, -0.07227177917957306, -0.4570528566837311, -0.02789628691971302, -0.2642255127429962, -0.39406031370162964, -0.3265526294708252, -0.4174831807613373, -0.24074509739875793, -0.4086783528327942, -0.5358561277389526, -0.3723350465297699, -0.22541838884353638, -0.3818066120147705, -0.5240693688392639, -0.26387491822242737, -0.08995745331048965, -0.3537061810493469, -0.8478271961212158, -0.26847603917121887, -0.5910585522651672, -0.22523319721221924, -0.9550538063049316, -1.1761934757232666, -1.3611372709274292, -1.549765706062317, -1.6535875797271729, -1.7619303464889526, -1.8245166540145874, -1.8814871311187744, -1.8842943906784058, -1.9734727144241333, -1.9730578660964966, -2.0157864093780518, -2.057593584060669, -2.0838119983673096, -2.1358883380889893, -2.2087302207946777, -2.027620315551758, -2.0665435791015625, -2.152656078338623, -2.006667375564575, -2.2598612308502197, -2.2456483840942383, -2.058303117752075, -2.2346858978271484, -2.495304822921753, -2.5102338790893555, -2.525421380996704, -2.5401394367218018, -2.555730104446411, -2.570671319961548, -2.5794992446899414, -2.592785596847534, -2.6060986518859863, -2.6264612674713135, -2.6337087154388428, -2.6503145694732666, -2.651108503341675, -2.6438069343566895, -2.6748714447021484, -2.6812872886657715, -2.6827762126922607, -2.6849613189697266, -2.684791088104248, -2.6865196228027344, -2.6879844665527344, -2.6900408267974854, -2.6914350986480713, -2.693499803543091, -2.6937050819396973, -2.6938698291778564, -2.693916082382202], "val_loss": [0.82082599401474, 0.7183822989463806, 0.7416605949401855, 0.6975064873695374, 0.7440341711044312, 1.3652267456054688, 0.6169609427452087, 0.5889895558357239, 0.59136962890625, 0.8777559399604797, 0.6563737988471985, 0.2344226986169815, 0.3315284848213196, -0.05746600404381752, -0.23057661950588226, 1.4524767398834229, -0.35307568311691284, -0.20624665915966034, -0.35026711225509644, 0.02999880164861679, -0.16575883328914642, -0.15967592597007751, -0.715721845626831, 0.7243009805679321, -0.6136537790298462, -0.5247057676315308, -0.6874821782112122, 0.7653893828392029, -0.5773119926452637, -0.9585942029953003, 0.08764869719743729, -0.7880887389183044, -0.5711690187454224, -0.7448510527610779, -0.4419463872909546, -0.672584593296051, -0.654685914516449, 0.46488675475120544, -0.6676090955734253, 0.913216769695282, -0.7431908249855042, -1.03468918800354, -1.2343649864196777, -1.4006868600845337, -1.3996455669403076, -1.6598942279815674, -1.4593610763549805, -1.1867791414260864, -1.5528382062911987, -1.6352434158325195, -1.6105023622512817, -1.8695274591445923, -1.6175953149795532, -1.4884653091430664, -1.915912389755249, -0.7847601771354675, -1.7989064455032349, -1.4289041757583618, -1.1447018384933472, -1.9121267795562744, -1.9112544059753418, -1.8554058074951172, -1.894977331161499, -1.9041094779968262, -1.864230751991272, -1.8851786851882935, -1.9109530448913574, -1.919238805770874, -1.915122151374817, -1.8915427923202515, -1.9122891426086426, -1.8874061107635498, -1.9069503545761108, -1.8744539022445679, -1.8637210130691528, -1.907339096069336, -1.8899511098861694, -1.8418258428573608, -1.8794809579849243, -1.8802448511123657, -1.876940369606018, -1.8760924339294434, -1.8768949508666992, -1.875040888786316, -1.8743232488632202, -1.8738001585006714, -1.870847225189209, -1.8685859441757202, -1.8687635660171509, -1.8690191507339478, -1.8690965175628662, -1.8691833019256592], "lr": [0.002830847864970565, 0.002830847864970565, 0.002830847864970565, 0.002830847864970565, 0.002830847864970565, 0.002830847864970565, 0.002830847864970565, 0.002830847864970565, 0.002830847864970565, 0.002830847864970565, 0.002830847864970565, 0.002830847864970565, 0.002830847864970565, 0.002830847864970565, 0.002830847864970565, 0.002830847864970565, 0.002830847864970565, 0.002830847864970565, 0.002830847864970565, 0.002830847864970565, 0.002830847864970565, 0.002830847864970565, 0.002830847864970565, 0.002830847864970565, 0.002830847864970565, 0.002830847864970565, 0.002830847864970565, 0.002830847864970565, 0.002830847864970565, 0.002830847864970565, 0.002830847864970565, 0.002830847864970565, 0.002830847864970565, 0.002830847864970565, 0.002830847864970565, 0.002830847864970565, 0.002830847864970565, 0.002830847864970565, 0.002830847864970565, 0.002830847864970565, 0.0002830847806762904, 0.0002830847806762904, 0.0002830847806762904, 0.0002830847806762904, 0.0002830847806762904, 0.0002830847806762904, 0.0002830847806762904, 0.0002830847806762904, 0.0002830847806762904, 0.0002830847806762904, 0.0002830847806762904, 0.0002830847806762904, 0.0002830847806762904, 0.0002830847806762904, 0.0002830847806762904, 0.0002830847806762904, 0.0002830847806762904, 0.0002830847806762904, 0.0002830847806762904, 0.0002830847806762904, 0.0002830847806762904, 0.0002830847806762904, 0.0002830847806762904, 0.0002830847806762904, 0.0002830847806762904, 2.8308477340033278e-05, 2.8308477340033278e-05, 2.8308477340033278e-05, 2.8308477340033278e-05, 2.8308477340033278e-05, 2.8308477340033278e-05, 2.8308477340033278e-05, 2.8308477340033278e-05, 2.8308477340033278e-05, 2.8308477340033278e-05, 2.8308477340033278e-05, 2.8308477340033278e-05, 2.8308477340033278e-05, 2.8308477340033278e-06, 2.8308477340033278e-06, 2.8308477340033278e-06, 2.8308477340033278e-06, 2.8308477340033278e-06, 2.8308477340033278e-06, 2.8308477340033278e-06, 2.8308477340033278e-06, 2.8308477340033278e-06, 2.8308477340033278e-06, 2.830847734003328e-07, 2.830847734003328e-07, 2.830847734003328e-07, 2.830847734003328e-07]}