{"n_parameters": 192114, "training_time": 1.6658051013946533, "loss": [110.2043228149414, 1.014262318611145, 1.2038755416870117, 1.08213472366333, 1.2904130220413208, 1.2324656248092651, 1.0818634033203125, 1.224428653717041, 0.7658374905586243, 0.8706968426704407, 0.693263590335846, 0.7243562340736389, 0.5438398718833923, 0.7376769781112671, 0.5108553171157837, 0.525124728679657, 0.6926535964012146, 0.4502418339252472, 0.4481008052825928, 0.3485088348388672, 0.8204967379570007, 0.19882000982761383, 0.9841946363449097, 0.2877914309501648, 0.4843258857727051, 0.33795401453971863, 0.179365873336792, 0.24986617267131805, 0.30515748262405396, 0.17227225005626678, 0.2900006175041199, -0.10958214104175568, -0.2666418254375458, -0.3567262887954712, -0.533370316028595, -0.6507766842842102, -0.7321072220802307, -0.8585221767425537, -0.9588351845741272, -0.866958737373352, -1.185591459274292, -1.0374659299850464, -1.1407334804534912, -1.0188965797424316, -1.3984445333480835, -1.2129731178283691, -1.2924898862838745, -1.1938059329986572, -1.0233559608459473, -1.5462486743927002, -1.1502487659454346, -1.1538934707641602, -1.510495662689209, -1.0877150297164917, -1.599406361579895, -1.0964025259017944, -1.48625648021698, -1.215416431427002, -1.3598871231079102, -1.2028956413269043, -1.3188999891281128, -1.353609323501587, -1.653388261795044, -1.0032410621643066, -1.5322669744491577, -1.1654587984085083, -1.2048718929290771, -1.5617161989212036, -1.6171892881393433, -1.7711269855499268, -1.8015222549438477, -1.8298853635787964, -1.8642659187316895, -1.8961491584777832, -1.9355294704437256, -1.9634101390838623, -2.004171371459961, -2.040069580078125, -2.0760204792022705, -2.1003897190093994, -2.139838457107544, -2.176389217376709, -2.202042818069458, -2.2393150329589844, -2.264833927154541, -2.2732768058776855, -2.3331775665283203, -2.3418943881988525, -2.342498779296875, -2.416250705718994, -2.4170429706573486, -2.4395751953125, -2.4566049575805664, -2.4793038368225098, -2.5137290954589844, -2.49611496925354, -2.5539052486419678, -2.560236930847168, -2.564409017562866, -2.568955183029175, -2.572047472000122, -2.576066017150879, -2.5799763202667236, -2.584465503692627, -2.5878117084503174, -2.591933012008667, -2.5923349857330322, -2.5927627086639404, -2.5931410789489746, -2.593517303466797, -2.5939531326293945, -2.59436297416687, -2.594752788543701], "val_loss": [1.0161434412002563, 1.0370997190475464, 1.583778738975525, 1.474180817604065, 1.7416285276412964, 0.8163446187973022, 1.1350154876708984, 0.739170491695404, 1.2319704294204712, 0.8438600897789001, 0.6784593462944031, 0.5860210657119751, 0.6684756278991699, 0.5007760524749756, 0.4323759377002716, 0.4585399627685547, 0.5237247943878174, 0.7196998596191406, 0.42881345748901367, 0.13162513077259064, 0.7412947416305542, 0.5054481029510498, 0.2035621702671051, 0.8963629007339478, 0.2141302525997162, 0.6021271347999573, 0.77763831615448, 0.5971042513847351, 0.5269781351089478, 0.6136440634727478, -0.05526144430041313, -0.21198414266109467, -0.3460926413536072, -0.3750460743904114, -0.5504408478736877, -0.5824072957038879, -0.9084845185279846, -0.3608018159866333, -1.0979377031326294, -1.0495121479034424, -0.938144326210022, -1.2426542043685913, -1.2907819747924805, -1.1550564765930176, -1.3078304529190063, -1.2896794080734253, 0.9143399000167847, -1.3710108995437622, -1.260906457901001, -1.3354750871658325, -1.332363247871399, -0.8082125186920166, -1.5019913911819458, -1.4291492700576782, -1.470651626586914, -1.121482491493225, -1.4254192113876343, -1.5084633827209473, 0.24029463529586792, -1.4753047227859497, -0.44581183791160583, -1.4353076219558716, 0.8553756475448608, -1.4089902639389038, -1.0227172374725342, -1.4908853769302368, -1.269203782081604, -1.1276437044143677, -1.5372999906539917, -1.5567220449447632, -1.5617533922195435, -1.5676790475845337, -1.5832762718200684, -1.6167261600494385, -1.6004499197006226, -1.6100496053695679, -1.6213561296463013, -1.600429892539978, -1.6499357223510742, -1.650698184967041, -1.670693278312683, -1.6231731176376343, -1.6579371690750122, -1.6016887426376343, -1.6910407543182373, -1.6467108726501465, -1.6653960943222046, -1.6314767599105835, -1.662840723991394, -1.613004207611084, -1.5902125835418701, -1.560699462890625, -1.59409499168396, -1.5626863241195679, -1.4580191373825073, -1.5602508783340454, -1.560734748840332, -1.5604517459869385, -1.5572621822357178, -1.5536831617355347, -1.5411444902420044, -1.5447847843170166, -1.539900541305542, -1.5413851737976074, -1.5283019542694092, -1.5280566215515137, -1.528214454650879, -1.5284783840179443, -1.5281988382339478, -1.5281845331192017, -1.5279597043991089, -1.5273324251174927, -1.5269498825073242], "lr": [0.00420819828286767, 0.00420819828286767, 0.00420819828286767, 0.00420819828286767, 0.00420819828286767, 0.00420819828286767, 0.00420819828286767, 0.00420819828286767, 0.00420819828286767, 0.00420819828286767, 0.00420819828286767, 0.00420819828286767, 0.00420819828286767, 0.00420819828286767, 0.00420819828286767, 0.00420819828286767, 0.00420819828286767, 0.00420819828286767, 0.00420819828286767, 0.00420819828286767, 0.00420819828286767, 0.00420819828286767, 0.00420819828286767, 0.00420819828286767, 0.00420819828286767, 0.00420819828286767, 0.00420819828286767, 0.00420819828286767, 0.00420819828286767, 0.00420819828286767, 0.0004208198224660009, 0.0004208198224660009, 0.0004208198224660009, 0.0004208198224660009, 0.0004208198224660009, 0.0004208198224660009, 0.0004208198224660009, 0.0004208198224660009, 0.0004208198224660009, 0.0004208198224660009, 0.0004208198224660009, 0.0004208198224660009, 0.0004208198224660009, 0.0004208198224660009, 0.0004208198224660009, 0.0004208198224660009, 0.0004208198224660009, 0.0004208198224660009, 0.0004208198224660009, 0.0004208198224660009, 0.0004208198224660009, 0.0004208198224660009, 0.0004208198224660009, 0.0004208198224660009, 0.0004208198224660009, 0.0004208198224660009, 0.0004208198224660009, 0.0004208198224660009, 0.0004208198224660009, 0.0004208198224660009, 0.0004208198224660009, 0.0004208198224660009, 0.0004208198224660009, 0.0004208198224660009, 0.0004208198224660009, 0.0004208198224660009, 0.0004208198224660009, 0.0004208198224660009, 4.208198151900433e-05, 4.208198151900433e-05, 4.208198151900433e-05, 4.208198151900433e-05, 4.208198151900433e-05, 4.208198151900433e-05, 4.208198151900433e-05, 4.208198151900433e-05, 4.208198151900433e-05, 4.208198151900433e-05, 4.208198151900433e-05, 4.208198151900433e-05, 4.208198151900433e-05, 4.208198151900433e-05, 4.208198151900433e-05, 4.208198151900433e-05, 4.208198151900433e-05, 4.208198151900433e-05, 4.208198151900433e-05, 4.208198151900433e-05, 4.208198151900433e-05, 4.208198151900433e-05, 4.208198151900433e-05, 4.208198151900433e-05, 4.208198151900433e-05, 4.208198151900433e-05, 4.208198151900433e-05, 4.208198333799373e-06, 4.208198333799373e-06, 4.208198333799373e-06, 4.208198333799373e-06, 4.208198333799373e-06, 4.208198333799373e-06, 4.208198333799373e-06, 4.208198333799373e-06, 4.208198333799373e-06, 4.208198333799373e-06, 4.208198447486211e-07, 4.208198447486211e-07, 4.208198447486211e-07, 4.208198447486211e-07, 4.208198447486211e-07, 4.208198447486211e-07, 4.208198447486211e-07, 4.208198447486211e-07]}