{"n_parameters": 91010, "training_time": 1.6002280712127686, "loss": [80.4320068359375, 5.11939811706543, 4.963431358337402, 5.0281548500061035, 5.2630615234375, 5.66773796081543, 4.819941520690918, 5.160899639129639, 4.86650276184082, 4.663606643676758, 3.9530344009399414, 1.7081478834152222, 0.6753411293029785, 1.3626980781555176, 0.6212621331214905, 0.6441685557365417, 0.5622848868370056, 0.6827664971351624, 0.6110647320747375, 0.443055659532547, 0.4980432689189911, 0.7226132750511169, 1.128665804862976, 0.9606942534446716, 0.6383731961250305, 0.4693840742111206, 3.1066031455993652, 0.5203250050544739, 0.5180483460426331, 1.8210426568984985, 0.5102034211158752, 0.8792077898979187, 0.94124436378479, 1.0697661638259888, 0.838023841381073, 0.36126816272735596, 0.5210745930671692, 0.5259289145469666, 5.353048801422119, 0.3809368312358856, 0.32673516869544983, 0.7814894318580627, 1.469254493713379, 0.9131196737289429, 0.30484622716903687, 0.31190621852874756, 0.19216591119766235, 0.5358119606971741, 0.1351994425058365, 0.7348508834838867, 0.4000999331474304, 0.3250481188297272, 0.22685767710208893, 0.33602768182754517, 0.46462491154670715, 0.3298555314540863, 0.11661502718925476, 0.32601362466812134, 0.6048974394798279, 0.010400788858532906, -0.06687689572572708, -0.201755091547966, -0.3550146222114563, -0.518214762210846, -0.6826550364494324, -0.6789294481277466, -0.8934983611106873, -0.44525042176246643, -1.052966833114624, -0.8971803188323975, -0.9979304075241089, -1.0743874311447144, -0.9875162839889526, -1.0674638748168945, -1.1543949842453003, -1.0502758026123047, -1.0867547988891602, -1.1351970434188843, -1.2947226762771606, -1.0584839582443237, -1.1948211193084717, -0.9767218828201294, -1.292281150817871, -1.0015534162521362, -1.4494602680206299, -1.136016845703125, -1.1655231714248657, -1.1154690980911255, -1.427351474761963, -1.155239462852478, -1.325117826461792, -0.968676745891571, -1.593350887298584, -1.0664094686508179, -1.2957446575164795, -1.2868274450302124, -0.8904436230659485, -1.5271928310394287, -1.0731350183486938, -1.5917980670928955, -1.1961047649383545, -1.2811987400054932, -0.8871877789497375, -1.6113840341567993, -1.2300055027008057, -1.399344801902771, -1.181571364402771, -1.2824773788452148, -1.2338603734970093, -1.5835927724838257, -1.2202931642532349, -1.644188404083252, -1.6860812902450562, -1.7305010557174683, -1.7877202033996582, -1.8342361450195312, -1.8914589881896973, -1.939738392829895, -1.9824652671813965, -2.0288026332855225, -2.083796739578247, -2.0942046642303467, -2.1477103233337402, -2.199110746383667, -2.190901041030884, -2.2519750595092773, -2.259664535522461, -2.261469841003418, -2.267353057861328, -2.2655630111694336, -2.2732415199279785, -2.2733378410339355, -2.2757728099823, -2.281083345413208, -2.2851014137268066, -2.2894060611724854, -2.289625406265259, -2.290245532989502, -2.29042387008667, -2.290949821472168, -2.2911880016326904, -2.2913711071014404], "val_loss": [5.1911301612854, 5.028015613555908, 4.91670560836792, 4.759337902069092, 4.83894157409668, 5.048995494842529, 5.702884674072266, 4.743770122528076, 3.7419302463531494, 3.3034517765045166, 2.726438522338867, 0.6521872282028198, 0.6896673440933228, 1.0732783079147339, 0.5153802037239075, 0.7412569522857666, 1.5034416913986206, 0.4521726965904236, 0.45803382992744446, 0.7392670512199402, 1.055574655532837, 0.3840995728969574, 0.43258336186408997, 0.820329487323761, 0.43330690264701843, 0.26337605714797974, 0.7702336311340332, 0.3787243962287903, 0.3224198818206787, 0.7464408278465271, 0.36764487624168396, 0.38881683349609375, 0.4937346875667572, 0.5810025334358215, 0.4523790180683136, 0.24211105704307556, 0.354331374168396, 0.3660601079463959, 0.4145059883594513, 0.37404865026474, 0.24719077348709106, 0.2207472026348114, 1.0862479209899902, 0.3750288188457489, 0.259159654378891, 0.1187901645898819, 0.05935382470488548, 0.34020400047302246, 0.003929213620722294, 0.2710229158401489, 0.08253549784421921, 0.18048720061779022, 0.24275165796279907, 0.12377265095710754, 0.14909467101097107, 0.22520053386688232, 0.11750714480876923, 0.050870999693870544, 0.0577894002199173, -0.015952996909618378, -0.11002710461616516, -0.2621866464614868, -0.4294619560241699, -0.6007149815559387, -0.7318505644798279, -0.6031562089920044, -0.9484091401100159, -0.9113028049468994, -0.9657312035560608, -1.0509389638900757, -0.3282669484615326, -1.1062489748001099, -1.1846401691436768, -1.1041337251663208, -0.9065331816673279, -1.150295615196228, -1.26272714138031, -1.0207719802856445, -1.043931007385254, -1.3406113386154175, -1.4107669591903687, 0.01457870565354824, -1.1584889888763428, -1.3291864395141602, -0.7783454060554504, -0.9699001908302307, -1.306176781654358, -1.404149055480957, -0.03255828469991684, -1.433365821838379, -1.4888765811920166, -1.4772013425827026, 2.126145124435425, -1.2141273021697998, -0.5428985357284546, -1.5086747407913208, -1.365524411201477, -1.453802227973938, -1.458506464958191, 0.09255238622426987, -1.516842246055603, -1.4365651607513428, -1.437582015991211, -1.240049123764038, -1.3040469884872437, -1.336361050605774, -1.5058519840240479, -1.4416855573654175, -1.326560616493225, -1.3446886539459229, -1.444720983505249, -1.46797513961792, -1.4916975498199463, -1.5019309520721436, -1.5301117897033691, -1.5256742238998413, -1.5057727098464966, -1.52129065990448, -1.5249804258346558, -1.497833013534546, -1.459464192390442, -1.325284481048584, -1.2460821866989136, -1.106642246246338, -1.1593060493469238, -1.1348549127578735, -1.12529456615448, -1.1216753721237183, -1.1019459962844849, -1.1078107357025146, -1.091253638267517, -1.0904192924499512, -1.0811941623687744, -1.06290864944458, -1.057068109512329, -1.0549190044403076, -1.05202054977417, -1.049442172050476, -1.0475214719772339, -1.0457658767700195, -1.0443514585494995, -1.0428775548934937],