{"n_parameters": 102994, "training_time": 1.842289924621582, "loss": [4.014751434326172, 0.7765817642211914, 1.6389646530151367, 1.2117946147918701, 0.7292096614837646, 1.380819320678711, 0.777531087398529, 1.2529579401016235, 0.8315969705581665, 0.7571118474006653, 0.8364934325218201, 0.7079311013221741, 0.6904622316360474, 0.9523625373840332, 0.4082852303981781, 0.5248766541481018, 0.5407364964485168, 0.46345946192741394, 0.5497648119926453, 0.6384895443916321, 0.3071812391281128, 0.38678619265556335, 0.35737064480781555, 0.38566121459007263, 0.2556074857711792, 0.555963933467865, 0.1971433460712433, 0.03596515581011772, 0.20829126238822937, 0.053720150142908096, 0.24486343562602997, 0.4130024313926697, -0.0724630206823349, 0.13670684397220612, -0.049063295125961304, 0.009317963384091854, 0.29076528549194336, 0.1265602856874466, -0.2713032364845276, 0.15004704892635345, 0.1355348825454712, -0.1813603788614273, -0.08046941459178925, 0.09035925567150116, 0.22395798563957214, -0.29619380831718445, -0.26648402214050293, 0.008383790962398052, 0.19881367683410645, -0.38829830288887024, -0.3073076903820038, 0.1123347207903862, -0.08750658482313156, -0.428846150636673, 0.0053423624485731125, -0.13026832044124603, -0.38782158493995667, 0.024295367300510406, -0.13152508437633514, -0.6000668406486511, 0.27315929532051086, -0.3958250880241394, -0.5125550031661987, 0.1300312578678131, -0.3619057834148407, 0.022622350603342056, -0.5259038805961609, -0.14029204845428467, -0.6402672529220581, 0.12452592700719833, -0.5761774778366089, -0.18511058390140533, -0.31079500913619995, -0.2437760978937149, -0.22429946064949036, -0.6296262741088867, -0.29726359248161316, -0.7866017818450928, -0.8561705946922302, -0.9062039256095886, -0.9658690690994263, -1.0272220373153687, -1.0870393514633179, -1.1719231605529785, -1.2365388870239258, -1.3104885816574097, -1.402693510055542, -1.447190523147583, -1.5139275789260864, -1.6067003011703491, -1.6461567878723145, -1.753227710723877, -1.6687601804733276, -1.7971882820129395, -1.9205937385559082, -1.7463535070419312, -1.944587230682373, -1.8182051181793213, -2.0587551593780518, -1.8550482988357544, -2.0466136932373047, -1.8506971597671509, -2.1953608989715576, -2.0873160362243652, -1.9707233905792236, -1.9558258056640625, -2.1491098403930664, -2.0398316383361816, -2.1315557956695557, -2.0952868461608887, -1.9242823123931885, -2.318209171295166, -1.8914562463760376, -2.389561176300049, -1.960090160369873, -2.073457717895508, -2.261369466781616, -2.058675527572632, -2.031219720840454, -2.1330759525299072, -2.2550034523010254, -1.9842413663864136, -2.400315284729004, -1.9435707330703735, -2.0791099071502686, -2.4749503135681152, -1.8422385454177856, -2.2800376415252686, -2.0943355560302734, -2.475368022918701, -1.9018198251724243, -2.48049259185791, -2.573662281036377, -2.5826539993286133, -2.591949224472046, -2.604240655899048, -2.615107536315918, -2.6237916946411133, -2.6382577419281006, -2.6423447132110596, -2.6501624584198, -2.666351079940796, -2.678537607192993, -2.6811225414276123, -2.682523488998413, -2.6838316917419434, -2.6849985122680664, -2.6860485076904297, -2.6874783039093018, -2.6883647441864014, -2.6892294883728027, -2.690542221069336, -2.6920878887176514, -2.692192316055298, -2.6923508644104004, -2.6925201416015625, -2.692652463912964, -2.6927762031555176], "val_loss": [0.8567594289779663, 0.7233145236968994, 1.061458706855774, 0.7786719799041748, 0.7076860666275024, 0.735144317150116, 2.8167471885681152, 0.9962154030799866, 0.7356027364730835, 0.5433358550071716, 0.7160587906837463, 1.1038801670074463, 0.6178228855133057, 0.46876299381256104, 0.35510122776031494, 0.614120602607727, 0.903717041015625, 2.2294228076934814, 0.2644813656806946, 0.5354975461959839, 0.41006237268447876, 0.6873635649681091, 0.725045919418335, 0.09085886180400848, 0.17608234286308289, 1.734642505645752, -0.024917421862483025, 0.3308284878730774, 1.1603089570999146, 0.15304823219776154, -0.1289508193731308, 0.1457872837781906, 0.017745476216077805, -0.19541271030902863, 0.9275928139686584, -0.19243980944156647, -0.2856462597846985, -0.15150873363018036, 1.051458716392517, -0.290472149848938, -0.26791873574256897, 1.248470664024353, 0.7404946088790894, -0.3873246908187866, -0.35049542784690857, -0.2627923786640167, 3.8175597190856934, -0.4984619617462158, -0.35350218415260315, 0.14581213891506195, 1.1631354093551636, -0.4869474470615387, -0.2604418098926544, 1.7023804187774658, -0.5286827683448792, -0.10895638912916183, 1.3872770071029663, -0.5589585304260254, -0.4622306525707245, 0.05563020706176758, -0.5370397567749023, -0.19606609642505646, 0.21984732151031494, -0.4052465558052063, -0.49521687626838684, -0.46748673915863037, -0.6969664096832275, -0.5647456645965576, 2.09768009185791, -0.14802686870098114, 0.3567201495170593, -0.6400414705276489, -0.6548619270324707, -0.6497392058372498, -0.458439439535141, 0.368173748254776, -0.690396249294281, -0.8177448511123657, -0.8551903367042542, -0.9148558378219604, -0.9722499251365662, -1.0272475481033325, -1.1044152975082397, -1.1670019626617432, -1.2500540018081665, -1.3095499277114868, -1.3845680952072144, -1.4469877481460571, -1.5132575035095215, -1.4404547214508057, -1.5181386470794678, -1.616518259048462, -1.5560109615325928, -1.6609649658203125, -1.1201794147491455, -1.800403356552124, -1.81327223777771, -1.788968563079834, -1.8035640716552734, -1.776872992515564, -1.850925087928772, -1.8668121099472046, -1.2479735612869263, -1.08976411819458, -1.9032180309295654, -1.7287245988845825, -1.6711196899414062, -0.6116111278533936, -1.0939576625823975, -1.811211109161377, -1.7483848333358765, -1.6978331804275513, -1.92183256149292, -0.5941476821899414, -1.5913480520248413, -1.8030401468276978, 0.0776745155453682, -1.8617417812347412, -1.8144341707229614, -1.3492408990859985, -1.9771157503128052, -0.5849953293800354, -1.9081531763076782, -1.924672245979309, -1.9131901264190674, -1.7182787656784058, -1.6291621923446655, -0.9787453413009644, -1.5779943466186523, -0.23334400355815887, -1.6969660520553589, -2.0119757652282715, -2.005340099334717, -1.9866548776626587, -1.9717917442321777, -1.995613932609558, -1.9974730014801025, -1.971994161605835, -1.949160099029541, -1.961284875869751, -1.9693331718444824, -1.9814541339874268, -1.973259449005127, -1.9708478450775146, -1.9679619073867798, -1.9658598899841309, -1.9630781412124634, -1.9622489213943481, -1.9610060453414917, -1.956728219985962, -1.9560725688934326, -1.9590014219284058, -1.9592602252960205, -1.9593936204910278, -1.9595872163772583, -1.9596986770629883, -1.9598970413208008, -1.9600310325622559],