{"n_parameters": 110514, "training_time": 1.5280182361602783, "loss": [21.02647590637207, 1.3512697219848633, 1.6891493797302246, 2.1994316577911377, 1.293287754058838, 1.0821644067764282, 0.9847682118415833, 0.6908381581306458, 0.5886971950531006, 0.27325239777565, 0.1320107877254486, 0.05752134323120117, 0.17415784299373627, -0.18632467091083527, 0.09988060593605042, -0.10087522864341736, -0.0819690003991127, -0.18458770215511322, -0.1408529281616211, 0.011326676234602928, 0.012483586557209492, -0.10833686590194702, -0.00926977675408125, -0.16596762835979462, -0.5425714254379272, -0.7421702742576599, -1.0042167901992798, -1.2769310474395752, -1.3475921154022217, -1.4822977781295776, -1.4653949737548828, -1.634880781173706, -1.6280360221862793, -1.6348206996917725, -1.6234958171844482, -1.703027606010437, -1.6855343580245972, -1.7583050727844238, -1.6856215000152588, -1.8037850856781006, -1.6978362798690796, -1.7536193132400513, -1.7615396976470947, -1.8380290269851685, -1.776586890220642, -1.8403112888336182, -1.8327618837356567, -1.9145296812057495, -1.5235532522201538, -1.7662023305892944, -1.9357157945632935, -1.8045330047607422, -1.8253202438354492, -1.736616611480713, -1.9490796327590942, -1.9459083080291748, -2.097886323928833, -2.268315315246582, -2.306851387023926, -2.339733362197876, -2.3855533599853516, -2.4153506755828857, -2.428288459777832, -2.476516008377075, -2.509662628173828, -2.5199997425079346, -2.5560295581817627, -2.5791501998901367, -2.5910818576812744, -2.6104462146759033, -2.6267824172973633, -2.6576976776123047, -2.6557586193084717, -2.6819136142730713, -2.7049672603607178, -2.7071125507354736, -2.7114837169647217, -2.710951089859009, -2.7142977714538574, -2.717625617980957, -2.7201218605041504, -2.72347354888916, -2.7281908988952637, -2.729731321334839, -2.7307400703430176, -2.7312796115875244, -2.7319719791412354], "val_loss": [1.0724058151245117, 1.9695348739624023, 0.9801028370857239, 0.8982171416282654, 1.7666802406311035, 0.8561655282974243, 0.8548247218132019, 0.7096253633499146, 0.6209568977355957, 0.11269903182983398, -0.3192492127418518, 1.231855869293213, -0.0808551087975502, -0.4692087769508362, 0.37935343384742737, -0.4494578540325165, -0.10967051982879639, -0.3650684058666229, -0.4119987487792969, -0.0549357607960701, 1.0196757316589355, -0.148839071393013, -0.4410346448421478, -0.4336074888706207, -0.6148872971534729, -0.8538357019424438, -1.155098557472229, -1.0526701211929321, -1.5091032981872559, -1.4374152421951294, -1.6710866689682007, -1.4703682661056519, -0.7818326354026794, -1.6788049936294556, -1.811578392982483, -1.8047749996185303, -1.819171667098999, -1.8628861904144287, -1.7443619966506958, -1.8618333339691162, -1.891404151916504, -1.9110490083694458, -1.890100359916687, -0.9254519939422607, -1.663284182548523, -1.9731638431549072, -1.952252745628357, -1.5351346731185913, -1.4155865907669067, -1.9533085823059082, -1.9042471647262573, -1.693529725074768, -1.9642410278320312, -1.8897572755813599, -1.5680170059204102, -1.2965856790542603, -2.042851686477661, -2.067958116531372, -2.0550789833068848, -2.1001319885253906, -2.113750457763672, -2.1219990253448486, -2.125248670578003, -2.077120065689087, -2.0896830558776855, -2.0274155139923096, -2.1140522956848145, -2.0878288745880127, -2.1079189777374268, -2.0538933277130127, -2.0821940898895264, -2.0333197116851807, -2.0358545780181885, -2.053602695465088, -2.0472044944763184, -2.0447182655334473, -2.0449090003967285, -2.0404469966888428, -2.0369503498077393, -2.030048370361328, -2.030507802963257, -2.029905080795288, -2.029550313949585, -2.0285418033599854, -2.027479410171509, -2.0265228748321533, -2.025949001312256], "lr": [0.0043012904934585094, 0.0043012904934585094, 0.0043012904934585094, 0.0043012904934585094, 0.0043012904934585094, 0.0043012904934585094, 0.0043012904934585094, 0.0043012904934585094, 0.0043012904934585094, 0.0043012904934585094, 0.0043012904934585094, 0.0043012904934585094, 0.0043012904934585094, 0.0043012904934585094, 0.0043012904934585094, 0.0043012904934585094, 0.0043012904934585094, 0.0043012904934585094, 0.0043012904934585094, 0.0043012904934585094, 0.0043012904934585094, 0.0043012904934585094, 0.0043012904934585094, 0.0043012904934585094, 0.00043012906098738313, 0.00043012906098738313, 0.00043012906098738313, 0.00043012906098738313, 0.00043012906098738313, 0.00043012906098738313, 0.00043012906098738313, 0.00043012906098738313, 0.00043012906098738313, 0.00043012906098738313, 0.00043012906098738313, 0.00043012906098738313, 0.00043012906098738313, 0.00043012906098738313, 0.00043012906098738313, 0.00043012906098738313, 0.00043012906098738313, 0.00043012906098738313, 0.00043012906098738313, 0.00043012906098738313, 0.00043012906098738313, 0.00043012906098738313, 0.00043012906098738313, 0.00043012906098738313, 0.00043012906098738313, 0.00043012906098738313, 0.00043012906098738313, 0.00043012906098738313, 0.00043012906098738313, 0.00043012906098738313, 0.00043012906098738313, 0.00043012906098738313, 4.3012907553929836e-05, 4.3012907553929836e-05, 4.3012907553929836e-05, 4.3012907553929836e-05, 4.3012907553929836e-05, 4.3012907553929836e-05, 4.3012907553929836e-05, 4.3012907553929836e-05, 4.3012907553929836e-05, 4.3012907553929836e-05, 4.3012907553929836e-05, 4.3012907553929836e-05, 4.3012907553929836e-05, 4.3012907553929836e-05, 4.3012907553929836e-05, 4.3012907553929836e-05, 4.3012907553929836e-05, 4.301290573494043e-06, 4.301290573494043e-06, 4.301290573494043e-06, 4.301290573494043e-06, 4.301290573494043e-06, 4.301290573494043e-06, 4.301290573494043e-06, 4.301290573494043e-06, 4.301290573494043e-06, 4.301290573494043e-06, 4.301290630337462e-07, 4.301290630337462e-07, 4.301290630337462e-07, 4.301290630337462e-07]}