{"n_parameters": 130370, "training_time": 2.3754351139068604, "loss": [32.185462951660156, 1.3549025058746338, 1.517928123474121, 2.534372568130493, 0.921331524848938, 3.138160467147827, 1.0747663974761963, 2.2229971885681152, 1.2072221040725708, 1.7252575159072876, 1.3332111835479736, 1.1084885597229004, 1.1209279298782349, 1.1633586883544922, 1.1435868740081787, 0.8798679113388062, 0.7317627668380737, 0.9644550085067749, 0.5783926844596863, 0.845037043094635, 0.4424319863319397, 0.6236143112182617, 0.5672528147697449, 0.5361806750297546, 0.2721349895000458, 0.5208410024642944, 0.3363971412181854, 0.33606937527656555, 0.3821592628955841, -0.0830492302775383, 0.46931734681129456, 0.22926221787929535, -0.19083526730537415, 0.18951663374900818, 0.24043358862400055, -0.23569583892822266, 0.27060481905937195, 0.004659418947994709, -0.19962719082832336, -0.12359820306301117, 0.07243268936872482, -0.03155045956373215, 0.11014027893543243, -0.44919878244400024, 0.01580987311899662, 0.02350790612399578, -0.20484615862369537, -0.0973619595170021, -0.1790967434644699, -0.27506566047668457, -0.32340505719184875, -0.03410009294748306, -0.12887944281101227, -0.6658615469932556, 0.15490317344665527, -0.3779362738132477, -0.5644146800041199, -0.3143956661224365, -0.1842983216047287, -0.3286365866661072, -0.2975902855396271, -0.24052922427654266, -0.5605800151824951, -0.39367878437042236, -0.44358116388320923, -0.08035476505756378, -0.6414182186126709, -0.5141661167144775, -0.40226587653160095, -0.29933685064315796, -0.7646878957748413, -0.398298054933548, -0.4389305114746094, -0.3879857361316681, -0.8511133193969727, -0.23446696996688843, -0.595604658126831, -0.5838351845741272, -0.38695356249809265, -0.3305003345012665, -0.7363146543502808, -0.7189845442771912, -0.6024461388587952, -0.6196316480636597, -0.64932781457901, -0.34563297033309937, -0.7505987882614136, -0.33372488617897034, -0.9915781617164612, -1.0735900402069092, -1.1367069482803345, -1.2122796773910522, -1.283437728881836, -1.3818894624710083, -1.446082592010498, -1.547340989112854, -1.5772212743759155, -1.701392412185669, -1.747580885887146, -1.7915254831314087, -1.873014211654663, -1.9533218145370483, -1.9667435884475708, -1.9962631464004517, -2.028808832168579, -2.0063843727111816, -2.1883931159973145, -2.111422061920166, -2.1593873500823975, -2.1570627689361572, -2.2162599563598633, -2.2551801204681396, -2.270207643508911, -2.294374942779541, -2.212672472000122, -2.1863460540771484, -2.211581230163574, -2.4231832027435303, -2.180536985397339, -2.5499181747436523, -2.109804153442383, -2.55715274810791, -2.6115458011627197, -2.621469259262085, -2.6329185962677, -2.6327128410339355, -2.6491262912750244, -2.652318000793457, -2.6613245010375977, -2.668862819671631, -2.684096574783325, -2.6973187923431396, -2.6935317516326904, -2.7006185054779053, -2.7116029262542725, -2.7180161476135254, -2.722435474395752, -2.7357609272003174, -2.7457377910614014, -2.7492942810058594, -2.7571020126342773, -2.765103816986084, -2.776411771774292, -2.7776148319244385, -2.7859413623809814, -2.7920236587524414, -2.807549238204956, -2.812480926513672, -2.8194406032562256, -2.822582244873047, -2.823495388031006, -2.8256828784942627, -2.826876640319824, -2.827329158782959, -2.828230381011963, -2.829350471496582, -2.8297457695007324, -2.83121919631958, -2.8322315216064453, -2.832362413406372, -2.832509756088257, -2.832629919052124, -2.8327016830444336], "val_loss": [1.3127189874649048, 3.2351646423339844, 1.9461427927017212, 1.1116130352020264, 1.691121220588684, 1.0552878379821777, 3.5409672260284424, 1.1445413827896118, 1.0115960836410522, 0.9235649108886719, 0.9754640460014343, 1.596552848815918, 1.6771365404129028, 0.7602711319923401, 0.6810277104377747, 1.2330876588821411, 0.6143493056297302, 0.9456980228424072, 0.4853802025318146, 0.4785217046737671, 0.906013548374176, 0.4192180633544922, 0.35900190472602844, 0.3896692395210266, 1.4541226625442505, 0.3493436276912689, 0.16779987514019012, 0.0019479512702673674, 0.10481537878513336, 0.2410564422607422, -0.12767037749290466, -0.14252504706382751, 1.4693979024887085, -0.29233071208000183, -0.27226972579956055, 2.008606433868408, -0.32761019468307495, -0.19171962141990662, 1.3284597396850586, 0.2931198477745056, -0.2100781798362732, -0.44700729846954346, -0.4097743034362793, 1.7521908283233643, -0.14361141622066498, -0.500889778137207, -0.1902816742658615, -0.49689745903015137, 0.0018898698035627604, -0.3249891698360443, -0.6828674077987671, -0.6414456367492676, -0.5687458515167236, 2.514904737472534, -0.6695756912231445, -0.07636542618274689, -0.3306533098220825, -0.769232988357544, -0.5781126618385315, -0.6937203407287598, -0.6556106805801392, -0.6895134449005127, -0.267765611410141, -0.6304505467414856, -0.843190610408783, -0.7149450778961182, -0.4509775638580322, -0.7620826363563538, -0.8096278309822083, -0.3675396740436554, -0.8499455451965332, -0.9098825454711914, -0.8626890182495117, -0.7181780338287354, -0.4159660041332245, -0.5843780040740967, -0.5008718967437744, -1.0126808881759644, -0.9286404848098755, -0.7446349263191223, 0.12276000529527664, -0.7855798602104187, -0.30342456698417664, 0.6333842873573303, -0.9763953685760498, -0.6445029973983765, -0.9471380114555359, -0.9235332608222961, -1.0505255460739136, -1.1099869012832642, -1.180731177330017, -1.2612613439559937, -1.3180491924285889, -1.4262707233428955, -1.497176170349121, -1.5848159790039062, -1.6420670747756958, -1.7224442958831787, -1.706680417060852, -1.8335068225860596, -1.79387366771698, -1.9760819673538208, -2.0081987380981445, -2.0335047245025635, -2.0721256732940674, -1.9506196975708008, -1.9979579448699951, -2.0826005935668945, -1.4122488498687744, -2.032996654510498, -2.171354055404663, -1.670725703239441, -1.8130772113800049, -2.033212423324585, -2.15804123878479, -2.079683303833008, -1.7062852382659912, -2.1335532665252686, -2.125370740890503, -2.140115261077881, -2.0934689044952393, -2.2476000785827637, -2.2498934268951416, -2.257108449935913, -2.259648084640503, -2.2627086639404297, -2.268568992614746, -2.25888991355896, -2.2634501457214355, -2.2652552127838135, -2.2425920963287354, -2.243091106414795, -2.2670271396636963, -2.2716033458709717, -2.215034246444702, -2.262087821960449, -2.2708990573883057, -2.2739012241363525, -2.263695001602173, -2.2459280490875244, -2.264866590499878, -2.263446092605591, -2.247384548187256, -2.221625566482544, -2.267106294631958, -2.2558412551879883, -2.2443933486938477, -2.252268075942993, -2.258695125579834, -2.262284755706787, -2.263521909713745, -2.2643015384674072, -2.2642946243286133, -2.2635135650634766, -2.2658698558807373, -2.2643659114837646, -2.2659919261932373, -2.2665653228759766, -2.266235828399658, -2.2661566734313965, -2.2660045623779297, -2.2659919261932373, -2.2657887935638428],