{"n_parameters": 64978, "training_time": 3.186263084411621, "loss": [1.369271159172058, 0.6104632019996643, 0.5295556783676147, 0.36179226636886597, 1.1065245866775513, 0.2916114926338196, 0.20858468115329742, 1.7335257530212402, 0.21675945818424225, 0.06111759692430496, 0.14939077198505402, 0.30871856212615967, 0.04070374369621277, -0.04494435340166092, -0.00768006406724453, -0.1807682067155838, -0.08377553522586823, -0.31859466433525085, 1.0309425592422485, 0.05141144245862961, -0.05111180990934372, -0.1582827866077423, 0.2270405888557434, 0.054148707538843155, -0.16715702414512634, -0.21991154551506042, -0.32535433769226074, -0.1691153645515442, -0.28535643219947815, -0.4022458791732788, -0.5125869512557983, -0.5311165452003479, -0.5560880899429321, -0.5855189561843872, -0.6095829606056213, -0.646052360534668, -0.6695429086685181, -0.7190582752227783, -0.7779510021209717, -0.8508434891700745, -0.9202522039413452, -0.970783531665802, -1.0787166357040405, -1.1447205543518066, -1.1294749975204468, -1.2095128297805786, -1.2346701622009277, -1.2602717876434326, -1.3792425394058228, -1.3657288551330566, -1.2635233402252197, -1.393984317779541, -1.4759129285812378, -1.5815743207931519, -1.4367997646331787, -1.6487418413162231, -1.6324025392532349, -1.593659520149231, -1.612715721130371, -1.5841076374053955, -1.6317185163497925, -1.8237193822860718, -1.6432369947433472, -1.7630587816238403, -1.9229025840759277, -1.2895996570587158, -1.879881739616394, -1.9404667615890503, -1.96510910987854, -1.9078388214111328, -1.6448469161987305, -1.9817121028900146, -1.9976266622543335, -1.824692964553833, -2.009331226348877, -2.054983615875244, -2.157819986343384, -1.7257591485977173, -2.121926784515381, -2.03376841545105, -2.104187488555908, -2.202603340148926, -1.2815682888031006, -2.1045851707458496, -2.1953890323638916, -2.2374722957611084, -2.2661991119384766, -2.356029510498047, -2.3086066246032715, -1.5642056465148926, -2.2330081462860107, -2.3814196586608887, -2.4489552974700928, -1.8861995935440063, -2.3779520988464355, -2.3902747631073, -2.1501123905181885, -2.4684395790100098, -2.28926157951355, -2.1661651134490967, -2.4662442207336426, -2.173956871032715, -2.4752466678619385, -2.5418612957000732, -1.7085027694702148, -2.4996249675750732, -2.513603925704956, -2.5310819149017334, -2.533996105194092, -1.701422095298767, -2.588590145111084, -2.6332523822784424, -2.5103323459625244, -2.5966439247131348, -2.0896823406219482, -2.6913695335388184, -2.6230015754699707, -2.332406759262085, -2.287386894226074, -2.650975465774536, -2.6568312644958496, -2.352789878845215, -0.26866260170936584, -2.388760566711426, -2.4342453479766846, -2.5155179500579834, -2.610065221786499, -2.6741039752960205, -2.7387869358062744, -2.7576234340667725, -2.769162654876709, -2.7737720012664795, -2.78115177154541, -2.7914083003997803, -2.7986600399017334, -2.8081183433532715, -2.8147330284118652, -2.8241541385650635, -2.8310141563415527, -2.8401622772216797, -2.845222234725952, -2.853626251220703, -2.862339496612549, -2.870621919631958, -2.879585027694702, -2.8860654830932617, -2.8960652351379395, -2.903653860092163, -2.9114952087402344, -2.9220340251922607, -2.9189388751983643, -2.9343857765197754, -2.945902109146118, -2.947303295135498, -2.9611034393310547, -2.9716074466705322, -2.972799777984619, -2.9731967449188232, -2.9745826721191406, -2.9757654666900635, -2.9763002395629883, -2.977412223815918, -2.977808952331543, -2.979583263397217, -2.979771852493286, -2.980996608734131, -2.981489419937134], "val_loss": [0.6816063523292542, 0.49807092547416687, 0.2929115295410156, 0.06091312691569328, 0.38871654868125916, 0.08963748067617416, 15.868911743164062, 0.308831125497818, 0.8383198976516724, -0.16498729586601257, -0.13709257543087006, -0.1318676769733429, 0.05884121358394623, -0.12801294028759003, -0.1521843820810318, -0.23855705559253693, -0.23270918428897858, -0.4829026758670807, 0.23274241387844086, -0.0009755161008797586, -0.047846633940935135, -0.21479952335357666, 0.29496338963508606, -0.10733836144208908, -0.26626017689704895, -0.2542620003223419, -0.4143936336040497, -0.1331540197134018, -0.3372277319431305, -0.4793793559074402, -0.4902593195438385, -0.518245279788971, -0.5394822359085083, -0.5647737383842468, -0.5923912525177002, -0.6339967250823975, -0.6651188731193542, -0.7146008014678955, -0.7521670460700989, -0.8154356479644775, -0.9104655981063843, -0.9601487517356873, -0.9854016304016113, -1.1420278549194336, -0.9215982556343079, -1.074285626411438, -1.2662566900253296, -1.2912955284118652, -1.3227343559265137, -1.1973997354507446, -1.3844963312149048, -1.365997314453125, -1.4553406238555908, -1.540496587753296, -1.4120742082595825, -1.4685311317443848, -1.596611738204956, -1.4718239307403564, -1.6448698043823242, -1.1441113948822021, -1.7028348445892334, -1.699143648147583, -0.5838233828544617, -1.7315328121185303, -1.7204926013946533, -1.7668442726135254, -1.8065505027770996, -1.7988582849502563, -1.892793893814087, 0.7842119932174683, -1.7694103717803955, -1.8699445724487305, -1.6504970788955688, -1.7833654880523682, -1.7695344686508179, -2.033409357070923, -1.0878732204437256, -1.9453238248825073, -1.7735936641693115, -1.0518529415130615, -2.0085928440093994, -2.117428779602051, -1.6423758268356323, -2.1079890727996826, -2.0975003242492676, -2.1529881954193115, -2.2141273021698, -2.2565207481384277, -0.8694328665733337, -2.075299024581909, -2.1135897636413574, -2.112609624862671, -2.1673097610473633, -2.1776926517486572, -2.076141357421875, -1.7870069742202759, -2.176886796951294, -2.184842824935913, -1.7945142984390259, -2.263192892074585, -1.9378702640533447, -2.294492244720459, -2.1095712184906006, -2.2152671813964844, -2.2152552604675293, -2.295524835586548, -2.2406296730041504, -2.163825273513794, -2.301177501678467, -2.2295379638671875, -2.3763930797576904, -2.3900668621063232, -2.0511114597320557, -1.374582290649414, -2.3319785594940186, -2.4200191497802734, -0.4266291558742523, -1.901330828666687, -2.35309100151062, -2.3852121829986572, -2.262774705886841, 10.011329650878906, -2.229738473892212, -2.1939477920532227, -2.3025596141815186, -2.336249351501465, -2.366757869720459, -2.4141342639923096, -2.478771448135376, -2.482208728790283, -2.4827635288238525, -2.482762336730957, -2.483473539352417, -2.4856395721435547, -2.4926421642303467, -2.4945263862609863, -2.494823455810547, -2.491994857788086, -2.4968008995056152, -2.4959468841552734, -2.492234230041504, -2.4946820735931396, -2.497023344039917, -2.492759943008423, -2.481820821762085, -2.482621908187866, -2.4874074459075928, -2.486475944519043, -2.4760425090789795, -2.4752190113067627, -2.479318857192993, -2.4718217849731445, -2.4780666828155518, -2.4640696048736572, -2.4670448303222656, -2.4641318321228027, -2.459002733230591, -2.4605321884155273, -2.4607088565826416, -2.460695743560791, -2.459261417388916, -2.459213972091675, -2.4587926864624023, -2.4573230743408203, -2.4571595191955566, -2.458249092102051, -2.4561502933502197],