{"n_parameters": 204850, "training_time": 1.845973014831543, "loss": [53.179725646972656, 1.6636886596679688, 2.428039312362671, 2.521751642227173, 1.7863712310791016, 2.3026421070098877, 1.399424433708191, 2.0010037422180176, 1.3239483833312988, 1.4170292615890503, 0.8631643652915955, 0.9634754657745361, 0.7329838871955872, 0.7434743642807007, 0.634872555732727, 0.5256715416908264, 0.44836077094078064, 0.33203327655792236, 0.35119548439979553, 0.2856752872467041, 0.4625019431114197, 0.0967482477426529, 0.15006478130817413, 0.45846083760261536, 0.3236936926841736, 0.21694789826869965, 0.14204935729503632, -0.0659513995051384, 0.20761427283287048, 0.2495967149734497, 0.05474654957652092, 0.4320828318595886, 0.2922074496746063, -0.04031304642558098, 0.08492892235517502, 0.3095943331718445, -0.04115154594182968, 0.18007919192314148, 0.21034009754657745, -0.08639649301767349, 0.4470118582248688, 1.1054526567459106, 0.4283119738101959, -0.08048328757286072, 0.014612384140491486, -0.06639762222766876, 0.31124505400657654, 0.022706570103764534, 0.30303284525871277, -0.188840851187706, 0.5124270915985107, 2.2884559631347656, 0.1463940143585205, -0.09587161242961884, 0.029984083026647568, -0.1461646854877472, -0.285984069108963, -0.37586188316345215, -0.5086877942085266, -0.6783314347267151, -0.8775184154510498, -1.004211187362671, -1.1964939832687378, -1.2366831302642822, -1.3638955354690552, -1.3258023262023926, -1.4068140983581543, -1.7750799655914307, -1.1243056058883667, -1.7593944072723389, -1.447217345237732, -1.818374752998352, -1.211812138557434, -1.897821307182312, -1.557720422744751, -1.50682532787323, -1.7204135656356812, -1.5566320419311523, -1.6053105592727661, -1.6087590456008911, -1.4514172077178955, -1.892453908920288, -1.5682177543640137, -1.8889985084533691, -2.052629232406616, -2.091876268386841, -2.1354520320892334, -2.180860757827759, -2.2194149494171143, -2.271946668624878, -2.296415328979492, -2.3546504974365234, -2.3814125061035156, -2.4256598949432373, -2.4714713096618652, -2.4867300987243652, -2.5323829650878906, -2.55644154548645, -2.58300518989563, -2.5962026119232178, -2.652775526046753, -2.692615270614624, -2.695542097091675, -2.699610471725464, -2.7034976482391357, -2.707545518875122, -2.7115719318389893, -2.714826822280884, -2.718879461288452, -2.7233574390411377, -2.727245807647705, -2.731393814086914, -2.7319092750549316, -2.732564687728882, -2.7329611778259277, -2.733462333679199, -2.733785390853882, -2.7341856956481934], "val_loss": [1.7004905939102173, 1.8393772840499878, 1.4947971105575562, 2.1828675270080566, 2.0318939685821533, 1.4301165342330933, 1.0566508769989014, 1.1387946605682373, 1.3076672554016113, 0.8274211287498474, 0.8463857769966125, 0.8168514370918274, 0.8129173517227173, 0.5852997303009033, 0.4363396465778351, 0.6284517049789429, 0.22191110253334045, 0.2620954215526581, 0.12883298099040985, 0.3231663703918457, 0.04270406812429428, 0.7733821272850037, 1.4485222101211548, -0.11636961251497269, -0.06932001560926437, 0.13282714784145355, 0.14774367213249207, -0.015236203558743, 0.28461506962776184, 0.3520512282848358, -0.16969230771064758, -0.028541795909404755, 0.38146787881851196, 3.1186647415161133, -0.045097943395376205, 0.12111617624759674, 0.0022363208699971437, -0.040980264544487, 0.10877732187509537, 2.539323091506958, -0.25709566473960876, -0.07207704335451126, 0.04876989126205444, -0.20337048172950745, -0.20254559814929962, -0.3361908495426178, -0.1656029224395752, -0.18815481662750244, -0.007178445812314749, 3.6955039501190186, -0.2658703327178955, 0.4738091230392456, -0.18992343544960022, -0.2170645147562027, -0.24109460413455963, -0.2351907640695572, -0.31639406085014343, -0.4187486171722412, -0.5842784643173218, -0.6099762320518494, -0.9146935343742371, -0.9841449856758118, -1.2344268560409546, -1.3728916645050049, -1.4302603006362915, -1.446821928024292, -1.3255760669708252, -1.1521427631378174, -1.6220552921295166, -1.283711314201355, -0.8911065459251404, -1.7216622829437256, -1.7460495233535767, -0.6471278071403503, -1.4937002658843994, -0.9085327982902527, -0.2662762701511383, -1.1944652795791626, -1.3958243131637573, -1.7225173711776733, -1.6390818357467651, -0.7934304475784302, -1.2363017797470093, -1.7418924570083618, -1.7591770887374878, -1.784232258796692, -1.8204883337020874, -1.816265344619751, -1.8076850175857544, -1.7719674110412598, -1.8561327457427979, -1.833900809288025, -1.825548529624939, -1.7849420309066772, -1.834089756011963, -1.7748183012008667, -1.7124874591827393, -1.7622429132461548, -1.7120518684387207, -1.770518183708191, -1.735326886177063, -1.712475299835205, -1.7277342081069946, -1.7101283073425293, -1.6994428634643555, -1.6938869953155518, -1.6807268857955933, -1.678945541381836, -1.6823790073394775, -1.6890825033187866, -1.665063738822937, -1.6661735773086548, -1.6676721572875977, -1.6683225631713867, -1.6694204807281494, -1.668339490890503, -1.6673094034194946, -1.667772889137268], "lr": [0.003581913420930505, 0.003581913420930505, 0.003581913420930505, 0.003581913420930505, 0.003581913420930505, 0.003581913420930505, 0.003581913420930505, 0.003581913420930505, 0.003581913420930505, 0.003581913420930505, 0.003581913420930505, 0.003581913420930505, 0.003581913420930505, 0.003581913420930505, 0.003581913420930505, 0.003581913420930505, 0.003581913420930505, 0.003581913420930505, 0.003581913420930505, 0.003581913420930505, 0.003581913420930505, 0.003581913420930505, 0.003581913420930505, 0.003581913420930505, 0.003581913420930505, 0.003581913420930505, 0.003581913420930505, 0.003581913420930505, 0.003581913420930505, 0.003581913420930505, 0.003581913420930505, 0.003581913420930505, 0.003581913420930505, 0.003581913420930505, 0.003581913420930505, 0.003581913420930505, 0.003581913420930505, 0.003581913420930505, 0.003581913420930505, 0.003581913420930505, 0.003581913420930505, 0.003581913420930505, 0.003581913420930505, 0.003581913420930505, 0.003581913420930505, 0.003581913420930505, 0.003581913420930505, 0.003581913420930505, 0.003581913420930505, 0.003581913420930505, 0.003581913420930505, 0.003581913420930505, 0.003581913420930505, 0.003581913420930505, 0.003581913420930505, 0.003581913420930505, 0.00035819134791381657, 0.00035819134791381657, 0.00035819134791381657, 0.00035819134791381657, 0.00035819134791381657, 0.00035819134791381657, 0.00035819134791381657, 0.00035819134791381657, 0.00035819134791381657, 0.00035819134791381657, 0.00035819134791381657, 0.00035819134791381657, 0.00035819134791381657, 0.00035819134791381657, 0.00035819134791381657, 0.00035819134791381657, 0.00035819134791381657, 0.00035819134791381657, 0.00035819134791381657, 0.00035819134791381657, 0.00035819134791381657, 0.00035819134791381657, 0.00035819134791381657, 0.00035819134791381657, 0.00035819134791381657, 0.00035819134791381657, 0.00035819134791381657, 3.581913551897742e-05, 3.581913551897742e-05, 3.581913551897742e-05, 3.581913551897742e-05, 3.581913551897742e-05, 3.581913551897742e-05, 3.581913551897742e-05, 3.581913551897742e-05, 3.581913551897742e-05, 3.581913551897742e-05, 3.581913551897742e-05, 3.581913551897742e-05, 3.581913551897742e-05, 3.581913551897742e-05, 3.581913551897742e-05, 3.581913551897742e-05, 3.581913551897742e-05, 3.581913551897742e-05, 3.5819134609482717e-06, 3.5819134609482717e-06, 3.5819134609482717e-06, 3.5819134609482717e-06, 3.5819134609482717e-06, 3.5819134609482717e-06, 3.5819134609482717e-06, 3.5819134609482717e-06, 3.5819134609482717e-06, 3.5819134609482717e-06, 3.5819135746351094e-07, 3.5819135746351094e-07, 3.5819135746351094e-07, 3.5819135746351094e-07, 3.5819135746351094e-07, 3.5819135746351094e-07, 3.5819135746351094e-07]}