{"n_parameters": 91618, "training_time": 2.4937689304351807, "loss": [1.0522321462631226, 0.7389863133430481, 0.6535738706588745, 0.6269055008888245, 0.6174001097679138, 0.6117775440216064, 0.6073157787322998, 0.6032040119171143, 0.5998840928077698, 0.5969404578208923, 0.5939462184906006, 0.5914422869682312, 0.5891757607460022, 0.5862609148025513, 0.584961473941803, 0.5823188424110413, 0.5801181197166443, 0.5783390402793884, 0.5767443776130676, 0.5754712820053101, 0.5737432241439819, 0.5719970464706421, 0.5707231760025024, 0.5694352984428406, 0.5682145357131958, 0.5670514702796936, 0.5657345652580261, 0.5648047924041748, 0.5636604428291321, 0.5628345608711243, 0.5614522099494934, 0.5605881214141846, 0.5596734285354614, 0.5587048530578613, 0.5577853918075562, 0.556915819644928, 0.5561752319335938, 0.555139422416687, 0.5542919039726257, 0.5533186793327332, 0.5525404810905457, 0.5517507791519165, 0.5510595440864563, 0.5501711368560791, 0.5493903756141663, 0.5486735701560974, 0.5482078790664673, 0.54746013879776, 0.546471357345581, 0.5459372997283936, 0.5451635122299194, 0.5444233417510986, 0.5437777638435364, 0.5430507063865662, 0.5422394871711731, 0.5417912006378174, 0.541176438331604, 0.54022216796875, 0.5395649671554565, 0.5389238595962524, 0.5382878184318542, 0.5376359224319458, 0.5369879007339478, 0.536380410194397, 0.5356770753860474, 0.5349754095077515, 0.5343493223190308, 0.5336255431175232, 0.5331993103027344, 0.532416045665741, 0.5319318771362305, 0.5311508774757385, 0.5304914116859436, 0.5298148393630981, 0.5293518304824829, 0.5287752151489258, 0.5279725790023804, 0.5276456475257874, 0.5268641710281372, 0.5263463258743286, 0.5257141590118408, 0.5250913500785828, 0.5245734453201294, 0.5239816904067993, 0.5233936905860901, 0.5226760506629944, 0.5220649838447571, 0.5213690996170044, 0.5208534598350525, 0.5203061699867249, 0.5197033286094666, 0.5190648436546326, 0.5185562372207642, 0.5178345441818237, 0.5173317790031433, 0.5167360901832581, 0.5160960555076599, 0.5155088901519775, 0.5149837136268616, 0.5144044160842896, 0.5138136148452759, 0.513207197189331, 0.5127535462379456, 0.5121175646781921, 0.5115076899528503, 0.5108469128608704, 0.5103923082351685, 0.5098656415939331, 0.509138286113739, 0.5088083744049072, 0.5081948041915894, 0.5075335502624512, 0.507005512714386, 0.5063427090644836, 0.5057359337806702, 0.5051913261413574, 0.5045899152755737, 0.504214346408844, 0.5034937858581543, 0.5029749870300293, 0.5023726224899292, 0.5018596053123474, 0.5012458562850952, 0.5009790062904358, 0.5001911520957947, 0.499549925327301, 0.4990689754486084, 0.4986248016357422, 0.4979785978794098, 0.49740177392959595, 0.4968586564064026, 0.4963672161102295, 0.4958024024963379, 0.4951852560043335, 0.49481284618377686, 0.49408385157585144, 0.49357885122299194, 0.49298208951950073, 0.4924437999725342, 0.49200499057769775, 0.4914390444755554, 0.49079662561416626, 0.49028661847114563, 0.4896649122238159, 0.489262193441391, 0.48868516087532043, 0.48802903294563293, 0.48753514885902405, 0.4869903028011322, 0.4864031672477722, 0.48587191104888916, 0.48546871542930603, 0.48500826954841614, 0.4843660295009613, 0.48371031880378723, 0.48335686326026917, 0.4827611744403839, 0.48209187388420105, 0.48149192333221436, 0.4810122549533844, 0.4804321527481079, 0.4798983931541443, 0.4792736768722534, 0.47883811593055725, 0.4782218039035797, 0.47766682505607605, 0.47711434960365295, 0.47660210728645325, 0.4760737717151642, 0.475407212972641, 0.47494053840637207, 0.4745135009288788, 0.47389015555381775, 0.4732915163040161, 0.4727979600429535, 0.47219589352607727, 0.47164273262023926, 0.4710722267627716, 0.4706059992313385, 0.46999260783195496, 0.4695342481136322, 0.4690117835998535, 0.46834319829940796, 0.4677111804485321, 0.467197060585022, 0.4666529595851898, 0.46605774760246277, 0.46550652384757996, 0.46493881940841675, 0.4644905626773834, 0.4638800323009491, 0.4633248448371887, 0.46276286244392395, 0.4622025191783905, 0.46171507239341736, 0.4611445963382721, 0.4605814814567566, 0.4599704444408417, 0.45939382910728455, 0.45885583758354187],