{"n_parameters": 100130, "training_time": 2.3881781101226807, "loss": [3.3133151531219482, 0.649455189704895, 0.5851782560348511, 1.1125274896621704, 0.5153162479400635, 0.4862445592880249, 0.4492048919200897, 0.8187152147293091, 0.3389350175857544, 0.5544788241386414, 0.38458961248397827, 0.15737898647785187, 1.4608402252197266, 0.41395625472068787, 0.3075645864009857, 0.14388111233711243, 0.6972119212150574, 0.2562424838542938, 0.11250626295804977, 0.36497852206230164, -0.0338686965405941, 0.9048407673835754, 2.3841392993927, 0.4895230233669281, 0.3609810471534729, 0.09247542917728424, 0.24432553350925446, -0.027132613584399223, 0.008832111954689026, -0.1437751203775406, -0.08591194450855255, -0.25081682205200195, 1.282170057296753, 0.2108561098575592, 0.5267056822776794, 0.14995117485523224, 0.2842711806297302, -0.11013495922088623, 2.8849806785583496, 0.531305730342865, 0.43372371792793274, 0.25949355959892273, 0.06874774396419525, -0.03160766512155533, -0.16207219660282135, -0.3286406099796295, -0.5609140396118164, -0.7109145522117615, -0.578109622001648, -0.9716824889183044, -1.0170081853866577, 0.147352397441864, -0.9346668720245361, -1.0602666139602661, -1.1738826036453247, -1.277240514755249, -0.9182507991790771, -1.32004976272583, -1.4015016555786133, -1.5246936082839966, -1.2182397842407227, -0.49162572622299194, -1.1975337266921997, -1.3517029285430908, -1.5148640871047974, -1.6021952629089355, -1.7034167051315308, -1.6715924739837646, -1.386513352394104, -1.6670271158218384, -1.8024903535842896, -1.9617425203323364, -1.208848237991333, -1.5165783166885376, -1.8850138187408447, -1.9710315465927124, -2.042861223220825, -1.1721752882003784, -1.6974644660949707, -1.9607130289077759, -2.0546138286590576, -2.176774740219116, -1.3190518617630005, -1.6612555980682373, -1.9224013090133667, -2.061474084854126, -2.180030107498169, -2.215740442276001, -2.234255790710449, -2.251056432723999, -2.263427734375, -2.2790815830230713, -2.2937304973602295, -2.309654712677002, -2.323460340499878, -2.339484930038452, -2.353550434112549, -2.3693649768829346, -2.380674362182617], "val_loss": [0.669948399066925, 0.5790557861328125, 1.0307891368865967, 0.5458264946937561, 0.4542217552661896, 0.3884487748146057, 0.30616655945777893, 0.5103219747543335, 0.28120166063308716, 0.5162795186042786, 0.3227744996547699, 0.31758835911750793, 0.38184472918510437, 0.2587151527404785, 0.21538451313972473, 0.03706636279821396, 0.18630197644233704, 0.18071961402893066, 1.0078352689743042, 0.1189475730061531, -0.23274248838424683, 0.0961199700832367, 0.6767780780792236, 0.35037291049957275, 0.09272962808609009, -0.10116341710090637, 0.09377609193325043, -0.00782230868935585, -0.20482337474822998, -0.25350409746170044, -0.1322321742773056, 0.3969578444957733, 0.26622632145881653, -0.002615497214719653, 0.18027427792549133, 0.747494637966156, 0.13353165984153748, -0.1692495197057724, 0.5840379595756531, 0.4780307114124298, 0.360481321811676, 0.2073153257369995, 0.10496634244918823, 0.006686605978757143, -0.15336176753044128, -0.3346518278121948, -0.5416831374168396, -0.01847054809331894, -0.7593444585800171, -0.8961842656135559, 1.040643572807312, -0.675803005695343, -0.7343002557754517, -0.8512759804725647, -0.941091775894165, -0.9785079956054688, -0.9866053462028503, -1.051629900932312, -0.9342187643051147, -1.0499260425567627, 1.2008616924285889, -0.9047075510025024, -0.9383313059806824, -1.203628659248352, -1.1954469680786133, -1.2253811359405518, -1.2747267484664917, -1.0624830722808838, -0.901786744594574, -0.9637957215309143, -0.9849241971969604, -0.8755801320075989, -0.726763129234314, -1.3381229639053345, -1.1951595544815063, -0.8270973563194275, 0.4605958163738251, -0.9619125127792358, -0.9750519394874573, -1.1251778602600098, -1.2891899347305298, -0.8005223274230957, 0.3614162504673004, -0.8668918013572693, -1.0874285697937012, -1.0786690711975098, -1.1699957847595215, -1.1915953159332275, -1.184702754020691, -1.1831741333007812, -1.1623800992965698, -1.1353312730789185, -1.1231471300125122, -1.1058348417282104, -1.0884404182434082, -1.064588189125061, -1.0513626337051392, -1.0120435953140259, -1.0135191679000854], "lr": [0.004086359869688749, 0.004086359869688749, 0.004086359869688749, 0.004086359869688749, 0.004086359869688749, 0.004086359869688749, 0.004086359869688749, 0.004086359869688749, 0.004086359869688749, 0.004086359869688749, 0.004086359869688749, 0.004086359869688749, 0.004086359869688749, 0.004086359869688749, 0.004086359869688749, 0.004086359869688749, 0.004086359869688749, 0.004086359869688749, 0.004086359869688749, 0.004086359869688749, 0.004086359869688749, 0.004086359869688749, 0.004086359869688749, 0.004086359869688749, 0.004086359869688749, 0.004086359869688749, 0.004086359869688749, 0.004086359869688749, 0.004086359869688749, 0.004086359869688749, 0.004086359869688749, 0.004086359869688749, 0.004086359869688749, 0.004086359869688749, 0.004086359869688749, 0.004086359869688749, 0.004086359869688749, 0.004086359869688749, 0.004086359869688749, 0.004086359869688749, 0.004086359869688749, 0.004086359869688749, 0.0004086359986104071, 0.0004086359986104071, 0.0004086359986104071, 0.0004086359986104071, 0.0004086359986104071, 0.0004086359986104071, 0.0004086359986104071, 0.0004086359986104071, 0.0004086359986104071, 0.0004086359986104071, 0.0004086359986104071, 0.0004086359986104071, 0.0004086359986104071, 0.0004086359986104071, 0.0004086359986104071, 0.0004086359986104071, 0.0004086359986104071, 0.0004086359986104071, 0.0004086359986104071, 0.0004086359986104071, 0.0004086359986104071, 0.0004086359986104071, 0.0004086359986104071, 0.0004086359986104071, 0.0004086359986104071, 0.0004086359986104071, 0.0004086359986104071, 0.0004086359986104071, 0.0004086359986104071, 0.0004086359986104071, 0.0004086359986104071, 0.0004086359986104071, 0.0004086359986104071, 0.0004086359986104071, 0.0004086359986104071, 0.0004086359986104071, 0.0004086359986104071, 0.0004086359986104071, 0.0004086359986104071, 0.0004086359986104071, 0.0004086359986104071, 0.0004086359986104071, 0.0004086359986104071, 0.0004086359986104071, 4.086360058863647e-05, 4.086360058863647e-05, 4.086360058863647e-05, 4.086360058863647e-05, 4.086360058863647e-05, 4.086360058863647e-05, 4.086360058863647e-05, 4.086360058863647e-05, 4.086360058863647e-05, 4.086360058863647e-05, 4.086360058863647e-05, 4.086360058863647e-05, 4.0863601498131175e-06]}