{"n_parameters": 81074, "training_time": 1.2924721240997314, "loss": [2.2523369789123535, 0.8169530034065247, 0.8265356421470642, 0.5511235594749451, 0.5433856248855591, 0.7384771704673767, 0.2705727517604828, 1.2151156663894653, 0.4326867461204529, 0.3744660019874573, 0.2354423701763153, 0.017573093995451927, 1.3679959774017334, 0.1822395920753479, 0.034823644906282425, 0.6275710463523865, 0.10513796657323837, 0.013378849253058434, -0.12428571283817291, -0.4272175133228302, 2.31118106842041, 0.37365323305130005, 0.010690481401979923, -0.1342918872833252, -0.33621829748153687, -0.5094677805900574, -0.06055927649140358, -0.570034384727478, 2.2818198204040527, 0.14753767848014832, 0.04810108616948128, 0.07727989554405212, -0.10953032970428467, -0.15821732580661774, -0.19419948756694794, -0.23085300624370575, -0.26934272050857544, -0.3099581301212311, -0.3501094579696655, -0.39574262499809265, -0.439301073551178, -0.48761436343193054, -0.539960503578186, -0.5928845405578613], "val_loss": [0.8561078310012817, 0.9436585307121277, 0.6529915928840637, 0.46323373913764954, 0.4119730293750763, 0.322664737701416, 0.10485322028398514, 0.41542237997055054, 0.4136083126068115, 0.30730950832366943, 0.1384902447462082, 0.27791550755500793, 0.23908141255378723, 0.15984542667865753, -0.021723080426454544, 0.14501352608203888, -0.01368262991309166, -0.1619410365819931, -0.19669875502586365, -0.7043482661247253, 0.3805994391441345, 0.2646685838699341, 0.31160861253738403, -0.33406883478164673, -0.4157409071922302, -0.6135510206222534, -0.40140408277511597, -0.5718624591827393, 0.14303766191005707, 0.09453056752681732, -0.04412991926074028, -0.1556214839220047, -0.18385691940784454, -0.20789876580238342, -0.23967252671718597, -0.27442866563796997, -0.3102220296859741, -0.34346261620521545, -0.3868834674358368, -0.4273745119571686, -0.47472986578941345, -0.5227670073509216, -0.5710282325744629, -0.6264006495475769], "lr": [0.005928139667958021, 0.005928139667958021, 0.005928139667958021, 0.005928139667958021, 0.005928139667958021, 0.005928139667958021, 0.005928139667958021, 0.005928139667958021, 0.005928139667958021, 0.005928139667958021, 0.005928139667958021, 0.005928139667958021, 0.005928139667958021, 0.005928139667958021, 0.005928139667958021, 0.005928139667958021, 0.005928139667958021, 0.005928139667958021, 0.005928139667958021, 0.005928139667958021, 0.005928139667958021, 0.005928139667958021, 0.005928139667958021, 0.005928139667958021, 0.005928139667958021, 0.005928139667958021, 0.005928139667958021, 0.005928139667958021, 0.005928139667958021, 0.005928139667958021, 0.005928139667958021, 0.005928139667958021, 0.0005928139435127378, 0.0005928139435127378, 0.0005928139435127378, 0.0005928139435127378, 0.0005928139435127378, 0.0005928139435127378, 0.0005928139435127378, 0.0005928139435127378, 0.0005928139435127378, 0.0005928139435127378, 0.0005928139435127378, 0.0005928139435127378]}