{"n_parameters": 226594, "training_time": 1.6033952236175537, "loss": [103810.90625, 9.7825288772583, 9.596739768981934, 10.065698623657227, 9.000728607177734, 9.50693130493164, 9.38690185546875, 9.55839729309082, 10.699762344360352, 8.97323226928711, 9.626933097839355, 10.32109260559082, 8.95118522644043, 12.335328102111816, 9.129169464111328, 22.792510986328125, 7.979881286621094, 8.791194915771484, 8.85909652709961, 6.206717014312744, 9.507596015930176, 2.653027057647705, 1.0233405828475952, 0.7924364805221558, 0.7429298162460327, 0.6884337663650513, 0.6758429408073425, 0.561191976070404, 0.6200982332229614, 0.6164295077323914, 0.5746088624000549, 0.5382398962974548, 0.5049088597297668, 0.5747795701026917, 0.5146887302398682, 0.5062718987464905, 0.6031813025474548, 0.5200737118721008, 0.5435945391654968, 0.5040602684020996, 0.4978863000869751, 0.5269964933395386, 0.51127028465271, 0.5297409892082214, 0.5729401111602783, 0.5119844079017639, 0.528803288936615, 0.5347162485122681, 0.5055645704269409, 0.5051389336585999, 0.49759918451309204, 0.4930931329727173, 0.48722198605537415, 0.4853844940662384, 0.48773521184921265, 0.48518669605255127, 0.4817550480365753, 0.4864637553691864, 0.4843820035457611, 0.4846899211406708, 0.48354294896125793, 0.4851265549659729, 0.4855305552482605, 0.483236163854599, 0.48123791813850403, 0.48144131898880005, 0.4815026521682739, 0.48120516538619995, 0.4814179539680481, 0.4812116026878357, 0.48126131296157837, 0.480940043926239, 0.48138415813446045, 0.4808008670806885, 0.4805656671524048, 0.48057717084884644, 0.4805557429790497, 0.4805840253829956, 0.48058825731277466, 0.4805750250816345, 0.4805856943130493, 0.4805699586868286, 0.4805547893047333, 0.48057258129119873, 0.48051199316978455, 0.4805169403553009], "val_loss": [9.688718795776367, 9.48533821105957, 9.165804862976074, 9.060373306274414, 11.154831886291504, 9.756051063537598, 10.200944900512695, 8.81686782836914, 9.021612167358398, 8.775915145874023, 8.893169403076172, 9.068697929382324, 8.62885856628418, 8.701292037963867, 18.498001098632812, 8.260382652282715, 8.085861206054688, 7.749083042144775, 6.970823287963867, 4.855663776397705, 2.559403896331787, 1.2031089067459106, 0.8433977365493774, 0.7381037473678589, 0.754467248916626, 0.7660261988639832, 0.6071874499320984, 1.250706434249878, 1.1003326177597046, 0.6946347951889038, 0.6943177580833435, 0.5508930683135986, 0.5810849666595459, 0.52986079454422, 0.5970591902732849, 1.2340556383132935, 0.5329298973083496, 0.6798012256622314, 0.5176451802253723, 0.8480404019355774, 0.5315277576446533, 0.5233137607574463, 0.593971312046051, 0.6661269068717957, 0.5259043574333191, 0.6112290024757385, 0.6153104305267334, 0.5391582250595093, 0.5367244482040405, 0.5267773866653442, 0.519447922706604, 0.5164372324943542, 0.5181647539138794, 0.5142308473587036, 0.5171698331832886, 0.5141932964324951, 0.5152013897895813, 0.5142464637756348, 0.5147091150283813, 0.515095591545105, 0.5152922868728638, 0.5162939429283142, 0.5148508548736572, 0.5151132941246033, 0.5150792598724365, 0.5150771141052246, 0.5150763988494873, 0.5150813460350037, 0.5150616765022278, 0.5150947570800781, 0.5150790214538574, 0.5151125192642212, 0.5151554942131042, 0.5151801705360413, 0.5151799321174622, 0.5151811242103577, 0.5151783227920532, 0.5151795744895935, 0.5151821970939636, 0.5151880383491516, 0.5151927471160889, 0.5151951313018799, 0.5151975750923157, 0.5152013301849365, 0.5152013897895813, 0.5152016282081604], "lr": [0.06425929069519043, 0.06425929069519043, 0.06425929069519043, 0.06425929069519043, 0.06425929069519043, 0.06425929069519043, 0.06425929069519043, 0.06425929069519043, 0.06425929069519043, 0.06425929069519043, 0.06425929069519043, 0.06425929069519043, 0.06425929069519043, 0.06425929069519043, 0.06425929069519043, 0.06425929069519043, 0.06425929069519043, 0.06425929069519043, 0.06425929069519043, 0.06425929069519043, 0.06425929069519043, 0.06425929069519043, 0.06425929069519043, 0.06425929069519043, 0.06425929069519043, 0.06425929069519043, 0.06425929069519043, 0.06425929069519043, 0.06425929069519043, 0.06425929069519043, 0.06425929069519043, 0.06425929069519043, 0.06425929069519043, 0.06425929069519043, 0.06425929069519043, 0.06425929069519043, 0.06425929069519043, 0.06425929069519043, 0.06425929069519043, 0.06425929069519043, 0.06425929069519043, 0.06425929069519043, 0.06425929069519043, 0.06425929069519043, 0.06425929069519043, 0.06425929069519043, 0.06425929069519043, 0.06425929069519043, 0.06425929069519043, 0.006425929255783558, 0.006425929255783558, 0.006425929255783558, 0.006425929255783558, 0.006425929255783558, 0.006425929255783558, 0.006425929255783558, 0.006425929255783558, 0.006425929255783558, 0.006425929255783558, 0.006425929255783558, 0.006425929255783558, 0.006425929255783558, 0.006425929255783558, 0.006425929255783558, 0.0006425929022952914, 0.0006425929022952914, 0.0006425929022952914, 0.0006425929022952914, 0.0006425929022952914, 0.0006425929022952914, 0.0006425929022952914, 0.0006425929022952914, 0.0006425929022952914, 0.0006425929022952914, 6.425929313991219e-05, 6.425929313991219e-05, 6.425929313991219e-05, 6.425929313991219e-05, 6.425929313991219e-05, 6.425929313991219e-05, 6.425929313991219e-05, 6.425929313991219e-05, 6.425929313991219e-05, 6.425929313991219e-05, 6.425929313991219e-06, 6.425929313991219e-06]}