{"n_parameters": 94978, "training_time": 2.1607930660247803, "loss": [1.4020718336105347, 0.6487700939178467, 0.8908575177192688, 1.1253999471664429, 0.5209463834762573, 0.35891562700271606, 0.31957823038101196, 2.2278289794921875, 0.24777379631996155, 0.48115116357803345, 0.17804625630378723, 0.09238329529762268, 0.34967169165611267, -0.028948385268449783, 0.14818820357322693, -0.23639090359210968, 0.3438725769519806, -0.18551331758499146, 0.3811711370944977, -0.05056842416524887, 0.20521964132785797, 1.190598964691162, 0.19728726148605347, 0.09016475081443787, -0.1015082448720932, 2.0072269439697266, 0.4780709445476532, 0.35680341720581055, 0.19334425032138824, 0.018769122660160065, -0.040168289095163345, -0.10049281269311905, -0.16830715537071228, -0.24036090075969696, -0.32158809900283813, -0.4087406396865845, -0.501025915145874, -0.603627622127533, -0.7009789347648621, -0.8061897158622742, -0.8896725177764893, -0.9726136922836304, -0.7105281949043274, -1.0405522584915161, -1.144720435142517, -1.1690363883972168, -1.28446626663208, -1.3367624282836914, -1.2476998567581177, -1.027289867401123, -1.310346245765686, -1.4658628702163696, -1.537223219871521, -1.595249056816101, -1.5682079792022705, -1.3133702278137207, -1.5108442306518555, -1.6461968421936035, -1.6463788747787476, -1.5955770015716553, -1.7580444812774658, -1.9017651081085205, -1.7030771970748901, -1.2283546924591064, -1.7845499515533447, -1.9606753587722778, -1.8902961015701294, -2.0911757946014404, -1.5936824083328247, -1.5752668380737305, -1.1523889303207397, -1.8794384002685547, -1.9944069385528564, -2.1276912689208984, -2.197375535964966, -2.22802472114563, -1.4171090126037598, -1.1034427881240845, -1.9480754137039185, -2.0736563205718994, -2.1375741958618164, -2.161832332611084, -2.1737968921661377, -2.1897146701812744, -2.2021517753601074, -2.214273691177368, -2.2225871086120605, -2.2367606163024902, -2.2463858127593994, -2.2571260929107666, -2.267843723297119, -2.2691028118133545], "val_loss": [0.6186701059341431, 0.9470466375350952, 1.1390330791473389, 0.5535701513290405, 0.4489791691303253, 0.24809439480304718, 15.266691207885742, 0.33254915475845337, 0.644382894039154, 0.305503249168396, 0.16635791957378387, 0.052372876554727554, 0.07904141396284103, 0.34467729926109314, -0.11719758063554764, -0.19565753638744354, -0.11142676323652267, -0.3043072521686554, 0.1471676230430603, -0.12048270553350449, 4.648214817047119, 0.2267078012228012, 0.16197964549064636, 0.008677950128912926, -0.13303135335445404, 1.0308518409729004, 0.4100874364376068, 0.296148419380188, 0.07304400205612183, 0.025804681703448296, -0.026147449389100075, -0.08696075528860092, -0.15341490507125854, -0.22781838476657867, -0.3024592697620392, -0.37120887637138367, -0.47309592366218567, -0.5190788507461548, -0.5749372839927673, -0.745472252368927, -0.8087725639343262, -0.9081095457077026, -0.88986736536026, -0.9516913294792175, -0.9840778708457947, -1.0983434915542603, -0.9930709600448608, -1.0938583612442017, -0.9882543087005615, -0.9523345828056335, -1.1136934757232666, -1.2310400009155273, -1.2232710123062134, -1.3608653545379639, -1.2509841918945312, -1.3111815452575684, -1.1040278673171997, -1.4738354682922363, -1.3245344161987305, -1.2206284999847412, -1.2769979238510132, -0.6650701761245728, -1.2812187671661377, -1.088645577430725, -1.3839904069900513, -1.3180090188980103, -1.4804197549819946, -1.4997377395629883, -0.7762427926063538, 0.056938640773296356, -1.4168223142623901, -1.453385591506958, -1.4867700338363647, -1.425018310546875, -1.1212657690048218, -1.2581015825271606, 0.6683815717697144, -1.1978461742401123, -1.298566460609436, -1.4378055334091187, -1.4425450563430786, -1.4476654529571533, -1.4448213577270508, -1.4416179656982422, -1.4366058111190796, -1.4346174001693726, -1.4298614263534546, -1.427478551864624, -1.4150961637496948, -1.4168933629989624, -1.41683030128479, -1.4166936874389648], "lr": [0.003044619457796216, 0.003044619457796216, 0.003044619457796216, 0.003044619457796216, 0.003044619457796216, 0.003044619457796216, 0.003044619457796216, 0.003044619457796216, 0.003044619457796216, 0.003044619457796216, 0.003044619457796216, 0.003044619457796216, 0.003044619457796216, 0.003044619457796216, 0.003044619457796216, 0.003044619457796216, 0.003044619457796216, 0.003044619457796216, 0.003044619457796216, 0.003044619457796216, 0.003044619457796216, 0.003044619457796216, 0.003044619457796216, 0.003044619457796216, 0.003044619457796216, 0.003044619457796216, 0.003044619457796216, 0.003044619457796216, 0.003044619457796216, 0.0003044619516003877, 0.0003044619516003877, 0.0003044619516003877, 0.0003044619516003877, 0.0003044619516003877, 0.0003044619516003877, 0.0003044619516003877, 0.0003044619516003877, 0.0003044619516003877, 0.0003044619516003877, 0.0003044619516003877, 0.0003044619516003877, 0.0003044619516003877, 0.0003044619516003877, 0.0003044619516003877, 0.0003044619516003877, 0.0003044619516003877, 0.0003044619516003877, 0.0003044619516003877, 0.0003044619516003877, 0.0003044619516003877, 0.0003044619516003877, 0.0003044619516003877, 0.0003044619516003877, 0.0003044619516003877, 0.0003044619516003877, 0.0003044619516003877, 0.0003044619516003877, 0.0003044619516003877, 0.0003044619516003877, 0.0003044619516003877, 0.0003044619516003877, 0.0003044619516003877, 0.0003044619516003877, 0.0003044619516003877, 0.0003044619516003877, 0.0003044619516003877, 0.0003044619516003877, 0.0003044619516003877, 0.0003044619516003877, 0.0003044619516003877, 0.0003044619516003877, 0.0003044619516003877, 0.0003044619516003877, 0.0003044619516003877, 0.0003044619516003877, 0.0003044619516003877, 0.0003044619516003877, 0.0003044619516003877, 0.0003044619516003877, 3.044619552383665e-05, 3.044619552383665e-05, 3.044619552383665e-05, 3.044619552383665e-05, 3.044619552383665e-05, 3.044619552383665e-05, 3.044619552383665e-05, 3.044619552383665e-05, 3.044619552383665e-05, 3.044619552383665e-05, 3.044619552383665e-05, 3.044619461434195e-06, 3.044619461434195e-06]}