{"n_parameters": 88962, "training_time": 1.8420627117156982, "loss": [4.331217288970947, 0.791552722454071, 1.0087180137634277, 0.7342800498008728, 0.5924666523933411, 0.6027036905288696, 0.5111802220344543, 0.47842830419540405, 0.33652645349502563, 0.29896464943885803, 0.23427875339984894, 0.17969296872615814, 0.3372108042240143, -0.06976549327373505, 0.02426803857088089, 0.10643289983272552, -0.05940309539437294, -0.11719540506601334, 0.14652800559997559, -0.1805475503206253, -0.09036831557750702, -0.29717475175857544, -0.07011972367763519, -0.1379663497209549, -0.1249118223786354, -0.20333166420459747, -0.2814550995826721, -0.07103708386421204, -0.32820677757263184, -0.17506611347198486, -0.35747092962265015, -0.23099522292613983, -0.32634949684143066, -0.4418350160121918, -0.2048630267381668, -0.5457528829574585, -0.19894908368587494, -0.4846184551715851, -0.5317937731742859, -0.1970188319683075, -0.5564338564872742, -0.4303859770298004, -0.4767678380012512, -0.5208864808082581, -0.21121859550476074, -0.6576007008552551, -0.4036673903465271, -0.594782292842865, -0.44786933064460754, -0.5127121806144714, -0.5032556653022766, -0.47319677472114563, -0.6241723299026489, -0.4604972302913666, -0.7557744979858398, -0.523809552192688, -0.5885738730430603, -0.6065136790275574, -0.37972044944763184, -0.7578952312469482, -0.6700373888015747, -0.6015841960906982, -0.38254210352897644, -0.706695556640625, -0.7287043929100037, -0.5605287551879883, -0.7026225924491882, -0.5383971929550171, -0.7340782880783081, -0.5765635967254639, -0.6969348788261414, -0.5634283423423767, -0.8981416821479797, -0.6950913667678833, -0.5874011516571045, -0.7615127563476562, -0.8108471035957336, -0.6540618538856506, -0.8232673406600952, -0.705582320690155, -0.669337809085846, -0.8458955883979797, -0.6642016172409058, -0.7125167846679688, -0.8945022821426392, -0.9351622462272644, -1.3287644386291504, -1.498544692993164, -1.6619219779968262, -1.8246772289276123, -1.9283466339111328, -1.9732598066329956, -2.086038827896118, -2.0459558963775635, -2.0644874572753906, -2.1385891437530518, -2.1106319427490234, -2.1992239952087402, -2.175201177597046, -2.1334691047668457, -2.1875505447387695, -2.238100290298462, -2.2556188106536865, -2.14492130279541, -2.190068244934082, -2.2591969966888428, -2.1540017127990723, -2.2964682579040527, -2.1602261066436768, -2.2698659896850586, -2.3131682872772217, -2.124161958694458, -2.402226448059082, -2.4420275688171387, -2.4442548751831055, -2.4471774101257324, -2.4425692558288574, -2.4514503479003906, -2.464677095413208, -2.4548611640930176, -2.4719302654266357, -2.4648799896240234, -2.4721126556396484, -2.479247570037842], "val_loss": [0.49873751401901245, 1.8014073371887207, 0.6112971901893616, 0.5261278748512268, 0.596956193447113, 0.399271160364151, 0.3486739695072174, 1.2529170513153076, 0.37906134128570557, 0.019740533083677292, -0.1749081164598465, -0.1945197731256485, -0.2063904106616974, -0.30623099207878113, 0.3167555630207062, -0.2800815999507904, -0.0480494499206543, 1.0105949640274048, -0.3711508810520172, -0.2814690172672272, -0.24547749757766724, -0.49867427349090576, -0.18695268034934998, -0.2062831073999405, -0.3191394507884979, 0.6058797836303711, -0.34645965695381165, -0.3551446497440338, -0.6526007056236267, -0.645800769329071, -0.7327750325202942, -0.3086324632167816, -0.6066879034042358, 0.12418624013662338, -0.6506505012512207, 1.9916738271713257, -0.5165310502052307, -0.055261433124542236, -0.5187923908233643, -0.4071366488933563, -0.8742982745170593, 0.21174925565719604, -0.9572338461875916, 2.2219252586364746, -0.6888406872749329, -0.8319888114929199, -0.9151087403297424, -0.9687485694885254, -0.5622909665107727, -0.7657026052474976, -0.8915316462516785, -0.9134073257446289, -0.995793879032135, -0.9713156819343567, -0.7796323299407959, -0.9818212389945984, -1.0687811374664307, -0.9147965908050537, -0.8800529837608337, -1.0163614749908447, 0.9145703911781311, -1.0057919025421143, -0.7911890149116516, -0.9640007019042969, -1.0618462562561035, -0.7956258654594421, -0.9970777034759521, -1.0274579524993896, -1.134078025817871, -1.060257077217102, -1.1282572746276855, 0.8615545034408569, -1.358781099319458, 0.7504206895828247, -1.0782620906829834, -1.144149661064148, -1.247119426727295, -0.4898507595062256, -1.2524996995925903, -0.7923805713653564, -1.1232285499572754, -0.5778385400772095, -1.129838466644287, -1.1760025024414062, 0.3739427924156189, -1.2593411207199097, -1.410279393196106, -1.5875340700149536, -1.7157341241836548, -1.7685363292694092, -1.848268747329712, -1.8747771978378296, -2.042656183242798, -2.0235748291015625, -2.066913604736328, -2.1040356159210205, -2.118797540664673, -2.1284611225128174, -1.9934594631195068, -2.1460299491882324, -2.1105618476867676, -2.047513484954834, -1.419556736946106, -2.0117733478546143, -2.132540702819824, -2.141324043273926, -1.8050943613052368, -1.954669713973999, -2.0999460220336914, -2.0027577877044678, -2.044767379760742, -1.902039647102356, -2.145920753479004, -2.145554542541504, -2.142690658569336, -2.1417293548583984, -2.137432098388672, -2.1352431774139404, -2.113933801651001, -2.122150421142578, -2.129676342010498, -2.097121477127075, -2.1216795444488525, -2.1246490478515625],