{"n_parameters": 33826, "training_time": 2.0775201320648193, "loss": [1.4204211235046387, 0.8100104928016663, 0.6501905918121338, 0.896731436252594, 0.6841751933097839, 0.623726487159729, 0.5487495064735413, 0.6456348299980164, 0.4499756693840027, 0.547071099281311, 0.5030656456947327, 0.29526618123054504, 0.31405705213546753, 0.5743687152862549, 0.1893150359392166, 0.24459204077720642, 0.315351277589798, 0.48734384775161743, -0.07540316134691238, 0.23334601521492004, 0.19357386231422424, 0.1767341047525406, -0.09796838462352753, 0.14177305996418, 0.047179073095321655, 0.3126926124095917, -0.16027113795280457, -0.06243448331952095, 0.0216361153870821, -0.08445338904857635, 0.015141074545681477, -0.09305695444345474, -0.07624582946300507, -0.09521932154893875, -0.1935206651687622, -0.08048930019140244, -0.3786298632621765, 0.05881299823522568, -0.2303657978773117, -0.22422172129154205, -0.25138697028160095, -0.3008309602737427, -0.29757264256477356, -0.25285089015960693, -0.35410434007644653, -0.24120061099529266, -0.0830918550491333, -0.30616798996925354, -0.4385089874267578, -0.4017803966999054, -0.3385292589664459, -0.31985360383987427, -0.35637059807777405, -0.2839486300945282, -0.4958958029747009, -0.4583047032356262, -0.4995330572128296, -0.4095683693885803, -0.3354526460170746, -0.41956672072410583, -0.5984885692596436, -0.5176624059677124, -0.3689150810241699, -0.42538273334503174, -0.5082253813743591, -0.43497908115386963, -0.3264598548412323, -0.7023656964302063, -0.5733222365379333, -0.5401433706283569, -0.4884287416934967, -0.43505826592445374, -0.6293998956680298, -0.8145774602890015, -0.4844438135623932, -0.42151811718940735, -0.5806334018707275, -0.6693911552429199, -0.547080934047699, -0.7242915034294128, -0.49186399579048157, -0.5614035725593567, -0.5832041501998901, -0.6445476412773132, -0.3192327916622162, -0.6903945207595825, -0.6046882271766663, -0.7668532133102417, -0.5490943789482117, -0.6368564367294312, -0.6042531132698059, -0.7244178652763367, -0.5408751964569092, -0.7454086542129517, -0.9171416163444519, -0.6381887197494507, -0.7115381360054016, -0.7299186587333679, -0.6074755191802979, -0.4726470708847046, -0.8309414982795715, -0.7512235641479492, -0.36579015851020813, -0.9437087178230286, -0.6255605220794678, -0.9684193134307861, -0.6418891549110413, -0.7106180191040039, -0.7160173058509827, -0.8830739259719849, -0.8200836181640625, -1.0391427278518677, -1.170593500137329, -1.2606772184371948, -1.348459243774414, -1.4483692646026611, -1.52490234375, -1.607535481452942, -1.6879022121429443, -1.7728670835494995, -1.8707650899887085, -1.9276230335235596, -1.9665848016738892, -2.0310401916503906, -2.0346875190734863, -2.193857192993164, -2.1686909198760986, -2.216118335723877, -2.241755247116089, -2.300441265106201, -2.3955821990966797, -2.3440401554107666, -2.4149203300476074, -2.406031608581543, -2.4205291271209717, -2.502340793609619, -2.3691022396087646, -2.416067361831665, -2.67484450340271, -2.4608700275421143, -2.6144113540649414, -2.4905107021331787, -2.489234209060669, -2.599618911743164, -2.541717529296875, -2.8480231761932373, -2.8834586143493652, -2.8988771438598633, -2.906141996383667, -2.918987989425659, -2.9315247535705566, -2.9465889930725098, -2.9510602951049805, -2.95954966545105, -2.9726648330688477, -2.9751081466674805, -2.9920766353607178, -2.999850273132324, -3.010876178741455, -3.018260955810547, -3.0194218158721924, -3.0212209224700928, -3.0220539569854736, -3.0226235389709473, -3.0247244834899902, -3.0252833366394043, -3.0263218879699707, -3.027522087097168, -3.0286028385162354, -3.029794216156006], "val_loss": [0.5895645022392273, 0.5581133961677551, 0.5644029974937439, 0.4653330147266388, 0.4754317104816437, 0.47400400042533875, 0.34468957781791687, 0.37995612621307373, 0.4727843701839447, 0.8333414196968079, 0.5866410136222839, 0.24653136730194092, 0.2947285771369934, 0.06458927690982819, 0.028906380757689476, 0.5809548497200012, 0.0707387700676918, 0.1086004301905632, -0.09647056460380554, -0.005345265846699476, -0.07731982320547104, 0.060537807643413544, 0.5004992485046387, -0.07832576334476471, -0.05720873177051544, -0.08521560579538345, 0.05062989890575409, -0.06051205098628998, -0.12563273310661316, -0.292389452457428, -0.43442702293395996, -0.06697014719247818, 0.4302523136138916, -0.3182036280632019, -0.2144167125225067, -0.4031938910484314, 0.49180009961128235, -0.4004400968551636, -0.1844867765903473, -0.3946368396282196, -0.11164955794811249, -0.4843249022960663, -0.6281114816665649, -0.6068804860115051, -0.650238573551178, -0.5296148061752319, -0.6253165602684021, -0.20434971153736115, -0.43726348876953125, -0.6246006488800049, 0.30887705087661743, -0.284272700548172, -0.55254065990448, -0.6836366057395935, -0.7653214335441589, -0.48876288533210754, -0.6244396567344666, -0.27815285325050354, -0.7237014770507812, -0.8131018280982971, -0.44596758484840393, -0.8529289960861206, -0.7517831921577454, -0.7927299737930298, -0.7109028100967407, -0.8437991738319397, -0.6163035035133362, -0.9640916585922241, -0.9573781490325928, -0.34864261746406555, 0.10127171128988266, -0.4340074360370636, -0.32148730754852295, 0.48797470331192017, -1.0030333995819092, -0.7862015962600708, 0.1656775027513504, -0.6314422488212585, 0.42058926820755005, -0.38428929448127747, -0.8065536618232727, -0.9973491430282593, -0.8624187707901001, -1.01047682762146, -1.0348153114318848, -0.9889293909072876, -1.0387324094772339, -0.9652136564254761, -0.9463765621185303, -0.9625022411346436, -0.9871712327003479, -0.7949436902999878, -0.9514058232307434, -1.0304137468338013, -0.8344441056251526, -0.9935474991798401, -1.0489503145217896, -0.5396500825881958, -1.211111307144165, -1.0936334133148193, -0.9553484320640564, -1.0835011005401611, -1.0725758075714111, -0.2940613925457001, -0.2037493735551834, 0.39081475138664246, -0.5961470603942871, -0.05808297544717789, -0.9049955010414124, -1.0766146183013916, -0.7755067348480225, -1.116463303565979, -1.1882656812667847, -1.2667765617370605, -1.3387924432754517, -1.4022223949432373, -1.4838732481002808, -1.5595240592956543, -1.6184877157211304, -1.6909308433532715, -1.757498860359192, -1.601981520652771, -1.7119433879852295, -1.9021785259246826, -1.9157100915908813, -1.928882360458374, -1.9605306386947632, -1.960019826889038, -2.0270183086395264, -1.883622407913208, -2.1082842350006104, -2.0948362350463867, -2.110535144805908, -2.05387806892395, -2.074237585067749, -1.6679017543792725, -2.0324089527130127, -2.090278148651123, -2.0414905548095703, -2.026073694229126, -2.0393362045288086, -1.9658048152923584, -2.0592455863952637, -1.5404419898986816, -2.0113372802734375, -2.1111972332000732, -2.0931339263916016, -2.0838682651519775, -2.0743496417999268, -2.0708682537078857, -2.064906120300293, -2.058534622192383, -2.0410125255584717, -2.040456771850586, -2.018207550048828, -2.0088984966278076, -1.9963046312332153, -1.9832713603973389, -1.9896348714828491, -1.988085389137268, -1.9865385293960571, -1.9853789806365967, -1.984352946281433, -1.9833022356033325, -1.9814727306365967, -1.9798576831817627, -1.9780492782592773, -1.977462649345398, -1.975703239440918, -1.9751200675964355],