{"n_parameters": 74722, "training_time": 1.436211109161377, "loss": [12.085137367248535, 0.844576895236969, 0.9498867392539978, 1.0461212396621704, 0.8413304090499878, 0.7480930089950562, 0.6363199353218079, 0.5198602080345154, 0.5458816885948181, 0.39235755801200867, 0.37970322370529175, 0.1974693089723587, 0.3041022717952728, 0.144759401679039, 0.28093138337135315, -0.0409906804561615, 0.16778390109539032, -0.07874000817537308, -0.09163419902324677, 0.09095114469528198, -0.18652470409870148, 0.041340507566928864, -0.05257263779640198, -0.20270171761512756, -0.12857785820960999, 0.024765485897660255, -0.30566084384918213, -0.2679698169231415, -0.05682331696152687, 0.033882129937410355, -0.313588410615921, -0.3917076587677002, -0.6112747192382812, -0.8183593153953552, -1.0972002744674683, -1.3796828985214233, -1.528554081916809, -1.6273216009140015, -1.8193024396896362, -1.7706676721572876, -1.9278419017791748, -1.7629904747009277, -1.9837948083877563, -1.8135879039764404, -1.837653636932373, -1.914124608039856, -1.9412153959274292, -1.8821687698364258, -1.6843644380569458, -1.949794054031372, -2.0080759525299072, -1.9246560335159302, -1.913580298423767, -1.9841517210006714, -1.9645795822143555, -1.940474033355713, -2.02893328666687, -2.0390889644622803, -1.8870664834976196, -1.8820538520812988, -2.0309300422668457, -2.0989742279052734, -1.999679684638977, -1.9503754377365112, -2.0562219619750977, -1.9833124876022339, -1.9589486122131348, -2.0332632064819336, -1.9650760889053345, -1.9816529750823975, -2.0444536209106445, -2.031306743621826, -2.0526206493377686, -2.0525996685028076, -2.106907844543457, -1.791443943977356, -2.0144121646881104, -2.1154420375823975, -2.0684561729431152, -2.0412721633911133, -2.432965040206909, -2.547377109527588, -2.5925838947296143, -2.6353542804718018, -2.6776490211486816, -2.7198243141174316, -2.744856357574463, -2.7973902225494385, -2.830873489379883, -2.855595588684082, -2.873605728149414, -2.897989273071289, -2.903196334838867, -2.9079349040985107, -2.9106807708740234], "val_loss": [0.8797325491905212, 1.0486959218978882, 0.695590078830719, 0.5846471786499023, 0.559041440486908, 0.5273435115814209, 0.4941195547580719, 0.4037344753742218, 0.6845957636833191, 0.12614186108112335, 0.05811794474720955, 0.2170940786600113, 1.0048209428787231, -0.14297758042812347, -0.0447126179933548, 0.5211132168769836, -0.2508842349052429, -0.3552709221839905, -0.09485501796007156, -0.24017031490802765, -0.48115819692611694, -0.3272980749607086, -0.45019811391830444, -0.24792902171611786, -0.41375094652175903, -0.44361600279808044, -0.12474464625120163, -0.3133980929851532, -0.39337795972824097, -0.31833723187446594, -0.27973276376724243, -0.5326792001724243, -0.7078409194946289, -0.961091160774231, -1.271026611328125, -1.4966379404067993, -1.7086397409439087, -1.4946848154067993, -1.098058819770813, -1.4011989831924438, -0.7131604552268982, -1.8043365478515625, -1.955458164215088, -1.899363398551941, -1.8428131341934204, -1.63639497756958, -1.9736157655715942, -1.9415844678878784, -1.880079984664917, -1.7929067611694336, -1.1125982999801636, -1.8285377025604248, -1.904300570487976, -1.7577457427978516, -1.9538698196411133, -2.0010952949523926, -1.728977084159851, 0.5678457021713257, -1.7475380897521973, -2.0018560886383057, -1.8052055835723877, -1.2568970918655396, -2.026808977127075, -1.21971595287323, -1.7136361598968506, -2.034998893737793, -1.9816806316375732, -1.0098594427108765, -2.0172348022460938, -2.0449607372283936, -1.8922336101531982, -1.8218342065811157, -1.99947190284729, -2.0257668495178223, -2.004013776779175, -1.1144758462905884, -0.8657135367393494, -0.9978802800178528, -1.7667068243026733, -1.5021979808807373, -2.0244300365448, -2.007336378097534, -2.033391237258911, -1.9996587038040161, -1.9981611967086792, -1.9549771547317505, -1.9357751607894897, -1.938374638557434, -1.905936360359192, -1.860247254371643, -1.8868542909622192, -1.8824187517166138, -1.876598834991455, -1.8699158430099487, -1.8660658597946167], "lr": [0.0031605882104486227, 0.0031605882104486227, 0.0031605882104486227, 0.0031605882104486227, 0.0031605882104486227, 0.0031605882104486227, 0.0031605882104486227, 0.0031605882104486227, 0.0031605882104486227, 0.0031605882104486227, 0.0031605882104486227, 0.0031605882104486227, 0.0031605882104486227, 0.0031605882104486227, 0.0031605882104486227, 0.0031605882104486227, 0.0031605882104486227, 0.0031605882104486227, 0.0031605882104486227, 0.0031605882104486227, 0.0031605882104486227, 0.0031605882104486227, 0.0031605882104486227, 0.0031605882104486227, 0.0031605882104486227, 0.0031605882104486227, 0.0031605882104486227, 0.0031605882104486227, 0.0031605882104486227, 0.0031605882104486227, 0.0031605882104486227, 0.0003160588094033301, 0.0003160588094033301, 0.0003160588094033301, 0.0003160588094033301, 0.0003160588094033301, 0.0003160588094033301, 0.0003160588094033301, 0.0003160588094033301, 0.0003160588094033301, 0.0003160588094033301, 0.0003160588094033301, 0.0003160588094033301, 0.0003160588094033301, 0.0003160588094033301, 0.0003160588094033301, 0.0003160588094033301, 0.0003160588094033301, 0.0003160588094033301, 0.0003160588094033301, 0.0003160588094033301, 0.0003160588094033301, 0.0003160588094033301, 0.0003160588094033301, 0.0003160588094033301, 0.0003160588094033301, 0.0003160588094033301, 0.0003160588094033301, 0.0003160588094033301, 0.0003160588094033301, 0.0003160588094033301, 0.0003160588094033301, 0.0003160588094033301, 0.0003160588094033301, 0.0003160588094033301, 0.0003160588094033301, 0.0003160588094033301, 0.0003160588094033301, 0.0003160588094033301, 0.0003160588094033301, 0.0003160588094033301, 0.0003160588094033301, 0.0003160588094033301, 0.0003160588094033301, 0.0003160588094033301, 0.0003160588094033301, 0.0003160588094033301, 0.0003160588094033301, 0.0003160588094033301, 0.0003160588094033301, 3.1605879485141486e-05, 3.1605879485141486e-05, 3.1605879485141486e-05, 3.1605879485141486e-05, 3.1605879485141486e-05, 3.1605879485141486e-05, 3.1605879485141486e-05, 3.1605879485141486e-05, 3.1605879485141486e-05, 3.1605879485141486e-05, 3.1605879939888837e-06, 3.1605879939888837e-06, 3.1605879939888837e-06, 3.1605879939888837e-06, 3.1605879939888837e-06]}