{"n_parameters": 135474, "training_time": 1.6364407539367676, "loss": [166.83460998535156, 1.36622154712677, 1.3984261751174927, 1.5378553867340088, 1.5039857625961304, 1.8394147157669067, 2.079618453979492, 1.571376085281372, 1.8427842855453491, 1.3203984498977661, 1.9083338975906372, 1.1478841304779053, 1.1734098196029663, 1.0759327411651611, 0.6520730257034302, 0.832793653011322, 0.5730387568473816, 0.6957922577857971, 0.27979525923728943, 0.41974908113479614, 0.14471642673015594, 0.26072239875793457, 0.1537337601184845, 0.1099814772605896, -0.006957109086215496, 0.148294597864151, 0.15668779611587524, 0.218749538064003, 0.19145937263965607, -0.13278867304325104, -0.1438378244638443, 1.0091537237167358, -0.12134025990962982, 0.19454839825630188, -0.11105165630578995, 0.349810928106308, -0.07304524630308151, -0.13131161034107208, -0.20238259434700012, -0.29324689507484436, -0.40747907757759094, -0.5620234608650208, -0.6958698630332947, -0.851360023021698, -0.9770803451538086, -1.1713745594024658, -1.2221113443374634, -1.3704184293746948, -1.214236855506897, -1.5520836114883423, -1.4347476959228516, -1.408380150794983, -1.4447855949401855, -1.6326282024383545, -1.4526431560516357, -1.7183784246444702, -1.45540189743042, -1.5561758279800415, -1.7072784900665283, -1.6732226610183716, -1.5603792667388916, -1.4353642463684082, -1.8492136001586914, -1.5517174005508423, -1.931565523147583, -1.5859521627426147, -1.551886796951294, -1.6380152702331543, -1.6204150915145874, -1.8079584836959839, -1.5723469257354736, -1.8153016567230225, -1.8639554977416992, -1.4007914066314697, -1.9963088035583496, -1.0046051740646362, -1.9443557262420654, -2.102721691131592, -2.136875867843628, -2.1649694442749023, -2.1787900924682617, -2.204665184020996, -2.231365919113159, -2.2630743980407715, -2.283691883087158, -2.310429573059082, -2.3363523483276367, -2.3637094497680664, -2.3922598361968994, -2.4039406776428223, -2.4299044609069824, -2.455167531967163, -2.4716553688049316, -2.502370595932007, -2.526557445526123, -2.522688150405884, -2.5542025566101074, -2.581045627593994, -2.5913753509521484, -2.5989949703216553, -2.6334099769592285, -2.6202409267425537, -2.6610934734344482, -2.6605615615844727, -2.6797990798950195, -2.6789793968200684, -2.727033853530884, -2.6919848918914795, -2.751633644104004, -2.6629722118377686, -2.7594237327575684, -2.8007843494415283, -2.8004543781280518, -2.804340124130249, -2.804993152618408, -2.8100697994232178, -2.809417724609375, -2.813260078430176, -2.810584545135498, -2.8149843215942383, -2.8163821697235107, -2.817883014678955, -2.81931209564209, -2.819523334503174, -2.820923089981079], "val_loss": [1.4019778966903687, 1.3252265453338623, 1.5166370868682861, 1.7205630540847778, 3.5834109783172607, 1.2095108032226562, 3.1212315559387207, 1.220145344734192, 1.3231351375579834, 1.0973695516586304, 1.1660159826278687, 1.1698729991912842, 0.8939269185066223, 0.7879056334495544, 0.4860045313835144, 0.49128615856170654, 0.6253064870834351, 0.5172377228736877, 0.1989811807870865, 0.09089431911706924, -0.11792898178100586, -0.1486416757106781, -0.06245816871523857, 0.28613683581352234, 1.2581125497817993, -0.30901724100112915, -0.19238516688346863, -0.15220558643341064, -0.049070995301008224, 0.6332704424858093, 1.6981326341629028, -0.0454961396753788, -0.20381413400173187, -0.158858060836792, -0.20202618837356567, -0.01750504970550537, -0.07822757214307785, -0.1504727005958557, -0.2369874268770218, -0.3428751230239868, -0.4861341714859009, -0.638386607170105, -0.8254782557487488, -0.99800705909729, -1.0647200345993042, -1.2596302032470703, -1.0508074760437012, -1.2042044401168823, -1.4395160675048828, -1.5457284450531006, -1.219985008239746, -1.6239205598831177, -1.6501445770263672, -1.4421035051345825, -1.6470420360565186, -0.4481273889541626, -1.6510850191116333, -1.053654432296753, -1.537613868713379, -1.5844236612319946, -1.7595632076263428, -1.597862720489502, -1.7043715715408325, -1.46729576587677, -1.925002098083496, -1.5289406776428223, -1.8688243627548218, -1.8409297466278076, -0.7448498010635376, -1.761008620262146, -1.879197359085083, -1.3564016819000244, -1.8633263111114502, -1.8789275884628296, 0.47941118478775024, -1.6378802061080933, -1.9157679080963135, -1.9546269178390503, -1.9824838638305664, -1.9831154346466064, -2.0106558799743652, -2.0092735290527344, -2.057417631149292, -2.0788793563842773, -2.0939693450927734, -2.0721864700317383, -2.0836780071258545, -2.1475870609283447, -2.1296799182891846, -2.1384549140930176, -2.1953189373016357, -2.2100701332092285, -2.217938184738159, -2.2239041328430176, -2.162768602371216, -2.2322919368743896, -2.259058952331543, -2.249333143234253, -2.2204065322875977, -2.25622820854187, -2.2693254947662354, -2.2508578300476074, -1.900477409362793, -2.243990182876587, -2.171893835067749, -2.2221906185150146, -2.191340208053589, -2.2621381282806396, -2.1307425498962402, -2.226297378540039, -2.2605981826782227, -2.2606003284454346, -2.2536745071411133, -2.2579357624053955, -2.2550737857818604, -2.2625465393066406, -2.261159896850586, -2.256908655166626, -2.2548720836639404, -2.253185510635376, -2.2506566047668457, -2.2531886100769043, -2.254899024963379, -2.256878137588501, -2.2573959827423096],