{"n_parameters": 82594, "training_time": 1.665902853012085, "loss": [1.2735852003097534, 1.0006495714187622, 0.697797417640686, 0.8678236603736877, 0.6891055703163147, 0.6090747117996216, 0.6203875541687012, 0.5182725191116333, 0.46989208459854126, 0.3925686776638031, 0.4394494891166687, 0.2268640249967575, 0.18829478323459625, 0.32692569494247437, 0.2053452432155609, 0.143762469291687, 0.16551713645458221, 0.06096106395125389, -0.03369758650660515, 0.03633420541882515, 0.06570415943861008, -0.044308025389909744, -0.20645806193351746, -0.08061287552118301, -0.08416422456502914, -0.19796200096607208, -0.23261897265911102, 0.027135133743286133, -0.339146226644516, -0.1502254158258438, -0.23482349514961243, -0.3043491244316101, -0.2789035439491272, -0.3354271650314331, -0.45306941866874695, -0.31498444080352783, -0.31888851523399353, -0.3519035875797272, -0.3605104088783264, -0.5789796113967896, -0.5103544592857361, -0.2955018877983093, -0.38734522461891174, -0.5858771800994873, -0.6281853318214417, -0.35590437054634094, -0.52776700258255, -0.5212684273719788, -0.5681998133659363, -0.5744553208351135, -0.6930037140846252, -0.5915191769599915, -0.38895416259765625, -0.6773942708969116, -0.7023769617080688, -0.5392504334449768, -0.5757496953010559, -0.6132889986038208, -0.8086305260658264, -0.6226416826248169, -0.6121002435684204, -0.765860915184021, -0.6703276038169861, -0.6389444470405579, -1.0525351762771606, -1.111671805381775, -1.1784114837646484, -1.2662720680236816, -1.358323097229004, -1.4498493671417236, -1.546883225440979, -1.6789840459823608, -1.7594070434570312, -1.8612475395202637, -1.9108973741531372, -1.9863555431365967, -2.0613105297088623, -2.1059863567352295, -2.13358211517334, -2.125870943069458, -2.2034292221069336, -2.2372658252716064, -2.3540749549865723, -2.110975742340088, -2.493957996368408, -2.2458810806274414, -2.3842663764953613, -2.3042824268341064, -2.177565097808838, -2.4886152744293213, -2.3380954265594482, -2.2674124240875244, -2.3690884113311768, -2.4296274185180664, -2.4526517391204834, -2.2899258136749268, -2.7292587757110596, -2.7457315921783447, -2.7554049491882324, -2.76291561126709, -2.7802376747131348, -2.7933852672576904, -2.8082637786865234, -2.8099615573883057, -2.819399118423462, -2.8370442390441895, -2.8372859954833984, -2.860569477081299], "val_loss": [0.8554628491401672, 0.6053189635276794, 0.7877897024154663, 1.003535509109497, 0.4619292616844177, 0.3494916260242462, 0.47228747606277466, 0.39471182227134705, 0.5211135149002075, 0.2354690283536911, 0.11548087000846863, 0.17982110381126404, -0.07834576070308685, -0.06661804765462875, -0.12569309771060944, 0.12326551228761673, -0.21421584486961365, 0.5816903710365295, -0.19361279904842377, -0.30697134137153625, 0.4249163568019867, 0.16469691693782806, -0.37303996086120605, -0.03920111432671547, -0.4484584629535675, 1.2993923425674438, -0.3255012333393097, -0.5666122436523438, 0.8597858548164368, -0.5180560946464539, -0.5160404443740845, -0.4682203233242035, -0.30223700404167175, -0.5516857504844666, -0.8001775741577148, 0.4828997254371643, 0.3446522057056427, 0.2693670094013214, -0.6565427184104919, -0.7745676636695862, 1.2208000421524048, -0.691989004611969, -0.7409464716911316, -0.5271443128585815, -0.8886103630065918, 1.044303297996521, -0.8240473866462708, -0.6781373620033264, -0.7917219400405884, -0.8146025538444519, -0.8839167952537537, -1.0100094079971313, -1.0040751695632935, -0.9977654218673706, -0.8138206005096436, 0.12033539265394211, -0.728257954120636, -0.5647170543670654, -0.7910252213478088, -0.9489715695381165, -0.977429211139679, -0.8813215494155884, -0.9049012660980225, -0.9973196387290955, -1.0602673292160034, -1.111472249031067, -1.1778857707977295, -1.2706162929534912, -1.3488212823867798, -1.4468258619308472, -1.538841962814331, -1.510681390762329, -1.649834156036377, -1.753401756286621, -1.8548784255981445, -1.8859347105026245, -1.7767741680145264, -1.9879268407821655, -1.6626254320144653, -1.5688433647155762, -2.0460147857666016, -1.468031883239746, -2.042487382888794, -2.0773677825927734, -2.030942440032959, -1.7889901399612427, -1.8397915363311768, -1.995116949081421, -1.8051549196243286, -1.579590082168579, -2.02425217628479, -2.067507266998291, -1.7833932638168335, -1.8877711296081543, -1.9652682542800903, -1.8909728527069092, -1.9992271661758423, -1.9963446855545044, -2.008178949356079, -2.0093390941619873, -1.9497942924499512, -2.002100706100464, -1.9881001710891724, -1.9612890481948853, -1.968656301498413, -1.952467918395996, -1.940460205078125, -1.8883310556411743], "lr": [0.002151450840756297, 0.002151450840756297, 0.002151450840756297, 0.002151450840756297, 0.002151450840756297, 0.002151450840756297, 0.002151450840756297, 0.002151450840756297, 0.002151450840756297, 0.002151450840756297, 0.002151450840756297, 0.002151450840756297, 0.002151450840756297, 0.002151450840756297, 0.002151450840756297, 0.002151450840756297, 0.002151450840756297, 0.002151450840756297, 0.002151450840756297, 0.002151450840756297, 0.002151450840756297, 0.002151450840756297, 0.002151450840756297, 0.002151450840756297, 0.002151450840756297, 0.002151450840756297, 0.002151450840756297, 0.002151450840756297, 0.002151450840756297, 0.002151450840756297, 0.002151450840756297, 0.002151450840756297, 0.002151450840756297, 0.002151450840756297, 0.002151450840756297, 0.002151450840756297, 0.002151450840756297, 0.002151450840756297, 0.002151450840756297, 0.002151450840756297, 0.002151450840756297, 0.002151450840756297, 0.002151450840756297, 0.002151450840756297, 0.002151450840756297, 0.002151450840756297, 0.002151450840756297, 0.002151450840756297, 0.002151450840756297, 0.002151450840756297, 0.002151450840756297, 0.002151450840756297, 0.002151450840756297, 0.002151450840756297, 0.002151450840756297, 0.002151450840756297, 0.002151450840756297, 0.002151450840756297, 0.002151450840756297, 0.002151450840756297, 0.002151450840756297, 0.002151450840756297, 0.002151450840756297, 0.002151450840756297, 0.0002151450898963958, 0.0002151450898963958, 0.0002151450898963958, 0.0002151450898963958, 0.0002151450898963958, 0.0002151450898963958, 0.0002151450898963958, 0.0002151450898963958, 0.0002151450898963958, 0.0002151450898963958, 0.0002151450898963958, 0.0002151450898963958, 0.0002151450898963958, 0.0002151450898963958, 0.0002151450898963958, 0.0002151450898963958, 0.0002151450898963958, 0.0002151450898963958, 0.0002151450898963958, 0.0002151450898963958, 0.0002151450898963958, 0.0002151450898963958, 0.0002151450898963958, 0.0002151450898963958, 0.0002151450898963958, 0.0002151450898963958, 0.0002151450898963958, 0.0002151450898963958, 0.0002151450898963958, 0.0002151450898963958, 0.0002151450898963958, 0.0002151450898963958, 2.151450826204382e-05, 2.151450826204382e-05, 2.151450826204382e-05, 2.151450826204382e-05, 2.151450826204382e-05, 2.151450826204382e-05, 2.151450826204382e-05, 2.151450826204382e-05, 2.151450826204382e-05, 2.151450826204382e-05, 2.151450826204382e-05, 2.151450826204382e-05]}