{"n_parameters": 50818, "training_time": 1.7720179557800293, "loss": [2.646782398223877, 0.5788801908493042, 0.5644104480743408, 0.6076284050941467, 0.4871983528137207, 0.54496830701828, 0.4657568037509918, 0.5890158414840698, 0.3102906048297882, 0.4559935927391052, 0.16348862648010254, 0.39234885573387146, 0.03723740577697754, 0.2956668436527252, 0.11604683101177216, 0.12113654613494873, -0.009613565169274807, 0.08558040857315063, -0.07333024591207504, 0.2467145472764969, -0.07887114584445953, -0.07044101506471634, -0.010540318675339222, -0.30147111415863037, 0.001979839289560914, -0.19504709541797638, 0.003335341578349471, -0.15161634981632233, 0.08012427389621735, -0.3851234018802643, -0.07218330353498459, -0.059327609837055206, -0.36580389738082886, -0.13853399455547333, -0.34624186158180237, -0.176520437002182, -0.35375648736953735, -0.23182126879692078, -0.5146325826644897, -0.03945770487189293, -0.5266585946083069, 0.08359336107969284, -0.46955689787864685, -0.33176228404045105, -0.5122106671333313, -0.1680808961391449, -0.6143187284469604, -0.21695709228515625, -0.2019175887107849, -0.6648440361022949, 0.012462702579796314, -0.7085173726081848, -0.3453250229358673, -0.33614006638526917, -0.6426867842674255, -0.3256700038909912, -0.3957813084125519, -0.7224587202072144, -0.08225015550851822, -0.8880986571311951, -0.3081957995891571, -0.47202107310295105, -0.7383787035942078, -0.4753715693950653, -0.8143203854560852, -0.11688736826181412, -0.8596947193145752, -0.27832600474357605, -0.6086739301681519, -0.4369613528251648, -0.7017810940742493, -0.8427093029022217, -0.189507395029068, -0.4842403531074524, -0.6852514147758484, -0.6475542783737183, -0.791239321231842, -0.4266088604927063, -0.2626408338546753, -0.7180302143096924, -0.6296511888504028, -0.5992520451545715, -0.6821833252906799, -0.5898596048355103, -1.0132434368133545, -0.2974374294281006, -1.1113543510437012, -1.2114554643630981, -1.2790045738220215, -1.343623399734497, -1.400788426399231, -1.4844534397125244, -1.5174137353897095, -1.6173324584960938, -1.65771484375, -1.7222645282745361, -1.8114324808120728, -1.7553132772445679, -1.9003061056137085, -1.9296218156814575, -1.9903956651687622, -1.9407951831817627, -2.0995309352874756, -2.102648973464966, -2.07857084274292, -2.0572171211242676, -2.1630301475524902, -2.3026928901672363, -2.2051374912261963, -2.217827320098877, -2.2010080814361572, -2.345148801803589, -2.338993787765503, -2.2389400005340576, -2.2424542903900146, -2.3793065547943115, -2.2862281799316406, -2.211306095123291, -2.3624165058135986, -2.4663164615631104, -2.2947142124176025, -2.2140841484069824, -2.451857805252075, -2.055422306060791, -2.503883123397827, -2.433762788772583, -2.258234977722168, -2.238071918487549, -2.5493123531341553, -2.0445542335510254, -2.481041431427002, -2.569793224334717, -2.1740686893463135, -2.5244667530059814, -2.4349863529205322, -2.2224204540252686, -2.352640151977539, -2.4595649242401123, -2.504709482192993, -2.2149899005889893, -2.524221420288086, -2.2874667644500732, -2.5283451080322266, -2.5699515342712402, -2.359823703765869, -2.0826919078826904, -2.6426634788513184, -2.5075936317443848, -2.392428398132324, -2.4697768688201904, -2.4274587631225586, -2.7863662242889404, -2.8081448078155518, -2.8171513080596924, -2.8186161518096924, -2.8301775455474854, -2.8303654193878174, -2.8449482917785645, -2.848954200744629, -2.8517394065856934, -2.86167049407959, -2.8687326908111572, -2.8719193935394287, -2.8809547424316406, -2.8915836811065674, -2.892646312713623, -2.9026737213134766, -2.9033334255218506, -2.911421775817871, -2.921543836593628, -2.9242942333221436, -2.9333815574645996, -2.9348878860473633, -2.935666561126709, -2.9362733364105225, -2.937208414077759, -2.937725782394409, -2.938265800476074, -2.9391822814941406, -2.940034866333008, -2.9412553310394287, -2.941323757171631, -2.9413816928863525, -2.9415035247802734], "val_loss": [0.5743839740753174, 0.5383769869804382, 0.5696899890899658, 0.5003202557563782, 0.5122554302215576, 0.44882139563560486, 0.40555238723754883, 0.33702248334884644, 0.38910382986068726, 0.18203188478946686, 0.2993258535861969, 0.05143771693110466, 0.5851147770881653, -0.015569303184747696, -0.06330835819244385, -0.12865887582302094, 0.07984215766191483, 0.31335803866386414, -0.29178792238235474, -0.2663785517215729, 0.935879647731781, 0.17383286356925964, 0.19969381392002106, -0.008670690469443798, 0.7714373469352722, -0.4541120231151581, -0.07379751652479172, -0.43531426787376404, 0.6006067991256714, -0.4384591281414032, -0.1814338117837906, -0.4787941575050354, 0.10895897448062897, -0.5236482620239258, 0.4635286033153534, 1.3329850435256958, 1.0453739166259766, -0.3770558536052704, -0.003101276932284236, -0.26936742663383484, 0.00017362170910928398, -0.4744895100593567, -0.6685100793838501, -0.5836619138717651, -0.13949359953403473, -0.01039868500083685, -0.6544357538223267, -0.6595590114593506, 0.07323390245437622, -0.6974056363105774, -0.3224268853664398, -0.8348473310470581, -0.7132495045661926, -0.698447048664093, -0.054773058742284775, -0.8083396553993225, -0.184906005859375, -0.9248142838478088, -0.7984845042228699, -0.24208667874336243, -0.913654625415802, -0.7227638363838196, -0.41310784220695496, -0.19715675711631775, 0.21631689369678497, -0.9023876786231995, -0.7821778059005737, -0.9484085440635681, 0.5052601099014282, -0.40319791436195374, -0.31693118810653687, 0.0892481580376625, -0.9333637952804565, -0.15353326499462128, -0.984323263168335, -0.30298563838005066, 0.39126527309417725, -0.16937918961048126, -0.916831910610199, -0.8152112364768982, -0.8770657777786255, 1.0092335939407349, -0.45360884070396423, -0.902879536151886, 0.9701802134513855, -1.0389834642410278, -1.1385984420776367, -1.1976826190948486, -1.2467938661575317, -1.320794701576233, -1.3804349899291992, -1.4382623434066772, -1.4719934463500977, -1.494706153869629, -1.623746633529663, -1.6923266649246216, -1.5777027606964111, -1.766905426979065, -1.7636297941207886, -1.8080182075500488, -1.7363200187683105, -1.9420489072799683, -1.8913462162017822, -2.031850814819336, -2.054575204849243, -1.9322094917297363, -2.0580365657806396, -1.5905972719192505, -2.1354339122772217, -1.492550015449524, -2.1553328037261963, -2.0575551986694336, -1.797424077987671, -2.0119147300720215, -2.136503219604492, -2.2071332931518555, -1.4715850353240967, -2.174861192703247, -2.2251739501953125, -1.2721421718597412, -2.0311965942382812, -1.1474933624267578, -1.7752456665039062, -2.2611072063446045, -2.29052734375, -1.988982081413269, -2.1989223957061768, -1.9046196937561035, -1.9393014907836914, -1.904222011566162, -2.2822258472442627, -2.0187273025512695, -2.3274080753326416, -2.296717882156372, -1.5598866939544678, -2.188506841659546, -1.5439016819000244, -2.3102707862854004, -1.201194405555725, -2.342332363128662, -2.209014892578125, -2.333272933959961, -1.2552027702331543, -1.9887378215789795, -2.3203327655792236, -2.0742154121398926, -1.5172067880630493, -2.2441799640655518, -2.2242586612701416, -1.6187089681625366, -2.342115879058838, -2.3551206588745117, -2.369060516357422, -2.3693583011627197, -2.3661179542541504, -2.3739826679229736, -2.3706305027008057, -2.368514060974121, -2.3531575202941895, -2.3777425289154053, -2.3431813716888428, -2.359332799911499, -2.3717713356018066, -2.356431722640991, -2.3345255851745605, -2.365943431854248, -2.345974922180176, -2.319709300994873, -2.375807523727417, -2.3612635135650635, -2.37361741065979, -2.3750410079956055, -2.372384548187256, -2.371455430984497, -2.371441125869751, -2.373387575149536, -2.3753817081451416, -2.3733463287353516, -2.3718998432159424, -2.3722825050354004, -2.3724989891052246, -2.37247633934021, -2.372549533843994, -2.3726940155029297],