{"n_parameters": 80274, "training_time": 3.38700795173645, "loss": [3.911940097808838, 3.904996395111084, 3.89808988571167, 3.8911805152893066, 3.8841004371643066, 3.876889705657959, 3.8698534965515137, 3.8627359867095947, 3.8555285930633545, 3.8482847213745117, 3.841087818145752, 3.833941698074341, 3.826766014099121, 3.8196465969085693, 3.812436103820801, 3.8052074909210205, 3.7979378700256348, 3.790651321411133, 3.783294677734375, 3.776078939437866, 3.768880844116211, 3.761801242828369, 3.754390001296997, 3.747063636779785, 3.739806652069092, 3.732356071472168, 3.7247982025146484, 3.7175092697143555, 3.7102298736572266, 3.70302677154541, 3.695733070373535, 3.688483476638794, 3.6810824871063232, 3.673802375793457, 3.6664035320281982, 3.659165859222412, 3.6519484519958496, 3.644648551940918, 3.6372129917144775, 3.6296985149383545, 3.622359275817871, 3.6149754524230957, 3.607661485671997, 3.600383996963501, 3.593032121658325, 3.5855040550231934, 3.578383684158325, 3.570932626724243, 3.5636489391326904, 3.5563199520111084, 3.5490763187408447, 3.541656970977783, 3.5343692302703857, 3.5271875858306885, 3.519866943359375, 3.5125339031219482, 3.5051321983337402, 3.4978880882263184, 3.4905636310577393, 3.4832215309143066, 3.4758894443511963, 3.468550443649292, 3.4610891342163086, 3.4536614418029785, 3.446348190307617, 3.4391512870788574, 3.431792736053467, 3.424525499343872, 3.417154550552368, 3.4097530841827393, 3.4023332595825195, 3.39489483833313, 3.3875625133514404, 3.380277633666992, 3.372927188873291, 3.3654661178588867, 3.3581390380859375, 3.3507883548736572, 3.343487501144409, 3.3362178802490234, 3.328944206237793, 3.3216822147369385, 3.3143796920776367, 3.3071115016937256, 3.299900531768799, 3.292654037475586, 3.2853567600250244, 3.278082847595215, 3.270887851715088, 3.2636141777038574, 3.256319761276245, 3.249077558517456, 3.2418973445892334, 3.234593629837036, 3.227424383163452, 3.220217704772949, 3.2129454612731934, 3.2057554721832275, 3.1984927654266357, 3.191300392150879, 3.184054374694824, 3.1768524646759033, 3.169621706008911, 3.162379503250122, 3.1551754474639893, 3.147831916809082, 3.1405863761901855, 3.1334736347198486, 3.1262972354888916, 3.1191606521606445, 3.111948251724243, 3.1048505306243896, 3.0976576805114746, 3.090329647064209, 3.082956314086914, 3.0757997035980225, 3.0686044692993164, 3.0614516735076904, 3.054286479949951, 3.046949625015259, 3.0397958755493164, 3.0326502323150635, 3.0254149436950684, 3.018286943435669, 3.0109784603118896, 3.003885269165039, 2.9967596530914307, 2.9895236492156982, 2.9823663234710693, 2.9751851558685303, 2.9679174423217773, 2.9607038497924805, 2.9534952640533447, 2.946260452270508, 2.9392433166503906, 2.931995391845703, 2.9249536991119385, 2.9179179668426514, 2.910907506942749, 2.903714418411255, 2.896561861038208, 2.8894400596618652, 2.8824450969696045, 2.875443935394287, 2.8684659004211426, 2.861388921737671, 2.8543550968170166, 2.847350835800171, 2.8405239582061768, 2.833425521850586, 2.8263156414031982, 2.819383382797241, 2.8124287128448486, 2.8053338527679443, 2.79852032661438, 2.7916595935821533, 2.7846615314483643, 2.7778286933898926, 2.7708325386047363, 2.764042854309082, 2.757179021835327, 2.7503552436828613, 2.7434611320495605, 2.736691474914551, 2.7299487590789795, 2.723129987716675, 2.7163877487182617, 2.7096776962280273, 2.7028610706329346, 2.695864200592041, 2.6889102458953857, 2.6821701526641846, 2.6755285263061523, 2.668653726577759, 2.6618306636810303, 2.6549274921417236, 2.648250102996826, 2.6414501667022705, 2.6346421241760254, 2.627887487411499, 2.621166467666626, 2.6146767139434814, 2.6079859733581543, 2.6014115810394287, 2.594794273376465, 2.588331699371338, 2.5817997455596924, 2.575258255004883, 2.568876266479492, 2.562448501586914, 2.5559284687042236, 2.549595594406128, 2.5432677268981934, 2.53669810295105, 2.5302891731262207, 2.5238394737243652, 2.5172932147979736, 2.5108916759490967, 2.504455089569092, 2.4980826377868652], "val_loss": [3.55545711517334, 3.54934024810791, 3.5432217121124268, 3.5370757579803467, 3.530749797821045, 3.524479627609253, 3.5181846618652344, 3.5118510723114014, 3.5054523944854736, 3.499053955078125, 3.492806911468506, 3.4865262508392334, 3.480214834213257, 3.4739065170288086, 3.4675629138946533, 3.461146354675293, 3.4547436237335205, 3.4482638835906982, 3.441904306411743, 3.4355714321136475, 3.4294660091400146, 3.4229886531829834, 3.416539430618286, 3.410189628601074, 3.4036357402801514, 3.396975040435791, 3.3906030654907227, 3.3842480182647705, 3.3780157566070557, 3.3715524673461914, 3.365194320678711, 3.358759641647339, 3.352386951446533, 3.3458943367004395, 3.339522361755371, 3.333200216293335, 3.326862096786499, 3.3203089237213135, 3.3137099742889404, 3.307286262512207, 3.300795555114746, 3.294348955154419, 3.288024663925171, 3.2816646099090576, 3.2749736309051514, 3.268749237060547, 3.2622339725494385, 3.2557621002197266, 3.249399423599243, 3.243107318878174, 3.236497163772583, 3.2300944328308105, 3.223839282989502, 3.217515468597412, 3.2111623287200928, 3.2046804428100586, 3.198336362838745, 3.19183087348938, 3.1853654384613037, 3.1789486408233643, 3.172517776489258, 3.166015625, 3.1595306396484375, 3.153048515319824, 3.146742343902588, 3.1402382850646973, 3.133920192718506, 3.127472400665283, 3.1210248470306396, 3.1144487857818604, 3.1079800128936768, 3.101515054702759, 3.0952279567718506, 3.088815212249756, 3.082350015640259, 3.0759389400482178, 3.0693986415863037, 3.0630784034729004, 3.0567400455474854, 3.0504696369171143, 3.0441396236419678, 3.037815570831299, 3.0314621925354004, 3.0252153873443604, 3.0188608169555664, 3.0125036239624023, 3.006161689758301, 2.9998276233673096, 2.9935450553894043, 2.9872069358825684, 2.980938673019409, 2.9746415615081787, 2.968247175216675, 2.962090492248535, 2.9557948112487793, 2.9495034217834473, 2.9431090354919434, 2.9368252754211426, 2.9305241107940674, 2.9242146015167236, 2.9178504943847656, 2.9115614891052246, 2.9052176475524902, 2.898918628692627, 2.892454147338867, 2.886059045791626, 2.879857301712036, 2.8736517429351807, 2.867371082305908, 2.8610332012176514, 2.854856014251709, 2.8485467433929443, 2.842115879058838, 2.835671901702881, 2.82938551902771, 2.8231232166290283, 2.816936731338501, 2.8106672763824463, 2.8041560649871826, 2.797914981842041, 2.791638135910034, 2.7853407859802246, 2.779154062271118, 2.7727034091949463, 2.766462564468384, 2.760263204574585, 2.753990650177002, 2.747817277908325, 2.741527795791626, 2.7351577281951904, 2.728872537612915, 2.7226531505584717, 2.716353178024292, 2.7101643085479736, 2.7038016319274902, 2.697648763656616, 2.6914243698120117, 2.685321569442749, 2.6790366172790527, 2.6727283000946045, 2.666496753692627, 2.6603407859802246, 2.6541457176208496, 2.6480610370635986, 2.6418113708496094, 2.635634183883667, 2.6294548511505127, 2.6235084533691406, 2.617241144180298, 2.611058235168457, 2.6049389839172363, 2.598900079727173, 2.5925984382629395, 2.5866966247558594, 2.580657482147217, 2.574524402618408, 2.5685219764709473, 2.56240177154541, 2.5563838481903076, 2.550443410873413, 2.544417142868042, 2.5383212566375732, 2.532418727874756, 2.526522636413574, 2.520495653152466, 2.5145578384399414, 2.508765459060669, 2.50276255607605, 2.496652364730835, 2.4905295372009277, 2.484607696533203, 2.478734254837036, 2.472757577896118, 2.466752052307129, 2.4607532024383545, 2.4549152851104736, 2.4490110874176025, 2.4430572986602783, 2.4371063709259033, 2.431260824203491, 2.425635814666748, 2.419768810272217, 2.4139976501464844, 2.4082820415496826, 2.4026191234588623, 2.39691424369812, 2.3912367820739746, 2.385638952255249, 2.3799996376037598, 2.3743207454681396, 2.368762969970703, 2.3632140159606934, 2.3575329780578613, 2.3518598079681396, 2.346362352371216, 2.3406033515930176, 2.33498215675354, 2.3292901515960693, 2.3237555027008057, 2.318164587020874],