{"n_parameters": 126194, "training_time": 1.5225348472595215, "loss": [21.835481643676758, 0.8575897812843323, 1.0625056028366089, 0.9306768774986267, 0.7295993566513062, 1.3820182085037231, 0.608970046043396, 0.8722723126411438, 0.5462111830711365, 0.5500158667564392, 0.7042371034622192, 0.48073336482048035, 0.39473429322242737, 0.3358486294746399, 0.5269446969032288, 0.19110742211341858, 0.3696267008781433, 0.43200546503067017, 0.17862175405025482, 0.2851147949695587, -0.0368058867752552, 0.18473640084266663, 0.6049061417579651, -0.02054091915488243, -0.0387217216193676, 0.14532487094402313, 0.16047504544258118, -0.045016057789325714, 0.026170700788497925, -0.04173059016466141, 0.09742075949907303, 0.1062631607055664, 0.019213419407606125, -0.15670128166675568, -0.11057557165622711, 0.14543497562408447, -0.07740741968154907, 0.23422826826572418, -0.15674883127212524, -0.02632751315832138, -0.18450500071048737, -0.2345360368490219, 0.1580130010843277, -0.1461774855852127, -0.3275463283061981, -0.39450496435165405, -0.48315852880477905, -0.5664771199226379, -0.6833677887916565, -0.8510921001434326, -0.9995211958885193, -1.169321894645691, -1.353217601776123, -1.4377763271331787, -1.4145675897598267, -1.544312596321106, -1.6330044269561768, -1.5962997674942017, -1.6314579248428345, -1.6240078210830688, -1.608284831047058, -1.6204732656478882, -1.8332098722457886, -1.5382871627807617, -1.9595341682434082, -1.7392024993896484, -1.4471784830093384, -2.0867090225219727, -1.3482097387313843, -1.88813054561615, -1.793784499168396, -1.7772129774093628, -1.6511170864105225, -1.8594733476638794, -1.8443163633346558, -1.9035100936889648, -1.5995794534683228, -1.9545669555664062, -1.8038376569747925, -2.1674869060516357, -2.2078843116760254, -2.2366697788238525, -2.262023448944092, -2.295523166656494, -2.3292577266693115, -2.3435001373291016, -2.38183856010437, -2.4102771282196045, -2.4224162101745605, -2.4693655967712402, -2.4835712909698486, -2.5092265605926514, -2.5288140773773193, -2.568026542663574, -2.5859599113464355, -2.584710121154785, -2.6398463249206543, -2.648402214050293, -2.670745372772217, -2.6972930431365967, -2.7204537391662598, -2.684450626373291, -2.7439324855804443, -2.754580020904541, -2.756920576095581, -2.760389566421509, -2.7630648612976074, -2.7651312351226807, -2.7684378623962402, -2.768425226211548, -2.7737202644348145, -2.7770209312438965, -2.777247667312622, -2.7775349617004395, -2.778017044067383], "val_loss": [0.9498363733291626, 0.799130916595459, 1.1140505075454712, 0.6871352791786194, 2.7770442962646484, 0.6469257473945618, 1.0272910594940186, 0.5911543965339661, 0.5291328430175781, 0.6360609531402588, 0.5569056272506714, 0.4905461370944977, 0.43413859605789185, 0.09392435848712921, 0.18599390983581543, 0.011299877427518368, 0.002454618224874139, 0.06498352438211441, 0.07067263126373291, 0.11826405674219131, -0.30675241351127625, -0.07985579967498779, 0.15710914134979248, -0.17019546031951904, -0.322543203830719, -0.14178892970085144, -0.12017592042684555, -0.20031939446926117, 0.6783826947212219, -0.3186883330345154, -0.252897709608078, -0.13169407844543457, 0.07433509081602097, -0.2934575378894806, -0.48121920228004456, -0.32699280977249146, -0.31081855297088623, 0.051039330661296844, -0.39642155170440674, -0.32112762331962585, -0.17687146365642548, 2.8101108074188232, -0.3960309326648712, -0.31370294094085693, -0.33168914914131165, -0.4410901367664337, -0.5164509415626526, -0.6165591478347778, -0.7509840130805969, -0.8686879277229309, -0.964425265789032, -1.2018017768859863, -1.1992052793502808, -1.5294333696365356, -1.5651767253875732, -1.4198802709579468, -1.345808744430542, -1.597208857536316, -1.7139685153961182, -1.594457983970642, -1.664480447769165, -1.6135677099227905, -1.5984021425247192, -1.7839627265930176, -0.7099980115890503, -1.8447433710098267, -1.8360298871994019, -0.37499961256980896, -1.8487967252731323, -0.9174869656562805, -1.830436110496521, -1.729838490486145, -1.7118580341339111, -1.7702347040176392, 0.07498875260353088, -1.683988094329834, -1.7637929916381836, -1.8103128671646118, -1.8314231634140015, -1.8891834020614624, -1.9037703275680542, -1.9197933673858643, -1.9349370002746582, -1.926271915435791, -1.918978214263916, -1.9362388849258423, -1.938520073890686, -1.9427860975265503, -1.9147634506225586, -1.9131325483322144, -1.9468013048171997, -1.929938793182373, -1.914015531539917, -1.919171929359436, -1.8770482540130615, -1.8675107955932617, -1.8798366785049438, -1.8413041830062866, -1.8605496883392334, -1.8248172998428345, -1.6745985746383667, -1.7859182357788086, -1.801210880279541, -1.802557349205017, -1.801558494567871, -1.7982019186019897, -1.7980504035949707, -1.7932305335998535, -1.792616605758667, -1.788499355316162, -1.7846003770828247, -1.784455418586731, -1.7841739654541016, -1.7839502096176147, -1.783452033996582], "lr": [0.00522497808560729, 0.00522497808560729, 0.00522497808560729, 0.00522497808560729, 0.00522497808560729, 0.00522497808560729, 0.00522497808560729, 0.00522497808560729, 0.00522497808560729, 0.00522497808560729, 0.00522497808560729, 0.00522497808560729, 0.00522497808560729, 0.00522497808560729, 0.00522497808560729, 0.00522497808560729, 0.00522497808560729, 0.00522497808560729, 0.00522497808560729, 0.00522497808560729, 0.00522497808560729, 0.00522497808560729, 0.00522497808560729, 0.00522497808560729, 0.00522497808560729, 0.00522497808560729, 0.00522497808560729, 0.00522497808560729, 0.00522497808560729, 0.00522497808560729, 0.00522497808560729, 0.00522497808560729, 0.00522497808560729, 0.00522497808560729, 0.00522497808560729, 0.00522497808560729, 0.00522497808560729, 0.00522497808560729, 0.00522497808560729, 0.00522497808560729, 0.00522497808560729, 0.00522497808560729, 0.00522497808560729, 0.00522497808560729, 0.00522497808560729, 0.000522497808560729, 0.000522497808560729, 0.000522497808560729, 0.000522497808560729, 0.000522497808560729, 0.000522497808560729, 0.000522497808560729, 0.000522497808560729, 0.000522497808560729, 0.000522497808560729, 0.000522497808560729, 0.000522497808560729, 0.000522497808560729, 0.000522497808560729, 0.000522497808560729, 0.000522497808560729, 0.000522497808560729, 0.000522497808560729, 0.000522497808560729, 0.000522497808560729, 0.000522497808560729, 0.000522497808560729, 0.000522497808560729, 0.000522497808560729, 0.000522497808560729, 0.000522497808560729, 0.000522497808560729, 0.000522497808560729, 0.000522497808560729, 0.000522497808560729, 0.000522497808560729, 0.000522497808560729, 0.000522497808560729, 0.000522497808560729, 5.224977940088138e-05, 5.224977940088138e-05, 5.224977940088138e-05, 5.224977940088138e-05, 5.224977940088138e-05, 5.224977940088138e-05, 5.224977940088138e-05, 5.224977940088138e-05, 5.224977940088138e-05, 5.224977940088138e-05, 5.224977940088138e-05, 5.224977940088138e-05, 5.224977940088138e-05, 5.224977940088138e-05, 5.224977940088138e-05, 5.224977940088138e-05, 5.224977940088138e-05, 5.224977940088138e-05, 5.224977940088138e-05, 5.224977940088138e-05, 5.224977940088138e-05, 5.224977940088138e-05, 5.224977940088138e-06, 5.224977940088138e-06, 5.224977940088138e-06, 5.224977940088138e-06, 5.224977940088138e-06, 5.224977940088138e-06, 5.224977940088138e-06, 5.224977940088138e-06, 5.224977940088138e-06, 5.224977940088138e-06, 5.224977712714463e-07, 5.224977712714463e-07, 5.224977712714463e-07, 5.224977712714463e-07]}