{"n_parameters": 48402, "training_time": 1.290112018585205, "loss": [4.315061569213867, 0.758008599281311, 1.7041163444519043, 0.9078706502914429, 0.7087384462356567, 1.0476651191711426, 1.1472742557525635, 0.6284363865852356, 0.9023547768592834, 0.6933171153068542, 0.5879366993904114, 0.778412938117981, 0.4642654359340668, 0.4416043162345886, 0.6632388234138489, 0.37111032009124756, 0.6098262071609497, 0.1806119978427887, 0.3890736699104309, 0.33612462878227234, 0.25871703028678894, 0.24346168339252472, 0.03331711143255234, 0.2505621612071991, 0.053431496024131775, 0.16352646052837372, 0.1420881748199463, 0.22677291929721832, -0.2183704823255539, 0.26669666171073914, -0.3579103648662567, 0.3384645879268646, -0.26397132873535156, 0.007338164374232292, 0.0803525298833847, -0.014083139598369598, -0.23776718974113464, 0.1821422576904297, -0.2941017746925354, -0.13156023621559143, -0.03442312031984329, -0.3785909414291382, -0.46881842613220215, -0.5255056023597717, -0.5855072140693665, -0.6533072590827942, -0.7151702642440796, -0.8111642003059387, -0.8974442481994629, -0.9853813052177429, -1.0927428007125854, -1.170064091682434, -1.2487807273864746, -1.3346939086914062, -1.5030208826065063, -1.5444258451461792, -1.538913369178772, -1.7453744411468506, -1.6651965379714966, -1.7346078157424927, -1.5789798498153687, -1.9508919715881348, -1.7869083881378174, -1.725883960723877, -1.7878899574279785, -1.8768641948699951, -1.918822169303894, -1.7780828475952148, -1.8710590600967407, -1.845796823501587, -2.153501033782959, -1.7111966609954834, -1.801365852355957, -1.9346868991851807, -1.9061000347137451, -1.6050041913986206, -2.2735610008239746, -1.776595950126648, -1.5287928581237793, -2.2696897983551025, -1.9690226316452026, -1.8500875234603882, -1.5954962968826294, -2.177731513977051, -1.9656540155410767, -1.7616876363754272, -2.2048516273498535, -1.9299885034561157, -2.369323492050171, -2.3893651962280273, -2.4065895080566406, -2.4233193397521973, -2.4355602264404297, -2.458544969558716, -2.4706645011901855, -2.486664295196533, -2.5080904960632324, -2.5143628120422363, -2.5388519763946533, -2.5445597171783447, -2.547442674636841], "val_loss": [0.789131760597229, 0.6903085708618164, 1.0505688190460205, 0.7157017588615417, 1.1099600791931152, 1.1189625263214111, 0.6443824768066406, 0.7479349374771118, 1.1951966285705566, 0.6439489126205444, 0.4168616831302643, 0.4224437177181244, 0.37709495425224304, 1.8270047903060913, 0.3021804392337799, 0.26658716797828674, 0.19286464154720306, 1.3714795112609863, 0.17232555150985718, 0.16036979854106903, 0.9014681577682495, 0.6382477283477783, 0.8149244785308838, 0.3765047490596771, 1.022461175918579, 0.3316176235675812, -0.12770767509937286, -0.02479933202266693, -0.16780252754688263, -0.2416701763868332, -0.44223472476005554, -0.09796122461557388, 0.5095487833023071, -0.37823042273521423, -0.38016945123672485, 0.4337206184864044, -0.38106560707092285, -0.3093531131744385, 0.06846247613430023, 0.8004853129386902, -0.2868589162826538, -0.41929003596305847, -0.4716978669166565, -0.5297482013702393, -0.578745424747467, -0.6520984172821045, -0.7236131429672241, -0.8047369718551636, -0.8909530639648438, -0.9384954571723938, -0.9272879958152771, -1.1483231782913208, -1.2905043363571167, -1.3812381029129028, -1.4145342111587524, -1.5292879343032837, -1.510704755783081, -0.9821169376373291, -0.9233813285827637, -1.3605539798736572, -1.4135725498199463, -1.563504934310913, -1.6413124799728394, -1.5052298307418823, -1.7110291719436646, -1.253201961517334, -1.5733674764633179, -1.7022007703781128, -0.20170974731445312, -1.4282240867614746, -1.7023934125900269, -1.5790175199508667, -1.674764633178711, -1.2382560968399048, -1.7414073944091797, -1.7315895557403564, -1.1259537935256958, -1.7763599157333374, -1.6398500204086304, -1.4848995208740234, -1.044521450996399, -1.6890150308609009, -1.6457090377807617, -1.3542343378067017, -1.6203147172927856, -1.211690068244934, -1.646034598350525, -1.6859843730926514, -1.712672233581543, -1.7083964347839355, -1.7042385339736938, -1.6947120428085327, -1.6937960386276245, -1.6641900539398193, -1.6812713146209717, -1.6626214981079102, -1.6149483919143677, -1.6202168464660645, -1.6304991245269775, -1.6349117755889893, -1.6359550952911377], "lr": [0.0027263809461146593, 0.0027263809461146593, 0.0027263809461146593, 0.0027263809461146593, 0.0027263809461146593, 0.0027263809461146593, 0.0027263809461146593, 0.0027263809461146593, 0.0027263809461146593, 0.0027263809461146593, 0.0027263809461146593, 0.0027263809461146593, 0.0027263809461146593, 0.0027263809461146593, 0.0027263809461146593, 0.0027263809461146593, 0.0027263809461146593, 0.0027263809461146593, 0.0027263809461146593, 0.0027263809461146593, 0.0027263809461146593, 0.0027263809461146593, 0.0027263809461146593, 0.0027263809461146593, 0.0027263809461146593, 0.0027263809461146593, 0.0027263809461146593, 0.0027263809461146593, 0.0027263809461146593, 0.0027263809461146593, 0.0027263809461146593, 0.0027263809461146593, 0.0027263809461146593, 0.0027263809461146593, 0.0027263809461146593, 0.0027263809461146593, 0.0027263809461146593, 0.0027263809461146593, 0.0027263809461146593, 0.0027263809461146593, 0.0027263809461146593, 0.0002726381062529981, 0.0002726381062529981, 0.0002726381062529981, 0.0002726381062529981, 0.0002726381062529981, 0.0002726381062529981, 0.0002726381062529981, 0.0002726381062529981, 0.0002726381062529981, 0.0002726381062529981, 0.0002726381062529981, 0.0002726381062529981, 0.0002726381062529981, 0.0002726381062529981, 0.0002726381062529981, 0.0002726381062529981, 0.0002726381062529981, 0.0002726381062529981, 0.0002726381062529981, 0.0002726381062529981, 0.0002726381062529981, 0.0002726381062529981, 0.0002726381062529981, 0.0002726381062529981, 0.0002726381062529981, 0.0002726381062529981, 0.0002726381062529981, 0.0002726381062529981, 0.0002726381062529981, 0.0002726381062529981, 0.0002726381062529981, 0.0002726381062529981, 0.0002726381062529981, 0.0002726381062529981, 0.0002726381062529981, 0.0002726381062529981, 0.0002726381062529981, 0.0002726381062529981, 0.0002726381062529981, 0.0002726381062529981, 0.0002726381062529981, 0.0002726381062529981, 0.0002726381062529981, 0.0002726381062529981, 0.0002726381062529981, 0.0002726381062529981, 0.0002726381062529981, 2.726380989770405e-05, 2.726380989770405e-05, 2.726380989770405e-05, 2.726380989770405e-05, 2.726380989770405e-05, 2.726380989770405e-05, 2.726380989770405e-05, 2.726380989770405e-05, 2.726380989770405e-05, 2.726380989770405e-05, 2.726380898820935e-06, 2.726380898820935e-06, 2.726380898820935e-06]}