{"n_parameters": 52962, "training_time": 3.505760908126831, "loss": [0.9787954688072205, 0.49203619360923767, 1.2711971998214722, 0.43811750411987305, 1.0101433992385864, 0.3971080780029297, 0.2933880388736725, 0.1824652999639511, 0.03665146976709366, -0.027724603191018105, 1.3707785606384277, 0.26521483063697815, 0.055401064455509186, -0.1264558732509613, 0.2590982913970947, 0.5243675112724304, -0.02340858243405819, -0.20876330137252808, -0.301878958940506, 0.0438624732196331, -0.17626583576202393, -0.3303579092025757, -0.6073889136314392, 0.6548941135406494, -0.28383609652519226, -0.46921199560165405, -0.14133068919181824, -0.38710856437683105, -0.5942062735557556, -0.25926363468170166, -0.6844466328620911, 0.19269324839115143, -0.24239663779735565, -0.4648689329624176, -0.6934515833854675, -0.7366200089454651, -0.5708927512168884, -0.8316419124603271, -0.5777738094329834, -0.9749165177345276, -0.4115508496761322, -0.20423506200313568, -0.6388978958129883, -0.8685669302940369, -0.8326245546340942, -0.47108983993530273, -0.9436246752738953, -1.100874900817871, -0.4343952238559723, -0.8580719828605652, -1.1240679025650024, -0.8666350841522217, -0.6259957551956177, -1.095044732093811, -0.6275712847709656, -1.156103253364563, -0.6201882362365723, -0.45311033725738525, -0.8860734105110168, -0.5206549763679504, -0.8450207114219666, -0.43504297733306885, -0.9227606654167175, -1.073614478111267, -1.1194920539855957, -1.1670502424240112, -1.2105534076690674, -1.2462055683135986, -1.2826189994812012, -1.3432317972183228, -1.3948633670806885, -1.4442611932754517, -1.4877930879592896, -1.528545618057251, -1.5176961421966553, -1.526365041732788, -1.639978051185608, -1.692667007446289, -1.5984585285186768, -1.6587283611297607, -1.7033296823501587, -1.8279680013656616, -1.9348477125167847, -2.00278639793396, -1.9466148614883423, -1.9093270301818848, -1.9144376516342163, -2.114816665649414, -2.2311556339263916, -2.234711170196533, -2.225222110748291, -2.32017183303833, -2.351856231689453, -2.301866054534912, -2.3188014030456543, -2.4750187397003174, -2.415609121322632, -2.570485830307007, -2.376863718032837, -2.3806891441345215, -2.4747164249420166, -2.5557310581207275, -2.5960285663604736, -2.729686975479126, -2.54280424118042, -2.6256284713745117, -2.694120168685913, -2.557558536529541, -2.549194812774658, -2.3757808208465576, -2.8609135150909424, -2.9466562271118164, -3.034186840057373, -2.8314707279205322, -2.761918067932129, -1.8969701528549194, -2.6567835807800293, -2.8969674110412598, -3.004565477371216, -3.114339828491211, -3.128145933151245, -2.366065502166748, -2.7878024578094482, -2.890850782394409, -3.000330686569214, -3.179166078567505, -3.2441012859344482, -3.260395050048828, -3.2789740562438965, -3.2912518978118896, -3.3014729022979736, -3.3153817653656006, -3.324655055999756, -3.334406852722168, -3.350741147994995, -3.3606748580932617, -3.371272325515747], "val_loss": [0.5153424739837646, 0.46613243222236633, 0.523016631603241, 0.36097782850265503, 0.40615314245224, 0.3329166769981384, 0.239404559135437, 0.11677398532629013, -0.037806183099746704, 3.168738842010498, 0.2602745294570923, 0.12422773987054825, -0.0064588747918605804, -0.1480710655450821, -0.18921694159507751, -0.08203744143247604, -0.12424418330192566, -0.28348907828330994, -0.2109181433916092, -0.38063889741897583, -0.34344980120658875, -0.4516753852367401, -0.7250166535377502, -0.26035788655281067, -0.390057235956192, -0.4841044247150421, -0.3243713974952698, -0.5336978435516357, 2.6996052265167236, -0.6917504668235779, -0.6733575463294983, -0.39705076813697815, -0.23444052040576935, -0.514414370059967, -0.8009315729141235, -0.4960922300815582, -0.666535496711731, -0.7139670252799988, -0.88401198387146, -0.9564235806465149, -0.766022264957428, -0.6081122159957886, -0.7720454335212708, -0.9483364820480347, -0.789842426776886, -0.7002031803131104, -0.9080986380577087, -0.5738099217414856, -0.3649267554283142, -1.035043478012085, -1.2577749490737915, -0.9571272134780884, -0.9760321974754333, -1.2325488328933716, -1.1038494110107422, -0.4625186622142792, -1.096073865890503, -0.920906126499176, -1.0325746536254883, -0.7408108115196228, -0.998953640460968, -0.8840125203132629, -0.9504656195640564, -1.1297476291656494, -1.173728108406067, -1.2126268148422241, -1.2302018404006958, -1.2902299165725708, -1.3340343236923218, -1.3871654272079468, -1.4096547365188599, -1.4859076738357544, -1.5327504873275757, -1.5520416498184204, -1.5699496269226074, -1.5732978582382202, -1.617276668548584, -1.7256336212158203, -1.6369554996490479, -1.7190396785736084, -1.8092138767242432, -1.8516498804092407, -1.9192267656326294, -1.8997036218643188, -1.4581056833267212, -1.8616292476654053, -1.8403273820877075, -2.0476925373077393, -2.1247079372406006, -1.4910799264907837, -2.0433781147003174, -2.2099788188934326, -2.261411190032959, -2.0383434295654297, -2.298522710800171, -2.321629524230957, -2.3944413661956787, -2.2457685470581055, -2.4178550243377686, -2.2845652103424072, -2.3464152812957764, -2.1397387981414795, -2.2866947650909424, -2.4413039684295654, -1.8919891119003296, -2.4472110271453857, -2.260359764099121, -0.05015094578266144, -2.271378993988037, -2.242917060852051, -2.425009250640869, -2.351888656616211, -2.4873921871185303, -1.2154477834701538, -2.210268497467041, -1.621883511543274, -2.32515549659729, -2.309445381164551, -2.378950357437134, -2.3292958736419678, -2.2384071350097656, -1.9287563562393188, -1.1282471418380737, -2.168771982192993, -2.0693578720092773, -2.2712178230285645, -2.3156020641326904, -2.311556816101074, -2.310737133026123, -2.3027138710021973, -2.2992751598358154, -2.2503042221069336, -2.2728567123413086, -2.250943422317505, -2.2549259662628174, -2.237119197845459, -2.2236907482147217],