{"n_parameters": 60594, "training_time": 1.2407469749450684, "loss": [2.8010709285736084, 0.9620577692985535, 0.744234025478363, 0.6007359027862549, 0.8165529370307922, 0.5285110473632812, 0.6521310806274414, 0.4646998345851898, 0.35618048906326294, 0.1789233535528183, 0.01625150628387928, 0.000799270870629698, -0.017654504626989365, -0.17093457281589508, -0.24855667352676392, -0.25782009959220886, -0.15749715268611908, 0.06117106229066849, -0.3564385771751404, -0.32176464796066284, -0.19495046138763428, -0.2560986876487732, -0.3268778324127197, -0.42577916383743286, -0.31163927912712097, -0.510498583316803, -0.4349522590637207, -0.288123220205307, -0.5401006937026978, -0.38357624411582947, -0.21600905060768127, -0.5984064340591431, -0.4107024669647217, -0.4320496916770935, -0.4032309949398041, -0.6412312388420105, -0.3497941792011261, -0.6656646728515625, -0.5821595191955566, -0.3176746666431427, -0.6575449109077454, -0.5938681364059448, -0.28340795636177063, -0.636206328868866, -0.640519917011261, -0.7468805313110352, -0.2177526354789734, -0.6376069188117981, -0.7853280901908875, -0.635993480682373, -0.27133119106292725, -0.7488711476325989, -0.7616090774536133, -0.30640947818756104, -0.8758293390274048, -0.7026811838150024, -1.0348029136657715, -0.8568139672279358, -0.8713232278823853, -1.3311254978179932, -1.4696542024612427, -1.5883978605270386, -1.6749119758605957, -1.7660889625549316, -1.9474350214004517, -1.9643257856369019, -1.9803144931793213, -1.9669417142868042, -2.0501956939697266, -2.0402169227600098, -2.086655855178833, -2.052724838256836, -1.9608598947525024, -2.1685686111450195, -2.146578788757324, -2.1001877784729004, -2.0507402420043945, -2.2064778804779053, -2.1170654296875, -1.9774309396743774, -2.260744094848633, -2.1409621238708496, -1.9774019718170166, -2.0684621334075928, -2.362496852874756, -1.9311928749084473, -2.3343448638916016, -2.3648624420166016, -2.3722126483917236, -2.377401351928711, -2.3869788646698, -2.3891665935516357, -2.4048104286193848, -2.4106481075286865, -2.4146924018859863, -2.4228174686431885, -2.43869948387146, -2.4401023387908936, -2.4412622451782227, -2.4416697025299072, -2.442434787750244], "val_loss": [0.7801128625869751, 0.6979449987411499, 0.5748744010925293, 0.7716947197914124, 0.508027195930481, 0.48288875818252563, 0.3596339225769043, 0.25840261578559875, 0.16466127336025238, -0.004478429909795523, -0.05779204145073891, -0.3322352170944214, -0.3621322810649872, -0.4443829357624054, -0.585517942905426, -0.3273554742336273, -0.5835542678833008, -0.3946516513824463, 0.8757297396659851, 0.25872573256492615, -0.44925209879875183, -0.28849098086357117, -0.5024561285972595, -0.5969026684761047, -0.6897503733634949, -0.42785727977752686, 2.3894314765930176, -0.6609846949577332, -0.5513427257537842, -0.8134943842887878, -0.8032358288764954, -0.5766651034355164, -0.6336207985877991, -0.7417380213737488, -0.6210166215896606, 0.2509392201900482, -0.7045519948005676, -0.955856442451477, -0.9527097344398499, -0.9352208971977234, -0.8078756332397461, -0.5630283951759338, -0.942466676235199, -0.8511747717857361, 0.109587661921978, -0.7504989504814148, -0.9061281681060791, -0.9877728223800659, -0.08894215524196625, 1.4590824842453003, -0.8067939877510071, -0.8543508648872375, -0.949100911617279, -0.8404520153999329, -0.6357790231704712, -0.9284701347351074, 0.2047472596168518, 0.13738654553890228, -1.1695271730422974, -1.327933669090271, -1.3769550323486328, -1.527628779411316, -1.6208770275115967, -1.6287027597427368, -1.7350828647613525, -1.404070258140564, -1.4358348846435547, -1.622580647468567, -1.7201260328292847, -1.6456670761108398, -1.573503017425537, -0.16699887812137604, -1.7714307308197021, -1.517197608947754, -1.1774803400039673, -1.7802464962005615, -1.7245025634765625, -0.9346440434455872, -1.7141530513763428, -1.3837273120880127, -1.546985149383545, -1.580513834953308, -1.65120267868042, -1.6966310739517212, -1.6767123937606812, -1.741456389427185, -1.750124454498291, -1.7492283582687378, -1.7307307720184326, -1.6779321432113647, -1.6980844736099243, -1.7319047451019287, -1.63858163356781, -1.7031571865081787, -1.6059613227844238, -1.6448540687561035, -1.651304006576538, -1.6570651531219482, -1.6590025424957275, -1.655700922012329, -1.6526765823364258], "lr": [0.002549482509493828, 0.002549482509493828, 0.002549482509493828, 0.002549482509493828, 0.002549482509493828, 0.002549482509493828, 0.002549482509493828, 0.002549482509493828, 0.002549482509493828, 0.002549482509493828, 0.002549482509493828, 0.002549482509493828, 0.002549482509493828, 0.002549482509493828, 0.002549482509493828, 0.002549482509493828, 0.002549482509493828, 0.002549482509493828, 0.002549482509493828, 0.002549482509493828, 0.002549482509493828, 0.002549482509493828, 0.002549482509493828, 0.002549482509493828, 0.002549482509493828, 0.002549482509493828, 0.002549482509493828, 0.002549482509493828, 0.002549482509493828, 0.002549482509493828, 0.002549482509493828, 0.002549482509493828, 0.002549482509493828, 0.002549482509493828, 0.002549482509493828, 0.002549482509493828, 0.002549482509493828, 0.002549482509493828, 0.002549482509493828, 0.002549482509493828, 0.002549482509493828, 0.002549482509493828, 0.002549482509493828, 0.002549482509493828, 0.002549482509493828, 0.002549482509493828, 0.002549482509493828, 0.002549482509493828, 0.002549482509493828, 0.002549482509493828, 0.002549482509493828, 0.002549482509493828, 0.002549482509493828, 0.002549482509493828, 0.002549482509493828, 0.002549482509493828, 0.002549482509493828, 0.002549482509493828, 0.0002549482451286167, 0.0002549482451286167, 0.0002549482451286167, 0.0002549482451286167, 0.0002549482451286167, 0.0002549482451286167, 0.0002549482451286167, 0.0002549482451286167, 0.0002549482451286167, 0.0002549482451286167, 0.0002549482451286167, 0.0002549482451286167, 0.0002549482451286167, 0.0002549482451286167, 0.0002549482451286167, 0.0002549482451286167, 0.0002549482451286167, 0.0002549482451286167, 0.0002549482451286167, 0.0002549482451286167, 0.0002549482451286167, 0.0002549482451286167, 0.0002549482451286167, 0.0002549482451286167, 0.0002549482451286167, 0.0002549482451286167, 0.0002549482451286167, 0.0002549482451286167, 2.549482451286167e-05, 2.549482451286167e-05, 2.549482451286167e-05, 2.549482451286167e-05, 2.549482451286167e-05, 2.549482451286167e-05, 2.549482451286167e-05, 2.549482451286167e-05, 2.549482451286167e-05, 2.549482451286167e-05, 2.5494823603366967e-06, 2.5494823603366967e-06, 2.5494823603366967e-06, 2.5494823603366967e-06, 2.5494823603366967e-06]}