{"n_parameters": 139362, "training_time": 1.8092601299285889, "loss": [28.670429229736328, 1.5377941131591797, 1.457179307937622, 1.5874953269958496, 1.0604554414749146, 1.429074764251709, 0.9799789190292358, 0.94849693775177, 0.6946964859962463, 0.6493883728981018, 0.508941650390625, 0.4097752571105957, 0.44951993227005005, 0.493288516998291, 0.2428942620754242, 0.45483800768852234, 0.03863641619682312, 0.0006854685489088297, 0.5728904008865356, -0.10191437602043152, 0.05645280331373215, -0.06837987899780273, 0.14979420602321625, -0.05333844572305679, 0.13281330466270447, 0.37764066457748413, 0.33877113461494446, 0.6643898487091064, -0.006190528627485037, -0.0670529380440712, -0.14002272486686707, -0.23045605421066284, -0.3436453640460968, -0.47666651010513306, -0.6526461839675903, -0.8281182050704956, -0.9330938458442688, -1.0644279718399048, -1.2255686521530151, -1.2022008895874023, -1.2146188020706177, -1.4605917930603027, -1.1416196823120117, -1.3722835779190063, -1.5682950019836426, -1.2214750051498413, -1.3917368650436401, -1.3001494407653809, -1.5370635986328125, -1.3843426704406738, -1.4251974821090698, -1.1984875202178955, -1.7575881481170654, -1.2375991344451904, -1.3506577014923096, -1.6068789958953857, -1.481769323348999, -1.3050599098205566, -1.5692311525344849, -1.577542781829834, -1.3082846403121948, -1.5753532648086548, -1.4684549570083618, -1.593149185180664, -1.7106133699417114, -1.2260583639144897, -1.651005744934082, -1.4840060472488403, -1.9465807676315308, -0.8316857218742371, -1.7296810150146484, -1.744219422340393, -1.1640043258666992, -1.800944209098816, -1.4601588249206543, -1.3635952472686768, -1.6390007734298706, -1.4099782705307007, -1.5478456020355225, -1.7158814668655396, -1.3175147771835327, -1.528257966041565, -1.6871534585952759, -1.6903523206710815, -1.9683228731155396, -1.9959555864334106, -2.022566795349121, -2.0488014221191406, -2.078652858734131, -2.107163429260254, -2.1376590728759766, -2.167235851287842, -2.190352201461792, -2.231956958770752, -2.2462291717529297, -2.2732021808624268, -2.3157408237457275, -2.327763557434082, -2.3496949672698975, -2.3846468925476074, -2.412830114364624, -2.4114062786102295, -2.4588897228240967, -2.465425491333008, -2.4869701862335205, -2.506044864654541, -2.515899896621704, -2.55016827583313, -2.582050323486328, -2.5460190773010254, -2.6183905601501465, -2.6160433292388916, -2.6495063304901123, -2.6623945236206055, -2.665776491165161, -2.669037103652954, -2.6711623668670654, -2.674506187438965, -2.674453020095825, -2.679539203643799, -2.6828110218048096, -2.6844944953918457, -2.687194585800171, -2.6877546310424805, -2.68821120262146, -2.688629627227783, -2.688978433609009, -2.689086675643921, -2.6897084712982178], "val_loss": [1.3072749376296997, 1.4141466617584229, 1.305397391319275, 1.0825756788253784, 1.0510703325271606, 0.8635772466659546, 1.0886634588241577, 0.7764546871185303, 0.6513241529464722, 0.5687457919120789, 0.4936724901199341, 1.6122461557388306, 0.5453236103057861, 0.37389376759529114, -0.1316680759191513, -0.03433922305703163, -0.17855234444141388, -0.3504820764064789, -0.115347720682621, -0.3390350043773651, -0.08943355083465576, 0.5649634599685669, -0.18254072964191437, -0.23303334414958954, 0.2209719866514206, 0.3780412971973419, -0.10946955531835556, 0.008227269165217876, -0.04859568178653717, -0.11580368131399155, -0.19848112761974335, -0.29586881399154663, -0.435763955116272, -0.5743216872215271, -0.69361412525177, -0.9623541235923767, -1.0943928956985474, -0.9682201147079468, -1.1623730659484863, -1.379490613937378, -1.170342206954956, -1.4854202270507812, -1.477541208267212, -1.079852819442749, -0.8350316286087036, -1.462364912033081, -1.5594168901443481, -1.016036033630371, -0.9490950107574463, -1.5844007730484009, -0.45361027121543884, -1.4974069595336914, -0.9797207117080688, -1.5403481721878052, -1.6271873712539673, 0.3730427622795105, -1.514001727104187, -1.622548222541809, -0.7745032906532288, -1.7013570070266724, -1.653960108757019, -1.3869003057479858, -1.6486233472824097, 0.013612262904644012, -1.7240620851516724, -1.699284315109253, -1.6391475200653076, -1.662543773651123, -0.5809928178787231, -1.7155593633651733, -0.8614094257354736, -1.375118374824524, -1.767574667930603, 0.49599897861480713, -1.522158145904541, -1.469836711883545, -0.09266667813062668, -1.616845965385437, -0.5449945330619812, -1.600642442703247, -1.6861636638641357, -1.3565740585327148, -0.9046806693077087, -1.7395731210708618, -1.7886476516723633, -1.7895756959915161, -1.8215563297271729, -1.8023602962493896, -1.825351595878601, -1.8668944835662842, -1.887237310409546, -1.8996427059173584, -1.8835437297821045, -1.8729851245880127, -1.9033513069152832, -1.9240976572036743, -1.9647830724716187, -1.9707590341567993, -1.9819327592849731, -1.953991413116455, -1.876063346862793, -1.9936599731445312, -1.8385162353515625, -1.9184409379959106, -1.9087929725646973, -1.888559341430664, -1.8754546642303467, -1.9419914484024048, -1.9601324796676636, -1.9532979726791382, -1.9707653522491455, -1.9256997108459473, -1.9490530490875244, -1.9498015642166138, -1.9510842561721802, -1.955072283744812, -1.9622043371200562, -1.9487662315368652, -1.9504176378250122, -1.9609712362289429, -1.9563552141189575, -1.9458134174346924, -1.9472761154174805, -1.9487476348876953, -1.9492459297180176, -1.9499479532241821, -1.950095295906067, -1.951061725616455, -1.9511114358901978],