{"n_parameters": 94690, "training_time": 1.6312129497528076, "loss": [232.7412567138672, 2.1857757568359375, 2.629275321960449, 2.080681324005127, 2.089764356613159, 2.6289923191070557, 1.8133546113967896, 2.3944904804229736, 1.664953589439392, 1.9856992959976196, 1.4172934293746948, 1.1697158813476562, 1.204365611076355, 0.7949360609054565, 0.951894223690033, 0.5327478051185608, 0.5755401849746704, 1.8237348794937134, 0.3946528136730194, 0.23438327014446259, 3.9142093658447266, 0.9103302955627441, 0.2612687349319458, 3.6756484508514404, 0.2611076831817627, 0.07181046903133392, 0.9448583126068115, 0.08964700251817703, 0.34495967626571655, 0.30882036685943604, -0.06692925095558167, -0.1357123702764511, -0.23738782107830048, -0.36480385065078735, -0.531495213508606, -0.6981034874916077, -0.7750093936920166, -0.846271812915802, -1.1559793949127197, -0.8565735816955566, -1.035651683807373, -1.2555882930755615, -0.930279016494751, -1.422964334487915, -0.7744174003601074, -1.5183053016662598, -0.7327514886856079, -1.5196595191955566, -0.888063907623291, -1.6177316904067993, -0.9418950080871582, -1.2341746091842651, -1.5916533470153809, -0.34586089849472046, -1.659859538078308, -1.1616122722625732, -1.5387437343597412, -1.0049054622650146, -1.464982271194458, -1.0794042348861694, -1.7236090898513794, -0.6267171502113342, -1.6624579429626465, -0.9312383532524109, -1.6676040887832642, -0.8553045392036438, -1.6778589487075806, -1.020653486251831, -1.4480973482131958, -1.2809725999832153, -1.3562846183776855, -1.2013732194900513, -1.3343079090118408, -0.9338057637214661, -1.624969720840454, -1.2957264184951782, -1.0254004001617432, -1.6796140670776367, -1.0690196752548218, -1.2826650142669678, -1.594548225402832, -0.8751271963119507, -1.691577434539795, -1.327101469039917, -1.1297496557235718, -1.4479076862335205, -1.6787683963775635, -0.9406280517578125, -1.3455911874771118, -1.6033759117126465, -1.0471757650375366, -1.7498488426208496, -0.9285922050476074, -1.5528393983840942, -1.3510910272598267, -1.2446839809417725, -1.6505972146987915, -1.13320791721344, -1.4123176336288452, -1.480241060256958, -1.535548448562622, -1.8049654960632324, -1.8514765501022339, -1.8916255235671997, -1.9328361749649048, -1.978129506111145, -2.022008180618286, -2.067033529281616, -2.1001381874084473, -2.149940252304077, -2.188934326171875, -2.231656789779663, -2.2625319957733154, -2.302741289138794, -2.3410322666168213, -2.366795778274536, -2.42876935005188, -2.43459153175354, -2.4538111686706543, -2.4984538555145264, -2.5476436614990234, -2.5832936763763428, -2.5587754249572754, -2.6280393600463867, -2.6598432064056396, -2.699850082397461, -2.713338613510132, -2.7146828174591064, -2.718867063522339, -2.7239503860473633, -2.7270565032958984, -2.7309958934783936, -2.732539653778076, -2.7381789684295654, -2.743361234664917, -2.745130777359009, -2.746891498565674, -2.7477173805236816, -2.7485523223876953], "val_loss": [2.2909281253814697, 2.0462656021118164, 2.2257323265075684, 1.8981021642684937, 4.668929576873779, 1.5613423585891724, 4.310605049133301, 1.6447036266326904, 2.0138940811157227, 1.0821949243545532, 1.1775059700012207, 3.8233792781829834, 0.7481963038444519, 0.5628366470336914, 0.5924841165542603, 0.8847458362579346, 0.17926016449928284, 0.27441322803497314, 0.3338976800441742, -0.1368051916360855, 0.16785557568073273, 0.07415278255939484, -0.09627281129360199, 0.6338671445846558, 0.30770421028137207, 0.5297306776046753, 0.07912804186344147, 0.2615162134170532, 0.09988797456026077, -0.04094291105866432, -0.09808201342821121, -0.18429093062877655, -0.31602850556373596, -0.38863301277160645, -0.595349907875061, -0.7629262804985046, -0.9282533526420593, -0.9398369193077087, 1.5048820972442627, -1.201961636543274, -1.0976107120513916, -1.0801652669906616, -1.1924108266830444, -1.389932632446289, -1.28559410572052, -1.3773717880249023, -1.3561195135116577, -0.894553542137146, -1.430220365524292, -0.37917187809944153, -1.46769380569458, -1.288405179977417, -1.5064786672592163, -1.4389369487762451, -1.5301411151885986, -0.6504465937614441, -1.4805042743682861, -0.43879929184913635, -1.5356944799423218, -1.4780369997024536, -1.1769202947616577, -1.4660037755966187, -1.3602951765060425, -1.4855515956878662, -1.147286295890808, -1.5112088918685913, 0.20247621834278107, -1.5402430295944214, -0.25788867473602295, -0.9872293472290039, -0.698371171951294, -1.4095463752746582, -1.582531213760376, -1.495536208152771, -1.0395779609680176, -1.4908853769302368, -1.4058130979537964, -1.1148866415023804, -1.4828627109527588, -0.9386022686958313, -1.6522388458251953, -1.531030535697937, -1.1333372592926025, -1.5920172929763794, -1.5721867084503174, -1.008044719696045, 1.32301926612854, -1.5261633396148682, -0.9829022884368896, -1.6708340644836426, -1.5748437643051147, -1.3573031425476074, -1.5972285270690918, 0.06504171341657639, -1.5579739809036255, -1.5849518775939941, 0.7731029391288757, -1.4455294609069824, -1.1849441528320312, -1.0672255754470825, -1.6590818166732788, -1.687326431274414, -1.6999417543411255, -1.7319411039352417, -1.7513130903244019, -1.776933193206787, -1.7968285083770752, -1.8242121934890747, -1.8411933183670044, -1.7899221181869507, -1.8891760110855103, -1.785358190536499, -1.8837097883224487, -1.8798599243164062, -1.927571177482605, -1.9135360717773438, -1.9227641820907593, -1.9162400960922241, -1.9041258096694946, -1.9086172580718994, -1.7819080352783203, -1.7445284128189087, -1.8582050800323486, -1.547149896621704, -1.7823755741119385, -1.8151066303253174, -1.823073387145996, -1.8210170269012451, -1.80683171749115, -1.8148462772369385, -1.8055278062820435, -1.8127909898757935, -1.808275580406189, -1.801312804222107, -1.7919520139694214, -1.7918713092803955, -1.7909842729568481, -1.7902586460113525, -1.790124773979187],