{"n_parameters": 85682, "training_time": 2.543549060821533, "loss": [1.5245251655578613, 0.6759322881698608, 0.5010070204734802, 0.9084232449531555, 0.7378720045089722, 0.4229017198085785, 0.18638035655021667, 0.5200973153114319, 0.44482412934303284, 0.23175372183322906, 0.3375862240791321, 0.08900891244411469, 1.111110806465149, 0.2114715427160263, 0.4923703968524933, 0.0975864827632904, -0.11786751449108124, 0.4387466311454773, 0.05170411616563797, 0.15128038823604584, -0.24554455280303955, 0.6119977831840515, 0.07047636061906815, -0.17259849607944489, 1.0585788488388062, 0.09642389416694641, 0.03664861619472504, -0.26612064242362976, 2.1035680770874023, 0.1986909806728363, 0.05071982741355896, -0.019851377233862877, 0.013337167911231518, -0.1980539858341217, -0.24300456047058105, -0.27868297696113586, -0.31327685713768005, -0.35431352257728577, -0.39789363741874695, -0.44160276651382446, -0.4907309412956238, -0.5402602553367615, -0.5950857400894165, -0.6535771489143372, -0.71292644739151, -0.7736704349517822, -0.8316921591758728, -0.8773171305656433, -0.9553335309028625, -0.3268875479698181, -0.8370717763900757, -0.9741067886352539, -1.0452369451522827, -1.1073319911956787, -1.1676161289215088, -1.2266038656234741, -1.2557846307754517, -1.1726583242416382, -1.3043701648712158, -1.3112773895263672, -1.3093866109848022, -1.3439290523529053, -1.4585621356964111, -1.5880000591278076, -1.5206506252288818, -1.1070269346237183, -1.471935510635376, -1.5965782403945923, -1.6809059381484985, -1.8006035089492798, -1.90895414352417, -1.8132280111312866, -1.7568594217300415, -2.023705244064331, -2.0899531841278076, -1.9557218551635742, -2.0753214359283447, -0.7645600438117981, -1.7393397092819214, -2.0632925033569336, -2.117643356323242, -2.2152748107910156, -2.1720244884490967, -2.0754823684692383, -2.2197232246398926, -2.1662425994873047, -2.329342842102051, -1.823911190032959, -2.03564715385437, -2.199183702468872, -2.2835276126861572, -2.37184476852417, -2.149448871612549, -1.574499487876892, -2.5339765548706055, -2.588273048400879, -2.6017203330993652, -2.6158945560455322, -2.629136085510254, -2.639536142349243, -2.650005578994751, -2.6572654247283936, -2.670124053955078, -2.681638240814209], "val_loss": [0.7589429616928101, 0.5656801462173462, 0.6154786348342896, 0.5496675968170166, 0.4130445718765259, 0.28814876079559326, 0.0639733225107193, 0.7068488001823425, 0.2523980438709259, 0.3086472451686859, 0.260880708694458, -0.14069987833499908, 0.3778359293937683, 0.11182033270597458, 0.1392941176891327, 0.010802154429256916, -0.18822963535785675, -0.014932963997125626, 0.431209534406662, -0.09957695007324219, -0.4132828116416931, 0.24805743992328644, -0.03420098125934601, -0.2866017818450928, 0.09329556673765182, 0.037792544811964035, -0.10148566961288452, -0.38659805059432983, 0.22010760009288788, 0.10770327597856522, -0.04634923115372658, -0.10822777450084686, -0.1769600361585617, -0.23665586113929749, -0.2701863944530487, -0.3030935823917389, -0.34297001361846924, -0.3837970197200775, -0.4248178005218506, -0.47393104434013367, -0.5221185684204102, -0.5742012858390808, -0.618831217288971, -0.6747910976409912, -0.7276318073272705, -0.7811979055404663, -0.8313168883323669, -0.8821092844009399, -0.9196198582649231, -0.8400795459747314, -0.9185652136802673, -0.9951807856559753, -1.0448999404907227, -1.0830050706863403, -1.130059838294983, -1.1575208902359009, -1.1106722354888916, -1.2400771379470825, -1.2553412914276123, -1.1721078157424927, -1.1088114976882935, -1.355899691581726, -1.4110233783721924, -1.458760142326355, -1.4921693801879883, -1.0818277597427368, -1.5683364868164062, -1.498091697692871, -1.498429775238037, -1.6227113008499146, -1.6275794506072998, -1.6037566661834717, -1.5944092273712158, -1.639496922492981, -1.4358526468276978, -1.5523585081100464, -1.0083751678466797, -0.40034064650535583, -1.7190343141555786, -1.7186999320983887, -1.7711634635925293, -1.5989775657653809, -1.7227391004562378, -1.675776481628418, -1.6475352048873901, -1.5075349807739258, -1.5140981674194336, -1.3473193645477295, -1.5614368915557861, -1.76229727268219, -1.6681952476501465, -1.6612297296524048, 3.6511731147766113, -1.5930814743041992, -1.6758615970611572, -1.6881496906280518, -1.6958423852920532, -1.6656372547149658, -1.6605892181396484, -1.6486932039260864, -1.6269019842147827, -1.6482597589492798, -1.6214447021484375, -1.6035914421081543], "lr": [0.0030018759425729513, 0.0030018759425729513, 0.0030018759425729513, 0.0030018759425729513, 0.0030018759425729513, 0.0030018759425729513, 0.0030018759425729513, 0.0030018759425729513, 0.0030018759425729513, 0.0030018759425729513, 0.0030018759425729513, 0.0030018759425729513, 0.0030018759425729513, 0.0030018759425729513, 0.0030018759425729513, 0.0030018759425729513, 0.0030018759425729513, 0.0030018759425729513, 0.0030018759425729513, 0.0030018759425729513, 0.0030018759425729513, 0.0030018759425729513, 0.0030018759425729513, 0.0030018759425729513, 0.0030018759425729513, 0.0030018759425729513, 0.0030018759425729513, 0.0030018759425729513, 0.0030018759425729513, 0.0030018759425729513, 0.0030018759425729513, 0.0030018759425729513, 0.0030018759425729513, 0.00030018758843652904, 0.00030018758843652904, 0.00030018758843652904, 0.00030018758843652904, 0.00030018758843652904, 0.00030018758843652904, 0.00030018758843652904, 0.00030018758843652904, 0.00030018758843652904, 0.00030018758843652904, 0.00030018758843652904, 0.00030018758843652904, 0.00030018758843652904, 0.00030018758843652904, 0.00030018758843652904, 0.00030018758843652904, 0.00030018758843652904, 0.00030018758843652904, 0.00030018758843652904, 0.00030018758843652904, 0.00030018758843652904, 0.00030018758843652904, 0.00030018758843652904, 0.00030018758843652904, 0.00030018758843652904, 0.00030018758843652904, 0.00030018758843652904, 0.00030018758843652904, 0.00030018758843652904, 0.00030018758843652904, 0.00030018758843652904, 0.00030018758843652904, 0.00030018758843652904, 0.00030018758843652904, 0.00030018758843652904, 0.00030018758843652904, 0.00030018758843652904, 0.00030018758843652904, 0.00030018758843652904, 0.00030018758843652904, 0.00030018758843652904, 0.00030018758843652904, 0.00030018758843652904, 0.00030018758843652904, 0.00030018758843652904, 0.00030018758843652904, 0.00030018758843652904, 0.00030018758843652904, 0.00030018758843652904, 0.00030018758843652904, 0.00030018758843652904, 0.00030018758843652904, 0.00030018758843652904, 0.00030018758843652904, 0.00030018758843652904, 0.00030018758843652904, 0.00030018758843652904, 0.00030018758843652904, 0.00030018758843652904, 0.00030018758843652904, 3.0018758479855023e-05, 3.0018758479855023e-05, 3.0018758479855023e-05, 3.0018758479855023e-05, 3.0018758479855023e-05, 3.0018758479855023e-05, 3.0018758479855023e-05, 3.0018758479855023e-05, 3.0018758479855023e-05, 3.0018758479855023e-05, 3.0018758479855023e-05]}