{"n_parameters": 171858, "training_time": 1.9183239936828613, "loss": [5.73447847366333, 0.7643274068832397, 0.8847378492355347, 0.7416902780532837, 0.7500185966491699, 0.6435773968696594, 0.695975661277771, 0.5106119513511658, 0.39131075143814087, 0.45069587230682373, 0.19267694652080536, 0.17187941074371338, 0.10025419294834137, 0.1265539526939392, 0.09822588413953781, 0.06080562248826027, -0.004663389641791582, 0.1390628218650818, -0.2767176330089569, 0.16363653540611267, 0.062083758413791656, -0.2267768532037735, -0.1968042552471161, -0.007934240624308586, -0.31049707531929016, -0.08554037660360336, -0.2792463004589081, -0.3150653839111328, -0.09133285284042358, -0.36062124371528625, -0.3483221232891083, -0.2098965048789978, -0.23200587928295135, -0.3851873278617859, -0.2709939181804657, -0.41843804717063904, -0.2724864184856415, -0.38944879174232483, -0.5079597234725952, -0.5049154758453369, 0.07738886773586273, -0.6176945567131042, -0.37977370619773865, -0.5283413529396057, -0.3622850179672241, -0.566161036491394, -0.32525092363357544, -0.577350378036499, 0.005136319436132908, -0.8166325688362122, -0.4513186812400818, -0.5092584490776062, -0.6586201786994934, -0.6305786967277527, -0.5173686146736145, -0.5767363905906677, -0.9514797925949097, -1.1110361814498901, -1.2753338813781738, -1.4443336725234985, -1.6028437614440918, -1.745975136756897, -1.8114885091781616, -1.9614486694335938, -2.063014030456543, -2.0659525394439697, -2.110748052597046, -2.060166835784912, -2.1808340549468994, -2.077061653137207, -2.2529754638671875, -2.1781728267669678, -2.1072065830230713, -2.236131429672241, -2.3110721111297607, -2.1975889205932617, -2.338674783706665, -2.336002826690674, -2.191767454147339, -2.22084641456604, -2.2718048095703125, -2.369163751602173, -2.1453053951263428, -2.297342538833618, -2.337615728378296, -2.3495705127716064, -2.3677408695220947, -2.424962043762207, -2.193347215652466, -2.355128765106201, -2.2946362495422363, -2.511512041091919, -2.7476613521575928, -2.763044834136963, -2.774484872817993, -2.7906224727630615, -2.8013815879821777, -2.8266241550445557, -2.8365869522094727, -2.848045587539673, -2.862818956375122, -2.8762454986572266, -2.89732027053833, -2.903717279434204, -2.904423713684082, -2.907142162322998], "val_loss": [0.7698505520820618, 0.6494764089584351, 0.5824873447418213, 1.5590155124664307, 0.5469258427619934, 0.9464119672775269, 0.39274904131889343, 0.30101868510246277, 0.4700385630130768, 0.16177652776241302, 0.042082466185092926, 0.08781541138887405, 0.2644665241241455, -0.2436392903327942, -0.27007368206977844, -0.17088790237903595, -0.18329690396785736, -0.29704442620277405, 3.0457065105438232, 0.07391222566366196, 0.04171287268400192, -0.45025768876075745, -0.5031382441520691, -0.43437376618385315, -0.11940133571624756, -0.5038782954216003, -0.308013916015625, -0.36253800988197327, -0.5036417245864868, -0.6677094101905823, -0.7671968936920166, -0.4443242847919464, -0.06004355102777481, -0.28656551241874695, -0.6342055797576904, -0.18098652362823486, -0.6757711172103882, -0.4468928277492523, -0.3131476938724518, 6.704867362976074, -0.7744653820991516, -0.8487594127655029, -0.7754011154174805, -0.6289223432540894, -0.7303594350814819, -0.9564226865768433, -0.8564189672470093, -0.8788750767707825, -0.6284264922142029, -0.5285366177558899, -0.335036039352417, -0.6665676236152649, -0.7591151595115662, -0.8071764707565308, -0.885636568069458, -0.8240781426429749, -1.0307037830352783, -1.1935222148895264, -1.3595867156982422, -1.526675820350647, -1.6750833988189697, -1.643978238105774, -1.6358448266983032, -1.94724440574646, -1.694076657295227, -1.2106348276138306, -1.764662265777588, -1.5915570259094238, -2.0456340312957764, -2.0360217094421387, -0.6961600184440613, -0.9904085397720337, -2.107534408569336, -1.7450019121170044, -1.390012264251709, -1.9474880695343018, -2.0723211765289307, -1.4180753231048584, -1.7681667804718018, -1.1274319887161255, -1.5368072986602783, -2.194291353225708, -2.1645562648773193, -2.0604262351989746, -2.1326305866241455, -2.1450650691986084, -1.2762237787246704, -1.7253528833389282, -2.126976490020752, -1.0663632154464722, -2.16279673576355, -2.115446090698242, -2.087442398071289, -2.1169939041137695, -2.126187801361084, -2.1251165866851807, -2.1208767890930176, -2.0542495250701904, -2.0751490592956543, -2.0673298835754395, -2.0732181072235107, -2.0897257328033447, -2.095418691635132, -2.089776039123535, -2.091230630874634, -2.090073347091675], "lr": [0.002670943271368742, 0.002670943271368742, 0.002670943271368742, 0.002670943271368742, 0.002670943271368742, 0.002670943271368742, 0.002670943271368742, 0.002670943271368742, 0.002670943271368742, 0.002670943271368742, 0.002670943271368742, 0.002670943271368742, 0.002670943271368742, 0.002670943271368742, 0.002670943271368742, 0.002670943271368742, 0.002670943271368742, 0.002670943271368742, 0.002670943271368742, 0.002670943271368742, 0.002670943271368742, 0.002670943271368742, 0.002670943271368742, 0.002670943271368742, 0.002670943271368742, 0.002670943271368742, 0.002670943271368742, 0.002670943271368742, 0.002670943271368742, 0.002670943271368742, 0.002670943271368742, 0.002670943271368742, 0.002670943271368742, 0.002670943271368742, 0.002670943271368742, 0.002670943271368742, 0.002670943271368742, 0.002670943271368742, 0.002670943271368742, 0.002670943271368742, 0.002670943271368742, 0.002670943271368742, 0.002670943271368742, 0.002670943271368742, 0.002670943271368742, 0.002670943271368742, 0.002670943271368742, 0.002670943271368742, 0.002670943271368742, 0.002670943271368742, 0.002670943271368742, 0.002670943271368742, 0.002670943271368742, 0.002670943271368742, 0.002670943271368742, 0.002670943271368742, 0.0002670943213161081, 0.0002670943213161081, 0.0002670943213161081, 0.0002670943213161081, 0.0002670943213161081, 0.0002670943213161081, 0.0002670943213161081, 0.0002670943213161081, 0.0002670943213161081, 0.0002670943213161081, 0.0002670943213161081, 0.0002670943213161081, 0.0002670943213161081, 0.0002670943213161081, 0.0002670943213161081, 0.0002670943213161081, 0.0002670943213161081, 0.0002670943213161081, 0.0002670943213161081, 0.0002670943213161081, 0.0002670943213161081, 0.0002670943213161081, 0.0002670943213161081, 0.0002670943213161081, 0.0002670943213161081, 0.0002670943213161081, 0.0002670943213161081, 0.0002670943213161081, 0.0002670943213161081, 0.0002670943213161081, 0.0002670943213161081, 0.0002670943213161081, 0.0002670943213161081, 0.0002670943213161081, 0.0002670943213161081, 0.0002670943213161081, 2.6709432859206572e-05, 2.6709432859206572e-05, 2.6709432859206572e-05, 2.6709432859206572e-05, 2.6709432859206572e-05, 2.6709432859206572e-05, 2.6709432859206572e-05, 2.6709432859206572e-05, 2.6709432859206572e-05, 2.6709432859206572e-05, 2.6709433313953923e-06, 2.6709433313953923e-06, 2.6709433313953923e-06, 2.6709433313953923e-06]}