{"n_parameters": 18882, "training_time": 2.1783828735351562, "loss": [0.5456776022911072, 0.20305220782756805, -0.06807560473680496, -0.3138767182826996, -0.5253340005874634, -0.6907593011856079, 0.10065571963787079, -0.8569688200950623, -0.9807901978492737, -1.1442735195159912, -0.9655634760856628, -1.2311278581619263, -0.2807641327381134, -0.8171213269233704, -1.2156144380569458, -1.3597174882888794, -1.433582067489624, -0.30099526047706604, -1.2915217876434326, -1.4807698726654053, -0.7458322644233704, 0.24613353610038757, -1.2518380880355835, -1.3462218046188354, -1.4721373319625854, -1.590959072113037, -1.6608351469039917, -0.6330448985099792, -1.5086400508880615, -1.6092219352722168, -0.22991791367530823, -1.5570868253707886, -1.6211341619491577, -1.6985938549041748, -0.8204275965690613, -1.6056032180786133, -1.765181541442871, 0.34641343355178833, -1.3211948871612549, -1.5048907995224, -1.6373611688613892, -1.6874250173568726, -1.1409119367599487, -1.7818630933761597, -1.046667456626892, -1.3027997016906738, -1.7877788543701172, -0.7184141874313354, -1.586105227470398, -1.740325689315796, -1.7556039094924927, -1.776962161064148, -1.7987322807312012, -1.8147095441818237, -1.8356268405914307, -1.8541961908340454, -1.872908115386963, -1.8914687633514404, -1.909873127937317, -1.928865671157837, -1.9488012790679932, -1.9678407907485962, -1.9873135089874268, -2.002258539199829, -2.025238275527954, -2.0453906059265137, -2.0647499561309814, -2.0854053497314453, -2.1057684421539307, -2.128783702850342, -2.1471240520477295, -2.168164014816284, -2.1902785301208496, -2.2102794647216797, -2.2345263957977295, -2.2561936378479004, -2.274867057800293, -2.3030176162719727, -2.3244314193725586, -2.3458573818206787, -2.3710546493530273, -2.3941311836242676, -2.414902925491333, -2.443032741546631, -2.4663798809051514, -2.4905872344970703, -2.5137555599212646, -2.530853033065796, -2.5643627643585205, -2.581632137298584, -2.592224359512329, -2.631709337234497, -2.6418912410736084, -2.6701500415802, -2.6713879108428955, -2.7041943073272705, -2.633857488632202, -2.7205026149749756, -2.747880697250366, -2.6807546615600586, -2.801476240158081, -2.7031121253967285, -2.7714059352874756, -2.769562244415283, -2.780881404876709, -2.8061907291412354, -2.9442923069000244, -2.8280327320098877, -2.5187413692474365, -2.924428701400757, -2.8821494579315186, -2.986886978149414, -2.828352212905884, -3.0457074642181396, -2.9865505695343018, -2.923370122909546, -3.051652669906616, -3.1432669162750244, -3.1493120193481445, -3.162701368331909, -3.1679630279541016, -3.169883966445923, -3.1713860034942627, -3.176537275314331, -3.1815426349639893, -3.1845641136169434, -3.1880760192871094, -3.1895382404327393, -3.1930253505706787], "val_loss": [0.4590664505958557, -0.02252514287829399, -0.3762040138244629, -0.6254503130912781, -0.8176497220993042, -0.952261209487915, -0.6415720582008362, -0.8965555429458618, -1.0285718441009521, -1.2316848039627075, -0.8569260835647583, -1.1573764085769653, 3.5158915519714355, -1.161001205444336, -1.2706191539764404, -1.3441424369812012, -1.5509631633758545, -1.095365047454834, -1.4025421142578125, -1.5469207763671875, 20.55185317993164, -1.223671317100525, -1.282362699508667, -1.3899989128112793, -1.5097898244857788, -1.4676425457000732, -1.3288583755493164, -1.5293694734573364, -1.5962945222854614, -1.744168758392334, -1.5001062154769897, -1.557746171951294, -1.6419403553009033, -1.232814073562622, -1.3783435821533203, -1.69431734085083, -1.7882105112075806, -1.1383305788040161, -1.4374130964279175, -1.5638221502304077, -1.682517647743225, -1.0926320552825928, -1.6988022327423096, -1.4934462308883667, -0.6629445552825928, -1.7117913961410522, -1.7472819089889526, -0.8233212232589722, -1.6922283172607422, -1.7022006511688232, -1.735251545906067, -1.752279281616211, -1.7603775262832642, -1.787280797958374, -1.8060067892074585, -1.819072961807251, -1.839980959892273, -1.854161262512207, -1.8731367588043213, -1.888814091682434, -1.907082200050354, -1.9231853485107422, -1.9184143543243408, -1.9564335346221924, -1.9737266302108765, -1.9903470277786255, -2.0069456100463867, -2.019937753677368, -2.0382449626922607, -2.055811882019043, -2.074193239212036, -2.081986665725708, -2.093780040740967, -2.120393753051758, -2.137786865234375, -2.130575180053711, -2.1695868968963623, -2.1623384952545166, -2.2033352851867676, -2.2186248302459717, -2.235790967941284, -2.239071846008301, -2.2602360248565674, -2.2520198822021484, -2.2877492904663086, -2.301300048828125, -2.3167502880096436, -2.3268237113952637, -2.344775915145874, -2.29606294631958, -2.34552001953125, -2.212101459503174, -2.3781893253326416, -2.3485829830169678, -2.3596012592315674, -2.3383450508117676, -2.4118261337280273, -2.341130256652832, -1.9124432802200317, -2.398880958557129, -2.3601865768432617, -2.3185088634490967, -2.1746888160705566, -2.3199565410614014, -2.4121921062469482, -2.3701741695404053, -2.310547113418579, -2.1327011585235596, -2.3645682334899902, -2.243736505508423, -2.3909120559692383, -2.287715435028076, -2.244298219680786, -2.3578131198883057, -2.34552264213562, -2.3432021141052246, -2.3610498905181885, -2.3619964122772217, -2.360950231552124, -2.348614454269409, -2.360645294189453, -2.358889579772949, -2.3562800884246826, -2.3405776023864746, -2.354717493057251, -2.3549017906188965, -2.3533122539520264, -2.343909978866577, -2.3483612537384033],