{"n_parameters": 14930, "training_time": 2.159929037094116, "loss": [0.9142071008682251, 0.6114891767501831, 0.6014102101325989, 0.5535021424293518, 0.5388435125350952, 0.49832314252853394, 0.3640144467353821, 0.4175123870372772, 0.19864565134048462, 0.29482945799827576, 0.11944402754306793, 0.02112206630408764, 0.06346894055604935, 0.014818895608186722, -0.004908291157335043, -0.13527721166610718, -0.12128584086894989, -0.11280463635921478, -0.12764038145542145, -0.042301077395677567, -0.1371230185031891, -0.3027052581310272, -0.3539332151412964, -0.1258198320865631, -0.30247971415519714, -0.23665480315685272, -0.3884703516960144, -0.41624915599823, -0.281166136264801, -0.3352573812007904, -0.4519895017147064, -0.35327479243278503, -0.5334934592247009, -0.30921509861946106, -0.5988757014274597, -0.40966182947158813, -0.5670351386070251, -0.28203216195106506, -0.6342425346374512, -0.44220566749572754, -0.460269570350647, -0.6125376224517822, -0.5082666277885437, -0.5786441564559937, -0.311825156211853, -0.7113897204399109, -0.44041717052459717, -0.4496419131755829, -0.6518465280532837, -0.595285952091217, -0.5526012778282166, -0.7196951508522034, -0.4637759327888489, -0.7710434198379517, -0.4369484484195709, -0.7704939246177673, -0.6162754893302917, -0.751338005065918, -0.5286588668823242, -0.6122721433639526, -0.7448976039886475, -0.6970692276954651, -0.7435985803604126, -0.6333854794502258, -0.8157467246055603, -0.7287788987159729, -0.6249029040336609, -0.800239622592926, -0.791214108467102, -0.7043003439903259, -0.7959367632865906, -0.8206111192703247, -0.7837364077568054, -0.7707952857017517, -0.8428961038589478, -0.7367722392082214, -0.8231160044670105, -0.8975093960762024, -0.7590814232826233, -0.8588377237319946, -0.7023593783378601, -0.935398519039154, -0.779879629611969, -0.8617149591445923, -0.9160266518592834, -0.7633327841758728, -1.0041989088058472, -0.8080167174339294, -0.8353438377380371, -1.0230636596679688, -0.8946559429168701, -0.8512153625488281, -0.9213067889213562, -0.8605274558067322, -0.9466910362243652, -0.9664881825447083, -0.8940763473510742, -0.9769310355186462, -0.946281373500824, -0.8807005286216736, -0.9570987224578857, -0.9132113456726074, -1.0161514282226562, -0.8552736639976501, -1.121164083480835, -0.9117070436477661, -0.8343552350997925, -1.3557442426681519, -1.4438508749008179, -1.5680652856826782, -1.7001851797103882, -1.829696774482727, -1.9532959461212158, -2.0426323413848877, -2.1621885299682617, -2.2301244735717773, -2.3164894580841064, -2.399012804031372, -2.410632371902466, -2.458761692047119, -2.473262071609497, -2.5674333572387695, -2.565552234649658, -2.6291446685791016, -2.5380420684814453, -2.652543544769287, -2.500274896621704, -2.682126045227051, -2.6540567874908447, -2.6197421550750732, -2.5660316944122314, -2.5741100311279297, -2.888076066970825, -2.9261741638183594, -2.9362423419952393, -2.9430792331695557, -2.964001178741455, -2.9651286602020264, -2.9701457023620605, -2.983670711517334, -2.9931254386901855, -2.992356300354004, -3.0140929222106934, -3.016559362411499, -3.018080472946167, -3.019916296005249], "val_loss": [0.6047636270523071, 0.6583318710327148, 0.6641765236854553, 0.5218512415885925, 0.4963175058364868, 0.3947342038154602, 0.5704799294471741, 0.18646515905857086, 0.08218616247177124, 0.01639973185956478, 0.0032380300108343363, -0.19236142933368683, -0.05225909873843193, -0.20403717458248138, -0.20986464619636536, -0.209796741604805, -0.4266468584537506, -0.035947494208812714, -0.039284076541662216, -0.4398477375507355, -0.4394577145576477, 0.46179431676864624, -0.588915228843689, -0.4885166585445404, -0.40219223499298096, -0.2721000909805298, -0.5441357493400574, -0.39393097162246704, -0.588219404220581, -0.41471946239471436, -0.685120701789856, -0.6951621770858765, -0.5394535660743713, -0.6665549874305725, -0.326371967792511, -0.6321462988853455, -0.9024195671081543, -0.7633527517318726, 0.3340681493282318, -0.7260491847991943, -0.6064408421516418, -0.4899176061153412, -0.8609405159950256, -0.9145479202270508, -0.8335638642311096, -0.9346742630004883, 1.1076380014419556, -0.8883305191993713, -0.8924998044967651, -0.9345613121986389, 0.333077609539032, -0.9021031260490417, -0.20930169522762299, -1.034679651260376, -0.9674324989318848, -0.992804765701294, -1.0097535848617554, 1.9717206954956055, -0.9026765823364258, -0.9518815279006958, -0.5606897473335266, -0.33792659640312195, -1.0916496515274048, -0.8292811512947083, -1.0161911249160767, -0.9180049300193787, -0.9010024666786194, -0.9408755898475647, -1.0737041234970093, -1.0411440134048462, -1.1765038967132568, -1.1139391660690308, -0.8112452626228333, -1.0502113103866577, -0.9694229364395142, -1.1319488286972046, -0.903468906879425, -1.24606454372406, -0.8330644369125366, -1.1819401979446411, -1.2179267406463623, 1.4531248807907104, -1.232484221458435, -0.7745295763015747, -1.2323906421661377, -1.247128963470459, -0.709574282169342, -0.8275031447410583, -0.9578436017036438, -1.0129097700119019, -1.2103058099746704, -1.1071255207061768, -1.2597064971923828, -0.24142813682556152, -1.1873939037322998, -1.2859255075454712, -1.3458967208862305, -0.9204627871513367, -1.3259930610656738, -0.5133945345878601, -1.3225274085998535, -1.26813805103302, -0.9486451148986816, -1.249402403831482, -1.3192321062088013, -0.8942338824272156, -1.3079606294631958, -1.3570204973220825, -1.4276747703552246, -1.570473313331604, -1.7077109813690186, -1.8250988721847534, -1.921454668045044, -1.9769207239151, -2.039716958999634, -2.021068811416626, -1.803983211517334, -2.0675418376922607, -1.7779974937438965, -2.1952145099639893, -2.2232978343963623, -2.241677761077881, -1.9448593854904175, -2.2235002517700195, -2.2008352279663086, -2.1337528228759766, -1.8572487831115723, -2.0489065647125244, -2.0661983489990234, -1.6022205352783203, -1.1767065525054932, -1.6981154680252075, -2.060119152069092, -2.0910422801971436, -2.0680325031280518, -2.0589237213134766, -2.0202043056488037, -2.057370901107788, -1.9715421199798584, -2.0119240283966064, -1.9319602251052856, -2.016115427017212, -2.017807960510254, -2.0072875022888184, -2.001950979232788, -1.9902085065841675],