{"n_parameters": 183906, "training_time": 3.472533941268921, "loss": [1.4355517625808716, 0.6392660140991211, 0.5520463585853577, 0.5297159552574158, 0.5018129944801331, 0.47763991355895996, 0.4519740641117096, 0.4236333966255188, 0.39522576332092285, 0.36260268092155457, 0.32897263765335083, 0.2924400269985199, 0.2487039417028427, 0.21031934022903442, 0.2408532351255417, 0.11683786660432816, 0.0676102489233017, 0.08036573976278305, 0.08444147557020187, -0.04708316549658775, -0.08958367258310318, -0.07912950217723846, -0.06860163807868958, -0.2098953127861023, 0.26710769534111023, -0.273902028799057, -0.27097129821777344, -0.2980857193470001, -0.26305708289146423, -0.338785856962204, -0.3474673330783844, -0.13034021854400635, -0.46093830466270447, -0.3047593832015991, 0.2754041850566864, -0.2438335120677948, -0.5204591155052185, -0.5408540964126587, -0.4847818911075592, 0.15283557772636414, -0.5673388242721558, -0.6280569434165955, -0.6310740113258362, -0.3936599791049957, -0.32284456491470337, -0.7102921605110168, -0.7451921701431274, -0.7271648645401001, -0.6314479112625122, -0.7657814025878906, -0.42063018679618835, 3.38336181640625, -0.5814932584762573, -0.6186961531639099, -0.6348931789398193, -0.6580016016960144, -0.6719016432762146, -0.6937522292137146, -0.7180994153022766, -0.7420051693916321, -0.7690366506576538, -0.7962595224380493, -0.8137613534927368, -0.8203051090240479, -0.8232010006904602, -0.8270582556724548, -0.8302194476127625, -0.833552896976471, -0.836536705493927, -0.8399839401245117, -0.8432523012161255, -0.847022294998169, -0.8504269123077393, -0.8538276553153992, -0.857462465763092, -0.8608314394950867, -0.8644726276397705, -0.8680122494697571, -0.8715850114822388, -0.8753197193145752, -0.8789954781532288, -0.8826882839202881, -0.8865933418273926, -0.8902522325515747, -0.894174337387085, -0.8980110287666321, -0.9019331932067871, -0.905575692653656, -0.9099626541137695, -0.913726806640625, -0.9179531931877136, -0.9221809506416321, -0.9262728095054626, -0.9303745031356812, -0.9347153306007385, -0.9390703439712524, -0.9434031844139099, -0.9476889371871948, -0.952340304851532, -0.9568964242935181, -0.9614245891571045, -0.9660475254058838, -0.9705919623374939, -0.9755216836929321, -0.9804423451423645, -0.9849373698234558, -0.9900933504104614, -0.9949242472648621, -0.9994581341743469, -1.0047798156738281, -1.0095279216766357, -1.0147029161453247, -1.0200921297073364, -1.025359869003296, -1.0306159257888794, -1.035502314567566, -1.0406032800674438, -1.0463783740997314, -1.0516904592514038, -1.0574588775634766, -1.0630615949630737, -1.069028377532959, -1.0747750997543335, -1.0805639028549194, -1.0862640142440796, -1.092864751815796, -1.0986968278884888, -1.103975772857666, -1.1107453107833862, -1.116994023323059, -1.1234056949615479, -1.1296393871307373, -1.1358988285064697, -1.142939805984497, -1.1492241621017456, -1.1562302112579346, -1.1629772186279297, -1.1688297986984253, -1.1759555339813232, -1.1830735206604004, -1.1899619102478027, -1.1969584226608276, -1.2040234804153442, -1.2085416316986084, -1.2169010639190674, -1.223968267440796, -1.2316783666610718, -1.2370084524154663, -1.246639609336853, -1.2522276639938354, -1.2601803541183472, -1.2676883935928345, -1.2753874063491821, -1.2822545766830444, -1.2898681163787842, -1.298943281173706, -1.3057481050491333, -1.3134902715682983, -1.3224639892578125, -1.3303196430206299, -1.3387119770050049, -1.3270455598831177, -1.3495346307754517, -1.3290300369262695, -1.3462698459625244, -1.3524799346923828, -1.3376412391662598, -1.3855230808258057, -1.3866931200027466, -1.3907498121261597, -1.3834129571914673, -1.3983416557312012, -1.417014241218567, -1.4205806255340576, -1.4321603775024414, -1.4377212524414062, -1.456098198890686, -1.463776707649231, -1.4729784727096558, -1.4670040607452393, -1.4807486534118652, -1.4684183597564697, -1.4895683526992798, -1.2344290018081665, -1.4803494215011597, -1.4823156595230103, -1.5174477100372314, -1.5259298086166382, -1.5193649530410767, -1.539002776145935, -1.556161642074585, -1.5524739027023315, -1.5543524026870728, -1.5780720710754395, -1.5785719156265259, -1.5920835733413696, -1.6014931201934814, -1.6101996898651123, -1.6060826778411865, -1.4158751964569092],