{"n_parameters": 104626, "training_time": 8.647507905960083, "loss": [1.2929881811141968, 0.6789117455482483, 0.25988051295280457, 0.25205835700035095, 0.26014891266822815, 0.07585214078426361, 0.16081923246383667, -0.23869682848453522, 0.09883500635623932, -0.1785719245672226, 0.12592452764511108, 0.042055871337652206, -0.09950891882181168, -0.1532043218612671, -0.3176945149898529, -0.471235454082489, -0.680372416973114, 0.46803128719329834, -0.10975506901741028, 0.9515777826309204, 0.4182775318622589, 0.08919551223516464, -0.3509349822998047, -0.6115018129348755, -0.7632556557655334, -1.0034613609313965, -1.138399362564087, -1.3707536458969116, -1.2211878299713135, -1.6098911762237549, -1.604393482208252, -1.828193187713623, -1.8329596519470215, -1.7428710460662842, -2.133312225341797, -2.128011465072632, -1.9034391641616821, -2.000278949737549, -2.205904483795166, -2.3371479511260986, -2.324613571166992, -2.2527496814727783, -2.3764638900756836, -2.4360361099243164, -2.381985902786255, -2.195981502532959, -2.3382341861724854, -2.3535594940185547, -2.5472631454467773, -2.398397922515869, -2.535410165786743, -2.617814540863037, -2.6259336471557617, -2.5870466232299805, -2.2257206439971924, -2.650484800338745, -2.682497978210449, -2.471932888031006, -2.6895928382873535, -2.824532985687256, -2.6173739433288574, -2.579982042312622, -2.8869776725769043, -2.4763288497924805, -2.864285945892334, -2.733358860015869, -2.742608070373535, -2.607682466506958, -2.881721258163452, -2.7746543884277344, -2.6997978687286377, -2.9626412391662598, -2.7358882427215576, -2.800694227218628, -2.7679638862609863, -2.963585138320923, -3.1701974868774414, -3.274947166442871, -3.3292555809020996, -3.373655080795288, -3.41953444480896, -3.452791929244995, -3.4889492988586426, -3.534276008605957, -3.5638489723205566, -3.602898597717285, -3.648435354232788, -3.685675859451294], "val_loss": [1.050925850868225, 0.5519317984580994, 0.21642524003982544, 2.573436737060547, -0.3604443371295929, -0.5514652132987976, -0.03882451355457306, -0.2970322072505951, -0.2163952738046646, -0.7010476589202881, 0.267715185880661, -0.316464364528656, -0.2764289081096649, -0.15623648464679718, -0.4944666624069214, -0.29887059330940247, 21.919387817382812, -0.1418127417564392, -0.17986688017845154, 0.5751444101333618, 0.17166168987751007, -0.12692780792713165, -0.47372981905937195, -0.6756151914596558, -0.651654839515686, -0.70474773645401, -1.1324493885040283, -1.3758667707443237, -1.3416754007339478, -1.056122064590454, -1.4015774726867676, -1.5565435886383057, -1.561014175415039, -1.6960430145263672, -1.8171160221099854, -1.9288842678070068, -1.6038635969161987, -1.5880666971206665, -1.9318679571151733, -1.7466180324554443, -0.8212311863899231, -1.922538161277771, -1.8082001209259033, -1.5825042724609375, -1.9170379638671875, -1.8161869049072266, -1.838826298713684, -2.057727813720703, -1.7852694988250732, -1.6814311742782593, -2.0434014797210693, -1.8438591957092285, -2.052593469619751, -1.6710960865020752, -1.9652968645095825, -1.9977558851242065, -2.0062668323516846, -1.9456605911254883, -2.0901756286621094, -1.9360504150390625, -1.8217672109603882, -1.9969443082809448, -1.6445239782333374, -2.1375386714935303, -1.8831698894500732, -1.8413372039794922, -1.5404424667358398, -1.5959227085113525, -1.9381366968154907, -1.938153624534607, -1.7829339504241943, -1.3796098232269287, -1.7837183475494385, -1.8493252992630005, -0.8469096422195435, -1.8298765420913696, -1.8623238801956177, -1.8112866878509521, -1.7463438510894775, -1.6356557607650757, -1.489556074142456, -1.5167914628982544, -1.3732913732528687, -1.20552396774292, -1.0779879093170166, -0.9540397524833679, -0.6650993824005127, -0.5303063988685608], "lr": [0.0034868763759732246, 0.0034868763759732246, 0.0034868763759732246, 0.0034868763759732246, 0.0034868763759732246, 0.0034868763759732246, 0.0034868763759732246, 0.0034868763759732246, 0.0034868763759732246, 0.0034868763759732246, 0.0034868763759732246, 0.0034868763759732246, 0.0034868763759732246, 0.0034868763759732246, 0.0034868763759732246, 0.0034868763759732246, 0.0034868763759732246, 0.0034868763759732246, 0.0034868763759732246, 0.0034868763759732246, 0.0034868763759732246, 0.0034868763759732246, 0.00034868763759732246, 0.00034868763759732246, 0.00034868763759732246, 0.00034868763759732246, 0.00034868763759732246, 0.00034868763759732246, 0.00034868763759732246, 0.00034868763759732246, 0.00034868763759732246, 0.00034868763759732246, 0.00034868763759732246, 0.00034868763759732246, 0.00034868763759732246, 0.00034868763759732246, 0.00034868763759732246, 0.00034868763759732246, 0.00034868763759732246, 0.00034868763759732246, 0.00034868763759732246, 0.00034868763759732246, 0.00034868763759732246, 0.00034868763759732246, 0.00034868763759732246, 0.00034868763759732246, 0.00034868763759732246, 0.00034868763759732246, 0.00034868763759732246, 0.00034868763759732246, 0.00034868763759732246, 0.00034868763759732246, 0.00034868763759732246, 0.00034868763759732246, 0.00034868763759732246, 0.00034868763759732246, 0.00034868763759732246, 0.00034868763759732246, 0.00034868763759732246, 0.00034868763759732246, 0.00034868763759732246, 0.00034868763759732246, 0.00034868763759732246, 0.00034868763759732246, 0.00034868763759732246, 0.00034868763759732246, 0.00034868763759732246, 0.00034868763759732246, 0.00034868763759732246, 0.00034868763759732246, 0.00034868763759732246, 0.00034868763759732246, 0.00034868763759732246, 0.00034868763759732246, 0.00034868763759732246, 0.00034868763759732246, 3.486876448732801e-05, 3.486876448732801e-05, 3.486876448732801e-05, 3.486876448732801e-05, 3.486876448732801e-05, 3.486876448732801e-05, 3.486876448732801e-05, 3.486876448732801e-05, 3.486876448732801e-05, 3.486876448732801e-05, 3.486876448732801e-05, 3.486876448732801e-05]}