{"n_parameters": 70034, "training_time": 1.9356977939605713, "loss": [1.1664745807647705, 0.5396751165390015, 0.4455459713935852, 0.31769418716430664, 0.14354853332042694, 0.08560803532600403, 0.2226812094449997, -0.22904112935066223, 0.15077629685401917, -0.14565682411193848, -0.36790794134140015, -0.589390218257904, -0.11834149807691574, -0.28518879413604736, -0.524466872215271, -0.7432866096496582, -0.6453973650932312, -0.985676109790802, -0.8515062928199768, -0.6387832760810852, -1.0034244060516357, -0.844876229763031, -0.7968254685401917, -0.9260089993476868, -1.103996992111206, -0.3143627345561981, -0.9673914909362793, -1.223567247390747, -0.5415229201316833, -0.9853083491325378, -1.074630618095398, -1.3606979846954346, -0.8622075915336609, -0.5947239398956299, -1.0887682437896729, -1.3383876085281372, 0.9876860976219177, -0.7499282360076904, -0.8807579874992371, -1.0030232667922974, 1.857437014579773, -0.32429638504981995, -0.44758298993110657, -0.5538608431816101, -0.6285043954849243, -0.6446540355682373, -0.6603437662124634, -0.6774743795394897, -0.6940165162086487, -0.7144618630409241, -0.733477771282196, -0.7651088833808899, -0.7937862873077393, -0.8153285384178162, -0.8378299474716187, -0.8645578026771545], "val_loss": [0.5660184025764465, 0.47390350699424744, 0.37731656432151794, 0.2446623146533966, 0.28873592615127563, -0.06197414919734001, -0.1935679018497467, -0.19557662308216095, -0.40268653631210327, -0.2508493661880493, -0.4441142976284027, -0.6295327544212341, -0.007682586554437876, -0.4147966802120209, -0.651313066482544, -0.8841665387153625, -0.8649759292602539, -0.9626466035842896, -0.07875951379537582, -0.9381641149520874, -1.1558579206466675, -0.3881071209907532, -0.95399409532547, -1.0059735774993896, -0.30290430784225464, -0.7623643279075623, -1.0416909456253052, -1.1353273391723633, -0.9580802321434021, -1.0420293807983398, -1.1216754913330078, -1.3524295091629028, 0.8565508127212524, -0.8013055920600891, -1.0488224029541016, -1.3372458219528198, -0.9087428450584412, -0.287896066904068, -1.0027371644973755, -1.1601027250289917, -0.2940087914466858, -0.3717384338378906, -0.45836976170539856, -0.5584057569503784, -0.5707219243049622, -0.5841947197914124, -0.5985996127128601, -0.6138848066329956, -0.6316565871238708, -0.6465116739273071, -0.6684260964393616, -0.6917218565940857, -0.7108424305915833, -0.7321280837059021, -0.7557594776153564, -0.7771250605583191], "lr": [0.0038175189401954412, 0.0038175189401954412, 0.0038175189401954412, 0.0038175189401954412, 0.0038175189401954412, 0.0038175189401954412, 0.0038175189401954412, 0.0038175189401954412, 0.0038175189401954412, 0.0038175189401954412, 0.0038175189401954412, 0.0038175189401954412, 0.0038175189401954412, 0.0038175189401954412, 0.0038175189401954412, 0.0038175189401954412, 0.0038175189401954412, 0.0038175189401954412, 0.0038175189401954412, 0.0038175189401954412, 0.0038175189401954412, 0.0038175189401954412, 0.0038175189401954412, 0.0038175189401954412, 0.0038175189401954412, 0.0038175189401954412, 0.0038175189401954412, 0.0038175189401954412, 0.0038175189401954412, 0.0038175189401954412, 0.0038175189401954412, 0.0038175189401954412, 0.0038175189401954412, 0.0038175189401954412, 0.0038175189401954412, 0.0038175189401954412, 0.0038175189401954412, 0.0038175189401954412, 0.0038175189401954412, 0.0038175189401954412, 0.0038175189401954412, 0.0038175189401954412, 0.0038175189401954412, 0.0038175189401954412, 0.00038175188819877803, 0.00038175188819877803, 0.00038175188819877803, 0.00038175188819877803, 0.00038175188819877803, 0.00038175188819877803, 0.00038175188819877803, 0.00038175188819877803, 0.00038175188819877803, 0.00038175188819877803, 0.00038175188819877803, 0.00038175188819877803]}