{"n_parameters": 195106, "training_time": 1.5864298343658447, "loss": [2.1028099060058594, 0.6963343024253845, 0.51981520652771, 0.9555980563163757, 0.4805906116962433, 0.3823121190071106, 0.5639393329620361, 0.7376855611801147, 0.5475912094116211, 0.3520883321762085, 0.3664408028125763, 0.5466433167457581, 0.18481168150901794, 0.2564709186553955, 0.46309003233909607, 0.07651005685329437, 0.22860340774059296, 1.3498960733413696, 0.22416217625141144, 0.7346763610839844, 2.689046621322632, 0.6700389385223389, 0.4393669068813324, 0.290250688791275, 0.28519123792648315, 0.21849656105041504, 1.1271871328353882, 1.2606937885284424, 0.6880205869674683, 0.5150454640388489, 0.4328032433986664, 0.5944736003875732, 0.36873388290405273, 0.5413711667060852, 0.3736194372177124, 0.14673450589179993, 0.9097091555595398, 0.5023881793022156, 0.3971867561340332, 0.31569424271583557, 0.2785746157169342, 0.23935872316360474, 0.1940678209066391, 0.14500318467617035, 0.09176518023014069, 0.03280574828386307, -0.015126440674066544, -0.09914091229438782, -0.1570320725440979, -0.21222296357154846], "val_loss": [0.7192733883857727, 0.621903121471405, 0.5068339109420776, 0.549841582775116, 0.43588197231292725, 0.3124551475048065, 3.1434569358825684, 0.4090654253959656, 0.4364110827445984, 0.25416529178619385, 0.49747684597969055, 0.2633472979068756, 0.520821213722229, 0.03198154270648956, 0.15216870605945587, 1.0132707357406616, -0.06605686247348785, 0.26666340231895447, 0.0781053975224495, 0.2575021982192993, 0.7422706484794617, 0.5175802707672119, 0.2953060269355774, 0.12148819118738174, 2.351067543029785, -0.11818626523017883, 0.35048148036003113, 1.1119699478149414, 0.5741816759109497, 0.5124667286872864, 0.40374326705932617, 0.5876635313034058, 0.14389510452747345, 0.23279596865177155, 0.2930309474468231, 0.025062022730708122, 0.5939697623252869, 0.5224658846855164, 0.40545767545700073, 0.3770363926887512, 0.3489750623703003, 0.31823575496673584, 0.28121381998062134, 0.24277357757091522, 0.2024606615304947, 0.15249279141426086, 0.10907641798257828, 0.06130646914243698, -0.007459718268364668, -0.03638552874326706], "lr": [0.004229281097650528, 0.004229281097650528, 0.004229281097650528, 0.004229281097650528, 0.004229281097650528, 0.004229281097650528, 0.004229281097650528, 0.004229281097650528, 0.004229281097650528, 0.004229281097650528, 0.004229281097650528, 0.004229281097650528, 0.004229281097650528, 0.004229281097650528, 0.004229281097650528, 0.004229281097650528, 0.004229281097650528, 0.004229281097650528, 0.004229281097650528, 0.004229281097650528, 0.004229281097650528, 0.004229281097650528, 0.004229281097650528, 0.004229281097650528, 0.004229281097650528, 0.004229281097650528, 0.004229281097650528, 0.004229281097650528, 0.004229281097650528, 0.004229281097650528, 0.004229281097650528, 0.004229281097650528, 0.004229281097650528, 0.004229281097650528, 0.004229281097650528, 0.004229281097650528, 0.004229281097650528, 0.004229281097650528, 0.0004229281039442867, 0.0004229281039442867, 0.0004229281039442867, 0.0004229281039442867, 0.0004229281039442867, 0.0004229281039442867, 0.0004229281039442867, 0.0004229281039442867, 0.0004229281039442867, 0.0004229281039442867, 0.0004229281039442867, 0.0004229281039442867]}