{"n_parameters": 98338, "training_time": 0.43932509422302246, "loss": [47.39067077636719, 0.6733030080795288, 0.6370013952255249, 0.6221396923065186, 2.419471502304077, 1.253406286239624, 2.4144434928894043, 1.935758113861084, 1.643715262413025, 2.2788188457489014, 1.2855786085128784, 2.1592836380004883, 1.9043796062469482, 1.0996134281158447, 0.693524956703186, 0.6876856684684753, 0.6862598061561584, 0.685694694519043, 0.6881289482116699, 0.6923556923866272, 0.6881535649299622, 0.6772566437721252, 0.6908963918685913, 0.6702210903167725, 0.6692407727241516, 0.668770968914032, 0.6690797209739685], "val_loss": [0.7115277051925659, 0.6486579775810242, 0.6182078719139099, 0.6499616503715515, 2.4753923416137695, 1.8060240745544434, 1.4342106580734253, 2.3994762897491455, 1.826191782951355, 1.7108176946640015, 2.645984411239624, 1.3989077806472778, 1.9669885635375977, 0.7016313076019287, 0.6866108179092407, 0.6848304271697998, 0.6825677752494812, 0.680300235748291, 0.6921214461326599, 0.6776875257492065, 0.6783405542373657, 0.6774448752403259, 0.6700702905654907, 0.6684677004814148, 0.6681791543960571, 0.6696891188621521, 0.6687332391738892], "lr": [0.012891072779893875, 0.012891072779893875, 0.012891072779893875, 0.012891072779893875, 0.012891072779893875, 0.012891072779893875, 0.012891072779893875, 0.012891072779893875, 0.012891072779893875, 0.012891072779893875, 0.012891072779893875, 0.012891072779893875, 0.012891072779893875, 0.0012891072547063231, 0.0012891072547063231, 0.0012891072547063231, 0.0012891072547063231, 0.0012891072547063231, 0.0012891072547063231, 0.0012891072547063231, 0.0012891072547063231, 0.0012891072547063231, 0.0012891072547063231, 0.0001289107312913984, 0.0001289107312913984, 0.0001289107312913984, 0.0001289107312913984]}