{"n_parameters": 127010, "training_time": 2.215535879135132, "loss": [1.9558604955673218, 1.254509687423706, 0.6948443055152893, 0.9996631145477295, 0.8400075435638428, 0.6762712597846985, 0.7966334223747253, 0.857974648475647, 0.5857495665550232, 0.5538780093193054, 0.6638568639755249, 0.4375656247138977, 0.5371660590171814, 0.4927770793437958, 0.38824161887168884, 0.27141326665878296, 0.5441996455192566, 0.27381452918052673, 0.3291338384151459, 0.3807964622974396, 0.3004906177520752, 0.03244804963469505, 0.2340523600578308, 0.07240970432758331, 0.25140684843063354, 0.32341906428337097, -0.2250574678182602, 0.09233133494853973, 0.028165007010102272, -0.02453678473830223, -0.0883328765630722, 0.1603727489709854, -0.14286386966705322, -0.1667640060186386, -0.006030063610523939, 0.053753551095724106, -0.23786117136478424, -0.1236647367477417, -0.2840171158313751, -0.07499359548091888, -0.049785662442445755, -0.2391342967748642, -0.20530419051647186, -0.20651361346244812, -0.24694085121154785, -0.30500638484954834, -0.11371240019798279, -0.24008288979530334, -0.1420598179101944, -0.33295485377311707, -0.4054744243621826, -0.2542325258255005, -0.3530775308609009, -0.2638714611530304, -0.2567310035228729, -0.5821488499641418, -0.3374837338924408, -0.36163127422332764, -0.3734142482280731, -0.26956257224082947, -0.3646005392074585, -0.4457119405269623, -0.4697050154209137, -0.43398618698120117, -0.5859558582305908, -0.27144157886505127, -0.41467511653900146, -0.5368749499320984, -0.6178162693977356, -0.2654018700122833, -0.578039288520813, -0.6667487025260925, -0.40553590655326843, -0.44233959913253784, -0.4578377604484558, -0.6325218677520752, -0.4299205541610718, -0.7982358932495117, -0.9764548540115356, -1.0640966892242432, -1.1611993312835693, -1.2461597919464111, -1.3480291366577148, -1.4364386796951294, -1.5453513860702515, -1.6000497341156006, -1.6724040508270264, -1.7694673538208008, -1.8000653982162476, -1.8660560846328735, -1.9292420148849487, -1.9577240943908691, -2.001049041748047, -2.043897867202759, -2.1377532482147217, -1.9937161207199097, -2.139423370361328, -2.131755828857422, -2.2139487266540527, -2.1477720737457275, -2.23376202583313, -2.2225594520568848, -2.221386432647705, -2.2647464275360107, -2.2384731769561768, -2.348820209503174, -2.1299965381622314, -2.2129390239715576, -2.3528096675872803, -2.2969295978546143, -2.393423318862915, -2.3940138816833496, -2.175447940826416, -2.4346561431884766, -2.380424976348877, -2.358123302459717, -2.32436466217041, -2.3685851097106934, -2.318922996520996, -2.3889760971069336, -2.285574436187744, -2.431981086730957, -2.322019577026367, -2.418029546737671, -2.155524492263794, -2.680391550064087, -2.709381103515625, -2.7299389839172363, -2.7348792552948, -2.7428081035614014, -2.7501273155212402, -2.7623541355133057, -2.761357307434082, -2.7698192596435547, -2.7753615379333496, -2.785621166229248, -2.7951791286468506], "val_loss": [0.6432704329490662, 0.6323089003562927, 0.8756960034370422, 0.7132978439331055, 0.9019891023635864, 0.6602845191955566, 0.9058985710144043, 0.460191011428833, 0.6945329308509827, 0.5064765810966492, 0.42866700887680054, 0.3503958284854889, 0.48810386657714844, 0.2626654803752899, 0.33095037937164307, 0.17621809244155884, 0.1259075254201889, 0.09530628472566605, 0.24351242184638977, 0.10343943536281586, 0.29129332304000854, 0.32141122221946716, -0.07777911424636841, -0.17967429757118225, 0.039521705359220505, -0.08630002290010452, 0.4952085614204407, -0.20157618820667267, -0.033336132764816284, 0.012862886302173138, 0.9286834597587585, -0.400023490190506, 1.694053292274475, -0.4224773347377777, -0.440125048160553, -0.42707088589668274, -0.5345306992530823, 1.1816414594650269, 1.1176098585128784, -0.4281301200389862, -0.4870673716068268, -0.5299074649810791, -0.5954614281654358, -0.38560283184051514, -0.1890573799610138, -0.0836757943034172, -0.6484270095825195, -0.6604286432266235, -0.5981741547584534, -0.33018797636032104, 0.07161819189786911, 0.5797399878501892, -0.4957422614097595, -0.6386494636535645, -0.7013676762580872, -0.3927769064903259, 0.8479453325271606, -0.6381146907806396, -0.1472116857767105, -0.5692528486251831, -0.6923591494560242, -0.624014675617218, -0.5926860570907593, -0.7478050589561462, -0.8697547316551208, -0.43958550691604614, -0.7830418348312378, -0.8602784276008606, -0.717814028263092, -0.8252696394920349, 0.6558523774147034, -0.8517933487892151, -0.7338422536849976, -0.7867381572723389, -0.865514874458313, -0.3473603427410126, -0.5639258027076721, -0.9030307531356812, -0.9910258054733276, -1.0670945644378662, -1.143082618713379, -1.2507264614105225, -1.3523226976394653, -1.4294615983963013, -1.3814491033554077, -1.5442326068878174, -1.633931040763855, -1.7061492204666138, -1.6905239820480347, -1.2906107902526855, -1.787949562072754, -1.8406550884246826, -1.7498154640197754, -1.9056593179702759, -1.8437093496322632, -1.6457585096359253, -1.9327741861343384, -1.9728550910949707, -1.852394461631775, -1.998186469078064, -1.8474856615066528, -1.9976717233657837, -1.8889394998550415, -1.317757248878479, -1.7594834566116333, -1.304932713508606, -1.8156561851501465, -1.0929312705993652, -1.9808547496795654, -1.9174518585205078, -2.012099504470825, -1.7807687520980835, -2.038346529006958, -1.591762900352478, -1.5306588411331177, -1.787243366241455, -0.8944191336631775, -1.9405301809310913, -0.9110623598098755, -1.766734004020691, -1.760036587715149, -1.199387550354004, -1.797951102256775, -1.8299657106399536, -1.8919236660003662, -1.9655073881149292, -1.977453351020813, -1.9874777793884277, -1.9786137342453003, -1.9947055578231812, -1.9884955883026123, -1.9724911451339722, -2.000122308731079, -1.961731195449829, -1.9680904150009155, -1.9642432928085327, -1.9451087713241577],