{"n_parameters": 100322, "training_time": 1.797253131866455, "loss": [0.6427549719810486, 0.3377994894981384, 0.10892391204833984, 0.09165351837873459, -0.3739185333251953, 0.03099525161087513, -0.5813468098640442, -0.6479914784431458, -0.4362405836582184, -0.9114319086074829, -0.23084217309951782, -0.973207950592041, -1.0433543920516968, -0.816702127456665, -1.1809245347976685, -0.8061162829399109, -1.121769905090332, -1.331282138824463, -0.7054397463798523, -1.1413382291793823, -1.4266371726989746, -0.36950159072875977, -1.2732617855072021, -1.4443018436431885, -1.5699371099472046, -0.3320864737033844, -1.4566946029663086, -1.575671672821045, -0.811534583568573, -1.5021238327026367, -1.5744432210922241, -1.3139026165008545, -0.06329506635665894, -1.348507285118103, -1.5282069444656372, -1.6536389589309692, -1.7874395847320557, -0.353081077337265, -1.561349630355835, -1.7200878858566284, -1.6880160570144653, -1.551587700843811, -0.7673574090003967, -1.6766042709350586, -1.8387751579284668, -0.9705914855003357, 0.2285585254430771, -1.441862940788269, -1.548956036567688, -1.6724823713302612, -1.7984665632247925, -1.9262197017669678, -0.7558109164237976, -1.1442725658416748, -1.7446742057800293, -1.862901210784912, -1.9801080226898193, -0.5027033090591431, -1.718130111694336, -1.8417752981185913, -1.9761254787445068, -1.760294795036316, -0.5038153529167175, -1.7611913681030273, -1.932194471359253, -2.0451438426971436, 0.1494634449481964, -1.5804516077041626, -1.7992045879364014, -1.8640753030776978, -1.8777844905853271, -1.8905380964279175, -1.9039981365203857, -1.9170937538146973, -1.9303414821624756, -1.9434932470321655, -1.9565129280090332, -1.9702330827713013, -1.9839441776275635, -1.9981746673583984, -2.0113110542297363], "val_loss": [0.4387670159339905, 0.3113975524902344, -0.14292681217193604, -0.26156148314476013, -0.30066463351249695, -0.43342116475105286, -0.6884539723396301, 1.1286046504974365, -0.8008439540863037, -1.001346468925476, -0.9570770263671875, -0.5821223258972168, -1.142621636390686, -1.158190369606018, -1.288815975189209, -1.032492995262146, -1.231455683708191, -1.2383830547332764, -0.9536637663841248, -1.1884968280792236, -1.4078223705291748, -1.2879289388656616, -1.3309558629989624, -1.513333797454834, -0.24706053733825684, -1.4208515882492065, -1.4887264966964722, -1.667197346687317, -1.492546558380127, -1.582444429397583, -1.2672171592712402, 5.150073528289795, -1.1845184564590454, -1.4325151443481445, -1.5611807107925415, -1.660424828529358, -1.011780023574829, -1.4806469678878784, -1.6089727878570557, -1.7063833475112915, -1.4303933382034302, -1.1912509202957153, -1.6658412218093872, -1.6990978717803955, -1.8521181344985962, 9.50110912322998, -1.350457787513733, -1.4382437467575073, -1.5617636442184448, -1.674052357673645, -1.78399658203125, -1.7568995952606201, -1.3217881917953491, -1.6476316452026367, -1.7289488315582275, -1.8487287759780884, -1.926207184791565, -1.7282580137252808, -1.7276476621627808, -1.848704218864441, -1.774550199508667, 2.0675089359283447, -1.2759602069854736, -1.6668601036071777, -1.8789467811584473, -1.8723207712173462, -0.980931282043457, -1.693637728691101, -1.7969719171524048, -1.8041115999221802, -1.8124788999557495, -1.820952296257019, -1.8306747674942017, -1.8401728868484497, -1.849251627922058, -1.864375352859497, -1.8736764192581177, -1.8835054636001587, -1.8881700038909912, -1.897062063217163, -1.9098598957061768], "lr": [0.0034122983925044537, 0.0034122983925044537, 0.0034122983925044537, 0.0034122983925044537, 0.0034122983925044537, 0.0034122983925044537, 0.0034122983925044537, 0.0034122983925044537, 0.0034122983925044537, 0.0034122983925044537, 0.0034122983925044537, 0.0034122983925044537, 0.0034122983925044537, 0.0034122983925044537, 0.0034122983925044537, 0.0034122983925044537, 0.0034122983925044537, 0.0034122983925044537, 0.0034122983925044537, 0.0034122983925044537, 0.0034122983925044537, 0.0034122983925044537, 0.0034122983925044537, 0.0034122983925044537, 0.0034122983925044537, 0.0034122983925044537, 0.0034122983925044537, 0.0034122983925044537, 0.0034122983925044537, 0.0034122983925044537, 0.0034122983925044537, 0.0034122983925044537, 0.0034122983925044537, 0.0034122983925044537, 0.0034122983925044537, 0.0034122983925044537, 0.0034122983925044537, 0.0034122983925044537, 0.0034122983925044537, 0.0034122983925044537, 0.0034122983925044537, 0.0034122983925044537, 0.0034122983925044537, 0.0034122983925044537, 0.0034122983925044537, 0.0034122983925044537, 0.0034122983925044537, 0.0034122983925044537, 0.0034122983925044537, 0.0034122983925044537, 0.0034122983925044537, 0.0034122983925044537, 0.0034122983925044537, 0.0034122983925044537, 0.0034122983925044537, 0.0034122983925044537, 0.0034122983925044537, 0.0034122983925044537, 0.0034122983925044537, 0.0034122983925044537, 0.0034122983925044537, 0.0034122983925044537, 0.0034122983925044537, 0.0034122983925044537, 0.0034122983925044537, 0.0034122983925044537, 0.0034122983925044537, 0.0034122983925044537, 0.0034122983925044537, 0.00034122983925044537, 0.00034122983925044537, 0.00034122983925044537, 0.00034122983925044537, 0.00034122983925044537, 0.00034122983925044537, 0.00034122983925044537, 0.00034122983925044537, 0.00034122983925044537, 0.00034122983925044537, 0.00034122983925044537, 0.00034122983925044537]}