{"n_parameters": 114482, "training_time": 2.7487988471984863, "loss": [3.8167319297790527, 1.417698621749878, 1.140462875366211, 0.961889386177063, 1.0272520780563354, 0.7572813630104065, 0.7243026494979858, 0.7494353652000427, 0.41126033663749695, 0.49899545311927795, 0.5341866612434387, 0.2955577075481415, 0.2836782932281494, 0.31158512830734253, 0.30126330256462097, 0.18599388003349304, 0.26871877908706665, 0.14511463046073914, 0.26146161556243896, 0.09006008505821228, 0.20272426307201385, 0.052734531462192535, 0.07538015395402908, -0.01959775947034359, 0.36286190152168274, 0.09886467456817627, -0.10629702359437943, -0.008562515489757061, -0.04722394794225693, 0.0681418925523758, -0.03160111606121063, -0.03899608179926872, -0.008249737322330475, 0.0703069418668747, -0.1679627150297165, -0.0759505107998848, -0.170406311750412, -0.08900168538093567, -0.13853344321250916, -0.18038232624530792, -0.054049160331487656, -0.15923742949962616, -0.2532518804073334, -0.286131352186203, -0.004649139475077391, -0.3363540470600128, -0.3390921354293823, -0.038878343999385834, -0.12293671816587448, -0.39121511578559875, -0.06821136176586151, -0.27439650893211365, -0.3266960084438324, -0.40424415469169617, -0.2899981141090393, -0.3584342300891876, -0.4432286322116852, -0.3330191969871521, -0.3640756905078888, -0.24916201829910278, -0.4191451370716095, -0.40553563833236694, -0.36799222230911255, -0.3002767860889435, -0.6181029677391052, -0.5113138556480408, -0.3288981318473816, -0.44328486919403076, -0.3683513402938843, -0.4252011477947235, -0.6802135705947876, -0.40295571088790894, -0.4832938611507416, -0.6978479027748108, -0.4403478503227234, -0.6733404397964478, -0.425138920545578, -0.4161278307437897, -0.6885794997215271, -0.5817790031433105, -0.6470442414283752, -0.5569310188293457, -0.4592532217502594, -0.9110783934593201, -0.4381702244281769, -0.8449185490608215, -0.6891047358512878, -0.6490105986595154, -0.54877769947052, -0.6682316660881042, -0.9112998247146606, -0.5021206140518188, -0.7111554741859436, -0.5871471762657166, -0.7825675010681152, -0.6559816002845764, -0.7254464626312256, -0.6959928274154663, -0.5275415778160095, -0.7496369481086731, -0.9692667722702026, -0.4474717378616333, -0.7162778973579407, -0.9289588332176208, -0.8430081605911255, -0.6842218041419983, -0.7625920176506042, -0.8117737174034119, -0.736730694770813, -0.7727200388908386, -0.8293715715408325, -0.8468717336654663, -0.545499324798584, -0.939903199672699, -0.7403985857963562, -0.9596669673919678, -0.9920034408569336, -1.248218059539795, -1.3522595167160034, -1.4504197835922241, -1.5520764589309692, -1.6624064445495605, -1.7548238039016724, -1.8528649806976318, -1.9464901685714722, -2.054100751876831, -2.109121799468994, -2.1831188201904297, -2.2223033905029297, -2.291452646255493, -2.3625473976135254, -2.3635268211364746, -2.3916327953338623, -2.3661816120147705, -2.449106454849243, -2.3790385723114014, -2.5731265544891357, -2.392613410949707, -2.5517208576202393, -2.5221574306488037, -2.4312744140625, -2.5478782653808594, -2.7787764072418213, -2.820434331893921, -2.847278118133545, -2.860591411590576, -2.8663628101348877, -2.8794686794281006, -2.8879778385162354, -2.90495228767395, -2.9071671962738037, -2.9236886501312256, -2.9295101165771484, -2.932107925415039], "val_loss": [1.0923103094100952, 0.8366426229476929, 0.8515658974647522, 0.7299439907073975, 0.6084303259849548, 1.0042327642440796, 0.44886162877082825, 0.3433092534542084, 0.33552536368370056, 0.23386821150779724, 0.12846706807613373, 0.14046640694141388, 0.186238631606102, -0.10335616767406464, -0.0961659848690033, 1.8510023355484009, 0.41195574402809143, 0.4139377772808075, -0.008996276184916496, -0.17057166993618011, 0.1094140037894249, -0.009916394017636776, -0.13596315681934357, 0.9342049360275269, -0.28237709403038025, -0.1445883810520172, 1.7830486297607422, -0.3861721158027649, 2.5661511421203613, 0.053200408816337585, -0.1859748214483261, 0.9895421862602234, 0.23674897849559784, -0.3059144914150238, -0.3914831578731537, -0.40388306975364685, -0.18553222715854645, -0.46147042512893677, -0.07430929690599442, -0.3625780940055847, -0.4756799340248108, -0.5259884595870972, -0.3786869943141937, 0.22847715020179749, 0.05388511344790459, 0.4901486337184906, 0.2928820550441742, 0.0642959475517273, -0.5435450673103333, -0.687317967414856, -0.0705450177192688, -0.6471492052078247, -0.5100226998329163, -0.7138811349868774, -0.5250410437583923, -0.5833675861358643, -0.75462806224823, -0.4311840832233429, -0.296598881483078, -0.05548590421676636, -0.04127674922347069, -0.7394968271255493, -0.1208452507853508, 0.34133368730545044, -0.6150424480438232, -0.6366680264472961, -0.5445367097854614, -0.7757692933082581, -0.7895668745040894, -0.7760444283485413, -0.3407897353172302, -0.6522325277328491, -0.6562877893447876, 0.008432948030531406, -0.8855717778205872, -0.893694281578064, -0.932647168636322, 0.08859899640083313, -0.8882524967193604, -0.6224951148033142, -0.9663853645324707, -0.3951739966869354, -0.6985066533088684, 1.2847578525543213, -0.8847389221191406, -0.8582701086997986, -1.0622590780258179, -0.8243926763534546, -0.5320435762405396, 1.7720894813537598, -0.8153331875801086, -1.0616044998168945, -1.0766973495483398, -1.0039901733398438, -1.002016544342041, -0.9924088716506958, 0.48562440276145935, -0.7863770127296448, -0.9458025097846985, -0.8852300047874451, -0.5885895490646362, -1.0375012159347534, -1.0650571584701538, -1.136488437652588, -0.262370765209198, -1.068901777267456, -0.6935213208198547, -1.0015642642974854, -1.1119288206100464, -1.1200814247131348, -0.8503097295761108, -0.815008819103241, -0.7533164024353027, -0.6972303986549377, -1.080417513847351, -0.3537757396697998, -1.1585464477539062, -1.245773196220398, -1.342057228088379, -1.446327567100525, -1.5036144256591797, -1.623815655708313, -1.7014720439910889, -1.7603881359100342, -1.823572039604187, -1.8986021280288696, -1.891351580619812, -1.9502626657485962, -1.766378402709961, -2.009115219116211, -1.8333582878112793, -1.7699531316757202, -1.2856237888336182, -1.776523232460022, -1.9103590250015259, -1.6794732809066772, -2.0060079097747803, -1.7411192655563354, -1.9078660011291504, -1.6714130640029907, -1.8322570323944092, -1.8207950592041016, -1.9142001867294312, -1.927669644355774, -1.8918839693069458, -1.9072906970977783, -1.8915077447891235, -1.8864257335662842, -1.8709936141967773, -1.8236359357833862, -1.8454221487045288, -1.8282506465911865, -1.8285938501358032, -1.8197017908096313],