{"n_parameters": 44850, "training_time": 1.8397669792175293, "loss": [1.8290159702301025, 0.6957143545150757, 0.7187040448188782, 0.798217236995697, 0.5267158150672913, 0.6157225370407104, 0.6169118285179138, 0.4557958245277405, 0.511336624622345, 0.3324755132198334, 0.42908209562301636, 0.3477115333080292, 0.24909836053848267, 0.29010382294654846, 0.34847554564476013, 0.35830163955688477, 0.12083093076944351, 0.3391396999359131, 0.057099178433418274, 0.40253159403800964, -0.05299297720193863, 0.1236218512058258, 0.23571528494358063, 0.12052303552627563, -0.03437424823641777, 0.10238257050514221, 0.0430135615170002, 0.20913608372211456, -0.137018084526062, -0.0446680411696434, 0.04889247566461563, 0.1597120463848114, -0.0653882548213005, -0.013171843253076077, -0.20759685337543488, -0.060275785624980927, -0.0470135398209095, -0.32687652111053467, -0.11527090519666672, 0.03382162004709244, -0.09355489164590836, -0.17723868787288666, -0.1602020263671875, -0.11056675761938095, -0.31563815474510193, -0.18309174478054047, -0.2092369794845581, -0.4596172273159027, 0.10198051482439041, -0.1435350477695465, -0.0037632593885064125, -0.45110103487968445, -0.5935782194137573, -0.19061964750289917, -0.2769831717014313, -0.42870375514030457, -0.35351696610450745, -0.3704710602760315, -0.25126975774765015, -0.5789929628372192, -0.21157748997211456, -0.48138147592544556, -0.3234436511993408, -0.3892260789871216, -0.6408390998840332, 0.16738015413284302, -0.6443285346031189, -0.40787431597709656, -0.41296064853668213, -0.5028975009918213, -0.3977424204349518, -0.4343579113483429, -0.6354981660842896, -0.32355037331581116, -0.485441654920578, -0.4030407965183258, -0.5784777998924255, -0.6059973835945129, -0.5086535215377808, -0.3480554521083832, -0.636221170425415, -0.6387509703636169, -0.5271201729774475, -0.526232898235321, -0.5775514841079712, -0.9378270506858826, -1.0017576217651367, -1.0530414581298828, -1.1020901203155518, -1.1594585180282593, -1.2153435945510864, -1.2754472494125366, -1.3353726863861084, -1.4150385856628418, -1.5058293342590332, -1.5923482179641724, -1.7726566791534424, -1.7250295877456665, -1.959067940711975, -1.7609801292419434, -1.9735596179962158, -1.8927358388900757, -2.0790271759033203, -2.1092259883880615, -1.841027021408081, -2.131527900695801, -2.0340216159820557, -2.232726573944092, -2.161876678466797, -2.2230515480041504, -2.076349973678589, -2.0924882888793945, -2.3789145946502686, -2.0524933338165283, -2.4213132858276367, -2.092775344848633, -2.4697773456573486, -2.2261061668395996, -2.2184643745422363, -2.3533434867858887, -2.078618049621582, -2.4444193840026855, -2.455857038497925, -2.2585840225219727, -2.018263578414917, -2.534029245376587, -2.1737430095672607, -2.3726418018341064, -2.424882173538208, -2.619046688079834, -2.6500840187072754, -2.672541856765747, -2.6923604011535645, -2.717716932296753, -2.733124017715454, -2.7505507469177246, -2.770359992980957, -2.7934622764587402, -2.8060903549194336, -2.812417507171631, -2.824000120162964, -2.8429203033447266, -2.8543317317962646, -2.8636605739593506, -2.8652753829956055, -2.868021249771118, -2.868943691253662, -2.8697056770324707, -2.8716838359832764, -2.8726534843444824, -2.8742005825042725, -2.8758838176727295, -2.8772833347320557, -2.8778626918792725], "val_loss": [0.7114320397377014, 0.597454309463501, 0.5853521227836609, 0.5235486030578613, 0.8359783291816711, 0.6193874478340149, 0.4826580286026001, 0.799803614616394, 0.6386610269546509, 0.46485981345176697, 0.1834404021501541, 0.10650645941495895, 0.5744240283966064, -0.01368865929543972, 0.012497236020863056, 0.02755575254559517, 0.634925127029419, 0.13021054863929749, -0.07379939407110214, 0.16019301116466522, 0.05461050197482109, 0.31746143102645874, -0.17914080619812012, -0.10779385268688202, -0.2619170844554901, 0.30057743191719055, -0.2689002454280853, -0.19526532292366028, 0.7273902297019958, -0.22167357802391052, -0.053452443331480026, -0.3269801437854767, -0.29940563440322876, -0.3583090901374817, -0.2143983393907547, 0.182178795337677, 0.74541836977005, 0.9023371934890747, -0.33747491240501404, -0.2330416440963745, 0.8449797034263611, -0.39522072672843933, -0.5049824118614197, -0.508897066116333, -0.5686700940132141, -0.46153780817985535, 0.130986750125885, -0.05196724832057953, -0.5623452067375183, -0.06484948843717575, -0.14967608451843262, -0.6168382167816162, 1.7329318523406982, -0.5138924717903137, -0.4291343092918396, -0.6206960678100586, -0.6064275503158569, -0.6885975003242493, -0.577272355556488, -0.5595141649246216, -0.6036373972892761, -0.34556761384010315, 0.01860691048204899, 0.7840442061424255, -0.4850071668624878, -0.7801094055175781, -0.5961355566978455, -0.6218935251235962, 0.300607293844223, 0.1532219499349594, -0.585610032081604, -0.6444287300109863, -0.914323091506958, -0.882832407951355, -0.6228118538856506, -0.5739055871963501, -0.8099448680877686, -0.8586506843566895, -0.8330389261245728, -0.717822790145874, -0.5337340235710144, -0.002699522767215967, -0.5089080929756165, -0.6913720369338989, -0.8750189542770386, -0.9719514846801758, -1.0154528617858887, -1.0623328685760498, -1.106087565422058, -1.163612961769104, -1.2190251350402832, -1.264981746673584, -1.3241418600082397, -1.2940332889556885, -1.374861717224121, -1.6028465032577515, -1.455134391784668, -1.6740384101867676, -1.646789312362671, -1.730808138847351, -1.7465384006500244, -1.816522240638733, -1.7767162322998047, -0.6641494631767273, -1.8609358072280884, -1.7827082872390747, -1.7814877033233643, -0.21915768086910248, -1.5664327144622803, -1.9074809551239014, -1.7978515625, -1.651910662651062, -1.8649686574935913, -1.7969721555709839, -1.9186657667160034, -1.9712289571762085, 0.5387691855430603, -1.9134618043899536, -1.6455341577529907, -1.904199242591858, -1.9475961923599243, -0.6450504064559937, -1.7497704029083252, -1.434594750404358, -1.703134536743164, -1.5555851459503174, -1.8078773021697998, -1.3766968250274658, -1.985310673713684, -1.99489164352417, -1.9931323528289795, -1.9730397462844849, -1.9884967803955078, -1.9442250728607178, -1.956809401512146, -1.9470059871673584, -1.9092673063278198, -1.8905736207962036, -1.843616008758545, -1.815737009048462, -1.820222020149231, -1.8173129558563232, -1.8046562671661377, -1.7967772483825684, -1.7903575897216797, -1.7854684591293335, -1.7785451412200928, -1.7755942344665527, -1.774153470993042, -1.770081639289856, -1.7719850540161133, -1.7669987678527832, -1.767744779586792, -1.7641839981079102],