{"n_parameters": 56786, "training_time": 2.0759940147399902, "loss": [5.772202014923096, 0.8953442573547363, 1.3195101022720337, 1.0000213384628296, 1.1361099481582642, 1.1380565166473389, 0.7363541126251221, 1.3478938341140747, 0.6489723920822144, 0.9770876169204712, 0.7866665720939636, 0.8332067131996155, 0.6727825403213501, 0.8838268518447876, 0.8295036554336548, 0.672188937664032, 0.7047135233879089, 0.6623569130897522, 0.8095332384109497, 0.4905628263950348, 1.0228774547576904, 0.5291956663131714, 0.5602355003356934, 0.7541074156761169, 0.48404935002326965, 0.6555390954017639, 0.5088786482810974, 0.44940894842147827, 0.5074166059494019, 0.727565348148346, 0.2544029951095581, 0.5670771598815918, 0.1125483512878418, 0.6235307455062866, 0.04690581187605858, 0.8518497347831726, 0.2094336599111557, -0.0721386969089508, 0.9824005365371704, -0.04705771431326866, 0.5026771426200867, 0.029248274862766266, 0.7185428142547607, -0.039483651518821716, 0.04869114235043526, 0.6902050375938416, -0.15066693723201752, 0.5844473242759705, 0.011616899631917477, 0.41551777720451355, -0.13274289667606354, 0.6670557260513306, -0.20756332576274872, 0.7032111287117004, -0.22466984391212463, 0.5074372291564941, -0.2547805905342102, 0.8266083002090454, 0.026630878448486328, -0.2948164641857147, 0.5378471612930298, -0.28539639711380005, 0.5221927762031555, -0.30891919136047363, 0.5294838547706604, -0.29080021381378174, 0.5683835744857788, -0.2701096534729004, -0.29348012804985046, -0.31373095512390137, -0.3371660113334656, -0.3618725538253784, -0.3871726393699646, -0.4173972010612488, -0.44034573435783386, -0.4722314774990082, -0.5099197030067444, -0.5252507925033569, -0.5608084797859192, -0.5936180949211121, -0.6220815777778625, -0.6476051211357117, -0.6855219006538391, -0.6991176009178162, -0.741496205329895, -0.7662932872772217, -0.7832850217819214, -0.8346928358078003, -0.8359150886535645, -0.8860398530960083, -0.8885645270347595, -0.9270264506340027, -0.9316412210464478, -0.975319504737854, -1.0102438926696777, -1.0281662940979004, -1.059322714805603, -1.0508180856704712, -1.1101609468460083, -1.1235634088516235, -1.1504943370819092, -1.13263738155365, -1.213453769683838, -1.165266990661621, -1.269991397857666, -1.2144612073898315, -1.3019589185714722, -1.2542458772659302, -1.3405100107192993, -1.3553025722503662, -1.2801971435546875, -1.4280216693878174, -1.3412582874298096, -1.3888157606124878, -1.4872798919677734, -1.3768614530563354, -1.5132572650909424, -1.4496749639511108, -1.5195144414901733, -1.4051436185836792, -1.61933171749115, -1.3798434734344482, -1.6576133966445923, -1.5189944505691528, -1.573499083518982, -1.6112419366836548, -1.5570303201675415, -1.5959211587905884, -1.6937016248703003, -1.5259724855422974, -1.65617835521698, -1.6018885374069214, -1.6316419839859009, -1.8470672369003296, -1.463688850402832, -1.713969111442566, -1.717058777809143, -1.638016700744629, -1.7045401334762573, -1.7435388565063477, -1.727248191833496, -1.7230123281478882, -1.7660187482833862, -1.6348813772201538, -1.8697270154953003, -1.642264723777771, -1.835784673690796, -1.709350347518921, -1.6377662420272827, -1.9426262378692627, -1.651934266090393, -1.7427780628204346, -1.7637081146240234, -1.9252225160598755, -1.4840692281723022, -2.0910561084747314, -1.677016258239746, -1.7636609077453613, -1.8552113771438599, -1.5786960124969482, -2.0254366397857666, -1.6857842206954956, -2.1136438846588135, -1.461337924003601, -2.0405914783477783, -1.5203211307525635, -2.1413795948028564, -2.161531686782837, -2.166196823120117, -2.169987916946411, -2.17232346534729, -2.176011323928833, -2.1742329597473145, -2.1821656227111816, -2.187106132507324, -2.1861603260040283, -2.192492961883545, -2.1967055797576904, -2.200556993484497, -2.2018871307373047, -2.2057125568389893, -2.213143825531006, -2.210421085357666, -2.21763277053833, -2.2153377532958984, -2.224276065826416, -2.2247095108032227, -2.226128101348877, -2.2310166358947754, -2.2360732555389404, -2.232311725616455, -2.2419025897979736, -2.2479541301727295, -2.24973464012146, -2.251329183578491, -2.2527313232421875, -2.260810375213623, -2.2498278617858887, -2.2679576873779297, -2.2674596309661865],