{"n_parameters": 58002, "training_time": 1.7560949325561523, "loss": [11.301980972290039, 1.1092835664749146, 0.7178500890731812, 1.6904670000076294, 0.6466406583786011, 0.8467967510223389, 0.6782822012901306, 0.6336653232574463, 0.581985592842102, 0.47437870502471924, 0.42256489396095276, 0.4056139886379242, 0.3868406116962433, 0.133083313703537, 0.2151632308959961, 0.2577401101589203, -0.16009052097797394, 0.32417404651641846, -0.2734014689922333, 0.17952726781368256, -0.04031311348080635, -0.34137585759162903, -0.074405238032341, 0.039274632930755615, -0.05257100984454155, -0.1120738685131073, -0.3595544099807739, -0.17827779054641724, -0.09468997269868851, -0.3704157769680023, -0.3262193500995636, 0.3585089445114136, -0.4819315969944, -0.5404089093208313, -0.08709663897752762, 0.1162143424153328, -0.4350754916667938, -0.30361753702163696, -0.14981475472450256, -0.6243751049041748, -0.3696587383747101, -0.8161984086036682, -0.9012290239334106, -0.9675447940826416, -1.0487831830978394, -1.1197999715805054, -1.2146477699279785, -1.2936049699783325, -1.340242862701416, -1.4648829698562622, -1.4917854070663452, -1.5459635257720947, -1.6211329698562622, -1.6069631576538086, -1.773826241493225, -1.7263638973236084, -1.799351692199707, -1.890586256980896, -1.778971791267395, -1.8542872667312622, -1.8032910823822021, -2.038548469543457, -1.8758174180984497, -1.8722673654556274, -2.078449249267578, -1.7900240421295166, -2.1549787521362305, -1.915297269821167, -2.022106885910034, -1.9225146770477295, -2.1214799880981445, -1.8979790210723877, -1.9205399751663208, -2.267091989517212, -1.9162815809249878, -2.1856040954589844, -2.336530923843384, -2.344564437866211, -2.348024368286133, -2.3636274337768555, -2.3587982654571533, -2.374678373336792, -2.3791966438293457, -2.3876099586486816, -2.3868489265441895, -2.3928980827331543, -2.407198190689087, -2.4110355377197266, -2.417912244796753, -2.431692600250244, -2.438481569290161, -2.4360997676849365, -2.4481117725372314, -2.4634249210357666, -2.4660401344299316, -2.4692957401275635, -2.472564697265625, -2.4841272830963135, -2.4957144260406494, -2.4917781352996826, -2.501953125, -2.516981363296509, -2.526404619216919, -2.5167593955993652, -2.5281128883361816, -2.5399720668792725, -2.534620761871338, -2.5524134635925293, -2.5330424308776855, -2.5561907291412354, -2.5617308616638184, -2.5633068084716797, -2.5632946491241455, -2.5656096935272217, -2.5664894580841064, -2.566769599914551, -2.567686080932617, -2.5685818195343018, -2.5698888301849365, -2.5699617862701416, -2.570129632949829, -2.5701849460601807, -2.570288896560669, -2.5702967643737793, -2.570366621017456], "val_loss": [0.7916291356086731, 0.8279260993003845, 0.8110059499740601, 0.6750830411911011, 0.657011091709137, 0.8157088160514832, 0.549735963344574, 0.682087779045105, 0.5266197323799133, 0.64555823802948, 0.3299148678779602, 0.21257364749908447, 0.17353126406669617, 0.2634989321231842, -0.11990427225828171, -0.1283668875694275, -0.013962291181087494, -0.17930234968662262, -0.3821415305137634, -0.3567863702774048, -0.3242325186729431, 1.6452568769454956, -0.42021188139915466, -0.43393224477767944, -0.4436100423336029, 0.09777215868234634, -0.25396987795829773, -0.5468124747276306, -0.48941344022750854, -0.280156672000885, -0.7081108689308167, -0.5724354982376099, 0.21340766549110413, -0.13900750875473022, -0.6526418924331665, -0.5438433289527893, 1.6471155881881714, -0.6813071370124817, -0.5644356608390808, 0.804588794708252, -0.6941739320755005, -0.8564499616622925, -0.9213606119155884, -0.9973474740982056, -1.0639406442642212, -1.1457257270812988, -1.2286540269851685, -1.3277946710586548, -1.354065179824829, -1.2970280647277832, -1.5214359760284424, -1.450643539428711, -1.6278619766235352, -1.6633316278457642, -1.7026127576828003, -1.0884082317352295, -1.7242116928100586, -1.72371244430542, -1.7506566047668457, -1.7898460626602173, -1.7523691654205322, -1.6820660829544067, -1.6913423538208008, -1.5312516689300537, -1.914330244064331, -1.791145920753479, -1.7465245723724365, -1.8344050645828247, -1.567300796508789, -1.0812851190567017, -1.1637924909591675, -1.8885465860366821, -1.880223035812378, -1.9095633029937744, -1.5939120054244995, -1.995926022529602, -2.0136663913726807, -2.001359224319458, -2.0102806091308594, -2.01069712638855, -2.0259087085723877, -2.0320303440093994, -2.0316162109375, -2.0355207920074463, -2.0224504470825195, -2.0146310329437256, -2.037846326828003, -2.0259015560150146, -2.019120693206787, -2.0268168449401855, -2.0395383834838867, -2.0438625812530518, -2.0338711738586426, -2.039189338684082, -2.0278217792510986, -2.034850597381592, -2.0478532314300537, -2.050281286239624, -2.045132637023926, -2.050168752670288, -2.038585662841797, -2.038745403289795, -1.9878648519515991, -1.9776641130447388, -2.011867046356201, -2.0304195880889893, -2.0283358097076416, -1.977548599243164, -2.0212578773498535, -2.031017303466797, -2.035139322280884, -2.036614179611206, -2.038520574569702, -2.038431406021118, -2.03905987739563, -2.0391571521759033, -2.0401036739349365, -2.0396440029144287, -2.039639949798584, -2.039708375930786, -2.0397448539733887, -2.0396335124969482, -2.0396640300750732, -2.039689779281616, -2.039684295654297],