{"n_parameters": 46530, "training_time": 2.1676838397979736, "loss": [1.0848442316055298, 0.5851336121559143, 0.5249195694923401, 0.4591633379459381, 0.40528351068496704, 0.31212517619132996, 0.9960018396377563, 0.38318997621536255, 0.23611582815647125, 0.14422330260276794, 0.14504912495613098, 0.12929052114486694, -0.0856570228934288, 0.10470160841941833, 0.2987053096294403, 0.030018601566553116, -0.22328338027000427, -0.1925235241651535, 0.08415767550468445, -0.3992827236652374, -0.5036197900772095, 0.39231857657432556, -0.03849982097744942, -0.10368876159191132, -0.15276391804218292, -0.34378108382225037, -0.32387325167655945, -0.11634238809347153, -0.5549390316009521, -0.3953109085559845, -0.665722131729126, 0.5925664901733398, 0.08982385694980621, -0.30893197655677795, -0.49051767587661743, -0.5133848190307617, 1.5331223011016846, -0.045785028487443924, -0.0402408204972744, -0.11152604967355728, -0.26151227951049805, -0.330133318901062, -0.5837237238883972, -0.0514737069606781, -0.0513078048825264, -0.6566295027732849, 2.5868844985961914, 0.0793943852186203, -0.0037882933393120766, 0.1884126216173172, -0.09396205097436905, -0.2591283321380615, -0.521216630935669, 0.8409397006034851, -0.3923625648021698, 0.010744355618953705, -0.3456130921840668, -0.4877994954586029, -0.6701348423957825, -0.7367266416549683, -1.0345909595489502, -0.15134857594966888, -0.5273785591125488, -0.7940630316734314, -0.9103354811668396, -0.9989861845970154, 0.6229569911956787, -0.19494731724262238, -0.6290750503540039, -0.7231276631355286, -0.5272876620292664, -0.7548425793647766, -0.8580702543258667, -1.049560546875, -0.615118145942688, -0.988706111907959, -1.237791657447815, 0.7574859857559204, -0.7334312200546265, -0.8633407354354858, -0.8999270796775818, -0.2561497092247009, -0.7681334614753723, -0.7828871607780457, -0.9396483898162842, -1.1228865385055542, -1.1641523838043213, -1.038699746131897, -0.7310606837272644, -1.240602970123291, -1.2840099334716797, -1.475598692893982, 0.6039837598800659, -0.8561810255050659, -0.8038325309753418, -0.8836731314659119, -1.0110942125320435, -1.1777454614639282, -1.3588802814483643, 0.0629144087433815, 0.1300065517425537, -0.8841309547424316, -0.9188218116760254, -0.4406191408634186, -0.9135140180587769, -0.9748150110244751, -1.0993809700012207, -1.2402722835540771, 4.358272552490234, -0.17245353758335114, -0.01973903551697731, -0.22507426142692566, -0.2845268249511719, -0.3247982859611511, -0.3489600718021393, -0.3693224787712097, -0.3914825916290283], "val_loss": [0.6204214096069336, 0.5802624821662903, 0.49704113602638245, 0.44788995385169983, 0.3957769572734833, 0.2860974073410034, 0.4179338812828064, 0.282685786485672, 0.2124878615140915, 0.13305030763149261, 0.6573027968406677, -0.0030132560059428215, -0.06640322506427765, -0.14340515434741974, -0.07636715471744537, -0.1293921172618866, -0.23977267742156982, -0.15222856402397156, -0.3222699463367462, -0.4285689890384674, -0.641351044178009, -0.3265334963798523, 0.0031976071186363697, -0.11823257803916931, -0.2527506649494171, -0.3745817244052887, 1.0796821117401123, -0.5259668827056885, -0.4484623372554779, -0.6249148845672607, -0.668032169342041, 1.306362271308899, -0.44137099385261536, -0.5051220655441284, -0.34254124760627747, -0.5193884968757629, -0.07293566316366196, 0.010686093010008335, -0.04091911390423775, -0.13431954383850098, -0.2948106825351715, -0.5050262808799744, -0.6170545816421509, 1.716436743736267, -0.6621219515800476, -0.7313003540039062, 0.20389984548091888, 0.08187245577573776, -0.04439248889684677, -0.04238315671682358, -0.13118302822113037, -0.3565378487110138, -0.5642309188842773, -0.39090171456336975, -0.4027339220046997, -0.31022143363952637, -0.40161633491516113, -0.32050836086273193, -0.822790265083313, -0.8369165658950806, -1.1267527341842651, -0.676630437374115, -0.6999861001968384, -0.859749436378479, -0.9562516212463379, -0.8921602964401245, -0.6808929443359375, -0.6634860634803772, -0.7091746926307678, -0.7699368596076965, -0.5196173787117004, -0.5116543769836426, -1.063637375831604, -0.8786401748657227, -1.0022072792053223, -1.1669808626174927, -0.9835413694381714, -0.9227088093757629, -0.8867727518081665, -1.0034892559051514, -1.045200228691101, -0.8414551615715027, -0.7658548355102539, -0.8632758259773254, -1.0538666248321533, -0.9380643367767334, -1.2539993524551392, -1.1826121807098389, -1.0925884246826172, -1.2017114162445068, -1.1770496368408203, -1.4484922885894775, -0.9380828142166138, -0.7619568705558777, -0.7973966598510742, -0.8867749571800232, -1.0334141254425049, -1.2032809257507324, -1.4091036319732666, 4.597029685974121, -0.7587398886680603, -0.8031094670295715, -0.19133950769901276, -0.9225771427154541, -0.76663738489151, -0.9743723273277283, -1.0322426557540894, -1.2416129112243652, 0.0363304503262043, -0.2509579062461853, -0.15277373790740967, -0.15249685943126678, -0.20669172704219818, -0.23587872087955475, -0.25800642371177673, -0.2738707363605499, -0.29253387451171875], "lr": [0.0028024553321301937, 0.0028024553321301937, 0.0028024553321301937, 0.0028024553321301937, 0.0028024553321301937, 0.0028024553321301937, 0.0028024553321301937, 0.0028024553321301937, 0.0028024553321301937, 0.0028024553321301937, 0.0028024553321301937, 0.0028024553321301937, 0.0028024553321301937, 0.0028024553321301937, 0.0028024553321301937, 0.0028024553321301937, 0.0028024553321301937, 0.0028024553321301937, 0.0028024553321301937, 0.0028024553321301937, 0.0028024553321301937, 0.0028024553321301937, 0.0028024553321301937, 0.0028024553321301937, 0.0028024553321301937, 0.0028024553321301937, 0.0028024553321301937, 0.0028024553321301937, 0.0028024553321301937, 0.0028024553321301937, 0.0028024553321301937, 0.0028024553321301937, 0.0028024553321301937, 0.0028024553321301937, 0.0028024553321301937, 0.0028024553321301937, 0.0028024553321301937, 0.0028024553321301937, 0.0028024553321301937, 0.0028024553321301937, 0.0028024553321301937, 0.0028024553321301937, 0.0028024553321301937, 0.0028024553321301937, 0.0028024553321301937, 0.0028024553321301937, 0.0028024553321301937, 0.0028024553321301937, 0.0028024553321301937, 0.0028024553321301937, 0.0028024553321301937, 0.0028024553321301937, 0.0028024553321301937, 0.0028024553321301937, 0.0028024553321301937, 0.0028024553321301937, 0.0028024553321301937, 0.0028024553321301937, 0.0028024553321301937, 0.0028024553321301937, 0.0028024553321301937, 0.0028024553321301937, 0.0028024553321301937, 0.0028024553321301937, 0.0028024553321301937, 0.0028024553321301937, 0.0028024553321301937, 0.0028024553321301937, 0.0028024553321301937, 0.0028024553321301937, 0.0028024553321301937, 0.0028024553321301937, 0.0028024553321301937, 0.0028024553321301937, 0.0028024553321301937, 0.0028024553321301937, 0.0028024553321301937, 0.0028024553321301937, 0.0028024553321301937, 0.0028024553321301937, 0.0028024553321301937, 0.0028024553321301937, 0.0028024553321301937, 0.0028024553321301937, 0.0028024553321301937, 0.0028024553321301937, 0.0028024553321301937, 0.0028024553321301937, 0.0028024553321301937, 0.0028024553321301937, 0.0028024553321301937, 0.0028024553321301937, 0.0028024553321301937, 0.0028024553321301937, 0.0028024553321301937, 0.0028024553321301937, 0.0028024553321301937, 0.0028024553321301937, 0.0028024553321301937, 0.0028024553321301937, 0.0028024553321301937, 0.0028024553321301937, 0.0028024553321301937, 0.0028024553321301937, 0.0028024553321301937, 0.0028024553321301937, 0.0028024553321301937, 0.0028024553321301937, 0.0028024553321301937, 0.0028024553321301937, 0.0028024553321301937, 0.0002802455273922533, 0.0002802455273922533, 0.0002802455273922533, 0.0002802455273922533, 0.0002802455273922533, 0.0002802455273922533]}