{"n_parameters": 218690, "training_time": 2.461766004562378, "loss": [539.139404296875, 2.6433777809143066, 2.6226487159729004, 3.579522132873535, 3.1466565132141113, 3.4251585006713867, 3.1064112186431885, 3.1169168949127197, 2.592942953109741, 2.149726629257202, 1.56069016456604, 1.32039213180542, 1.119963526725769, 0.9670014977455139, 0.7368956208229065, 0.5203277468681335, 0.5502427816390991, 0.49236685037612915, 0.054757967591285706, 0.2760774493217468, 0.17838111519813538, 0.21107500791549683, 0.025803396478295326, 0.3837994337081909, 0.0883694738149643, 0.17057350277900696, -0.057048384100198746, 0.564821183681488, -0.01910303719341755, -0.0009530725656077266, 0.2135450541973114, -0.2000724971294403, 0.8727225661277771, 0.18364106118679047, -0.15747524797916412, 0.3715873956680298, -0.11400720477104187, 0.30732592940330505, 0.03618108481168747, -0.10791690647602081, -0.2706303596496582, -0.49312618374824524, -0.8163121342658997, -0.9959180951118469, -1.2779643535614014, -1.2472319602966309, -1.42911696434021, -1.4976212978363037, -1.5172699689865112, -1.2683659791946411, -1.8095273971557617, -1.514985203742981, -1.7199691534042358, -1.5535768270492554, -1.3222311735153198, -1.7725260257720947, -1.5554755926132202, -1.7258317470550537, -1.338037371635437, -1.6234829425811768, -1.5088953971862793, -1.7574602365493774, -1.6270599365234375, -1.57131028175354, -1.7027908563613892, -1.578010082244873, -1.6176496744155884, -1.66580331325531, -1.7634721994400024, -1.4018967151641846, -1.8201998472213745, -1.7632302045822144, -1.4516328573226929, -1.745364785194397, -1.6476763486862183, -1.6322101354599, -1.7522345781326294, -1.6711136102676392, -1.6929560899734497, -1.554360032081604, -1.6696922779083252, -1.6861974000930786, -1.5667998790740967, -1.9182761907577515, -2.0854499340057373, -2.1922552585601807, -2.250866651535034, -2.309593439102173, -2.3676772117614746, -2.426635503768921, -2.478987216949463, -2.527261734008789, -2.566880226135254, -2.6191391944885254, -2.66282057762146, -2.6940417289733887, -2.7320477962493896, -2.7653958797454834, -2.7785451412200928, -2.803527593612671, -2.85310435295105, -2.886878490447998, -2.938213586807251, -2.9511196613311768, -2.9550511837005615, -2.9593846797943115, -2.9596245288848877, -2.9720897674560547, -2.9704477787017822, -2.975855827331543, -2.978658437728882, -2.9838807582855225, -2.989253044128418, -2.990266799926758, -2.990936279296875], "val_loss": [2.416050672531128, 4.48005485534668, 4.435810565948486, 3.737596273422241, 2.292328119277954, 2.391369581222534, 2.106613874435425, 2.076683282852173, 2.0954527854919434, 1.7010467052459717, 1.0478527545928955, 0.900782585144043, 0.782681941986084, 0.6428290605545044, 0.7769389152526855, 0.9626113176345825, 0.3848935067653656, 0.10166024416685104, 3.526984691619873, -0.0062320055440068245, -0.09173722565174103, -0.061414316296577454, -0.11352561414241791, 1.121005654335022, -0.11175516992807388, -0.28567564487457275, -0.3179938495159149, -0.4081655740737915, -0.30276188254356384, 0.19971199333667755, -0.19615285098552704, -0.10038358718156815, -0.0691714957356453, 0.26328593492507935, 0.07012106478214264, -0.17942394316196442, -0.32666242122650146, 0.13895080983638763, 0.00745498389005661, -0.1491316854953766, -0.3605266213417053, -0.6464998722076416, -0.7785329222679138, -1.1509087085723877, -0.1296912431716919, -1.4675315618515015, -1.576705813407898, -1.3253813982009888, -0.5759212374687195, -1.609145164489746, 1.7630850076675415, -1.6995686292648315, -1.2645865678787231, -0.5539068579673767, -1.61723792552948, -0.5860799551010132, -0.35099655389785767, 1.1790308952331543, -1.71736741065979, -1.496944546699524, -0.6373022198677063, -1.2401589155197144, -1.6296488046646118, -1.6980375051498413, -1.0083805322647095, -1.8816542625427246, -1.0739408731460571, -1.263517141342163, 0.9046587347984314, -1.815868616104126, 0.9714493155479431, -0.8334532976150513, -1.8953568935394287, -1.9131700992584229, -1.10845947265625, -1.818561315536499, -1.7738354206085205, -1.776642918586731, 0.13664622604846954, -0.7519819736480713, -1.6118274927139282, -1.6344802379608154, -1.895598292350769, -1.6399818658828735, -2.012512683868408, -2.038377046585083, -2.015554189682007, -2.104243040084839, -2.1256906986236572, -2.1594550609588623, -2.1654250621795654, -2.1871402263641357, -2.1776387691497803, -2.17624831199646, -2.163522481918335, -2.164914608001709, -2.1248128414154053, -2.10599684715271, -2.0915017127990723, -2.08907151222229, -1.9191781282424927, -2.016343832015991, -1.996218204498291, -2.007948875427246, -1.9938530921936035, -1.9928165674209595, -1.9928431510925293, -1.99994695186615, -1.965631365776062, -1.9830715656280518, -1.9642971754074097, -1.9743008613586426, -1.9701266288757324, -1.9676947593688965, -1.9648761749267578], "lr": [0.004533011466264725, 0.004533011466264725, 0.004533011466264725, 0.004533011466264725, 0.004533011466264725, 0.004533011466264725, 0.004533011466264725, 0.004533011466264725, 0.004533011466264725, 0.004533011466264725, 0.004533011466264725, 0.004533011466264725, 0.004533011466264725, 0.004533011466264725, 0.004533011466264725, 0.004533011466264725, 0.004533011466264725, 0.004533011466264725, 0.004533011466264725, 0.004533011466264725, 0.004533011466264725, 0.004533011466264725, 0.004533011466264725, 0.004533011466264725, 0.004533011466264725, 0.004533011466264725, 0.004533011466264725, 0.004533011466264725, 0.004533011466264725, 0.004533011466264725, 0.004533011466264725, 0.004533011466264725, 0.004533011466264725, 0.004533011466264725, 0.004533011466264725, 0.004533011466264725, 0.004533011466264725, 0.004533011466264725, 0.00045330115244723856, 0.00045330115244723856, 0.00045330115244723856, 0.00045330115244723856, 0.00045330115244723856, 0.00045330115244723856, 0.00045330115244723856, 0.00045330115244723856, 0.00045330115244723856, 0.00045330115244723856, 0.00045330115244723856, 0.00045330115244723856, 0.00045330115244723856, 0.00045330115244723856, 0.00045330115244723856, 0.00045330115244723856, 0.00045330115244723856, 0.00045330115244723856, 0.00045330115244723856, 0.00045330115244723856, 0.00045330115244723856, 0.00045330115244723856, 0.00045330115244723856, 0.00045330115244723856, 0.00045330115244723856, 0.00045330115244723856, 0.00045330115244723856, 0.00045330115244723856, 0.00045330115244723856, 0.00045330115244723856, 0.00045330115244723856, 0.00045330115244723856, 0.00045330115244723856, 0.00045330115244723856, 0.00045330115244723856, 0.00045330115244723856, 0.00045330115244723856, 0.00045330115244723856, 0.00045330115244723856, 0.00045330115244723856, 0.00045330115244723856, 0.00045330115244723856, 0.00045330115244723856, 0.00045330115244723856, 0.00045330115244723856, 0.00045330115244723856, 4.5330114517128095e-05, 4.5330114517128095e-05, 4.5330114517128095e-05, 4.5330114517128095e-05, 4.5330114517128095e-05, 4.5330114517128095e-05, 4.5330114517128095e-05, 4.5330114517128095e-05, 4.5330114517128095e-05, 4.5330114517128095e-05, 4.5330114517128095e-05, 4.5330114517128095e-05, 4.5330114517128095e-05, 4.5330114517128095e-05, 4.5330114517128095e-05, 4.5330114517128095e-05, 4.5330114517128095e-05, 4.5330114517128095e-05, 4.53301163361175e-06, 4.53301163361175e-06, 4.53301163361175e-06, 4.53301163361175e-06, 4.53301163361175e-06, 4.53301163361175e-06, 4.53301163361175e-06, 4.53301163361175e-06, 4.53301163361175e-06, 4.53301163361175e-06, 4.5330116904551687e-07, 4.5330116904551687e-07, 4.5330116904551687e-07]}