{"n_parameters": 44530, "training_time": 1.4009857177734375, "loss": [8.281229972839355, 0.6863186359405518, 0.9722058176994324, 0.8905364871025085, 0.6213927865028381, 0.8152244687080383, 0.9161350131034851, 0.6110291481018066, 0.8712077736854553, 0.5244846940040588, 0.5379573702812195, 0.5727642178535461, 0.3810291290283203, 0.3853115141391754, 0.5580256581306458, 0.05069711059331894, 0.22057947516441345, -0.0005247819935902953, -0.058893702924251556, 0.12261061370372772, -0.07434390485286713, -0.050860755145549774, -0.34740349650382996, -0.04631561040878296, -0.3471001386642456, -0.09431447088718414, -0.412149041891098, -0.2642609477043152, -0.23008427023887634, -0.3288794755935669, -0.7372995615005493, 0.4016965925693512, -0.7238606810569763, -0.5884230732917786, -0.27951958775520325, -0.37475642561912537, -0.49176496267318726, -0.624174177646637, -0.3701661229133606, -0.38244548439979553, -0.7257455587387085, -0.5429929494857788, -0.3339174687862396, 0.23335064947605133, -0.5376750230789185, -0.7879044413566589, -0.8977392911911011, -0.9621683955192566, -1.0282820463180542, -1.1034266948699951, -1.1640067100524902, -1.2479267120361328, -1.3376795053482056, -1.3885273933410645, -1.4541213512420654, -1.5388305187225342, -1.5511479377746582, -1.6030362844467163, -1.657795786857605, -1.7087639570236206, -1.710385799407959, -1.7961245775222778, -1.7927098274230957, -1.8504462242126465, -1.8887587785720825, -1.7849702835083008, -1.9277111291885376, -1.963916540145874, -2.0005946159362793, -1.8850282430648804, -2.006840944290161, -1.8928345441818237, -2.075425624847412, -2.0045714378356934, -1.9621058702468872, -2.1567678451538086, -1.9823720455169678, -2.0984227657318115, -1.9667781591415405, -2.0987696647644043, -1.9488979578018188, -2.0025346279144287, -2.213169813156128, -2.259550094604492, -1.8256112337112427, -2.2267959117889404, -2.1251049041748047, -2.1292691230773926, -1.9818007946014404, -2.196239471435547, -2.1771509647369385, -2.060744285583496, -2.1573288440704346, -2.1750853061676025, -2.3797175884246826, -2.3988237380981445, -2.4014923572540283, -2.403247594833374, -2.409308910369873, -2.4187803268432617, -2.4098687171936035, -2.4233105182647705, -2.4296457767486572, -2.4302916526794434, -2.440077304840088, -2.447172164916992, -2.4477429389953613, -2.4589273929595947, -2.4583632946014404, -2.460707426071167, -2.4725332260131836, -2.4745678901672363, -2.4739556312561035, -2.4822170734405518, -2.489013195037842, -2.498032331466675, -2.498765230178833, -2.4989049434661865, -2.5000791549682617, -2.50046968460083, -2.5012412071228027, -2.502007246017456, -2.501723289489746, -2.5023677349090576, -2.50338077545166, -2.5044779777526855, -2.5045886039733887, -2.504563093185425, -2.5047059059143066, -2.5046322345733643], "val_loss": [0.6925287842750549, 0.7438660860061646, 1.7274491786956787, 0.6944025158882141, 0.6016287207603455, 1.4109362363815308, 0.5845009684562683, 0.5711585879325867, 0.6050922274589539, 0.5342985391616821, 0.7472333908081055, 0.36877596378326416, 0.826350748538971, 0.13240793347358704, 0.086224265396595, -0.011311609297990799, -0.028195956721901894, 0.5983489751815796, -0.20512305200099945, -0.2985017001628876, -0.1895536333322525, -0.3007476031780243, 0.8952643871307373, -0.5037629008293152, 2.2815678119659424, -0.4949452579021454, -0.16764837503433228, -0.6286442279815674, 0.4658472239971161, -0.6517298221588135, -0.2759418189525604, -0.6338933110237122, -0.8311396837234497, 2.9632010459899902, -0.818711519241333, -0.6307291388511658, 0.3602566123008728, -0.7057068943977356, -0.7970311641693115, -0.5245971083641052, -0.08604487031698227, -0.6728652715682983, 1.0362409353256226, -0.30540788173675537, -0.6839467883110046, -0.8392863869667053, -0.9225139021873474, -0.9845594763755798, -1.0514875650405884, -1.1283886432647705, -1.1625564098358154, -1.2549337148666382, -1.3389943838119507, -1.391738772392273, -1.424591302871704, -1.330234169960022, -1.5232341289520264, -1.5505331754684448, -1.5599050521850586, -1.6388331651687622, -1.6044071912765503, -1.6942784786224365, -1.6069890260696411, -1.6714118719100952, -1.694960117340088, -1.782138466835022, -1.807246446609497, -1.730446219444275, -1.784657597541809, -1.7562875747680664, -1.8277783393859863, -1.8160176277160645, -1.8525654077529907, -1.6565488576889038, -1.6164647340774536, -1.4732944965362549, -1.7250763177871704, -1.7207491397857666, -1.4271453619003296, -1.8634265661239624, -1.8167973756790161, -1.698976755142212, -1.9321693181991577, -1.7664377689361572, -1.9086788892745972, -1.2648017406463623, -1.9173896312713623, -1.8693554401397705, -1.7552844285964966, -1.905846118927002, -1.3783948421478271, -1.874022364616394, -1.445338487625122, -1.9200364351272583, -1.9573622941970825, -1.960762858390808, -1.9691698551177979, -1.969497561454773, -1.9687201976776123, -1.9595801830291748, -1.9675363302230835, -1.9538848400115967, -1.962026834487915, -1.9566645622253418, -1.9701582193374634, -1.9545515775680542, -1.9599106311798096, -1.945167899131775, -1.9631571769714355, -1.9666309356689453, -1.9575289487838745, -1.960363507270813, -1.9611804485321045, -1.960247278213501, -1.9565118551254272, -1.9579576253890991, -1.9587156772613525, -1.9592583179473877, -1.9595873355865479, -1.9601775407791138, -1.9596471786499023, -1.958999752998352, -1.9594637155532837, -1.95957612991333, -1.9592609405517578, -1.9592607021331787, -1.9592516422271729, -1.959267258644104, -1.9592559337615967, -1.9592585563659668],