{"n_parameters": 59490, "training_time": 1.4288289546966553, "loss": [69.95207214355469, 1.0206010341644287, 1.0717984437942505, 1.4033526182174683, 0.8785465955734253, 0.7976482510566711, 2.106417417526245, 0.7442715167999268, 0.6969999074935913, 1.4830803871154785, 0.6374578475952148, 0.7017550468444824, 0.7745475769042969, 0.5206030607223511, 0.7103331685066223, 0.5408148765563965, 0.499723881483078, 0.2530288100242615, 7.1813063621521, -0.008830780163407326, -0.2116081565618515, 0.6808012127876282, -0.13390089571475983, -0.08296684920787811, 0.18079739809036255, -0.1914680451154709, 0.25652509927749634, 0.16411960124969482, 0.027437573298811913, 0.21170789003372192, 0.9439978003501892, 0.024712389335036278, 0.17251457273960114, 0.3959808349609375, 0.06980685144662857, 1.9148914813995361, 0.13646641373634338, 0.05776236206293106, 0.023435715585947037, -0.01796850748360157, -0.0738367810845375, -0.14879703521728516, -0.25730669498443604, -0.37643831968307495, -0.5428938865661621, -0.5747742652893066, -0.7197021842002869, -0.8660565614700317, -0.7377349734306335, -1.1138067245483398, -0.8195092082023621, -1.139950156211853, -0.9684413075447083, -1.0375638008117676, -1.0020508766174316, -1.1271042823791504, -1.1877341270446777, -1.0401896238327026, -1.1635602712631226, -0.9644092917442322, -1.3740652799606323, -1.1240897178649902, -1.1151982545852661, -1.121496319770813, -1.184576153755188, -1.3293609619140625, -0.979164719581604, -1.330208659172058, -1.240066647529602, -0.9191508889198303, -1.4987705945968628, -0.9332780241966248, -1.43175208568573, -1.2197831869125366, -1.1888118982315063, -1.602142572402954, -0.8104129433631897, -1.3463029861450195, -1.3909817934036255, -0.9148591160774231, -1.5817102193832397, -1.1865681409835815, -1.2938854694366455, -1.3353142738342285, -0.9705639481544495, -1.5731377601623535, -1.0251268148422241, -1.6238359212875366, -1.6564867496490479, -1.6799076795578003, -1.7064967155456543, -1.73414146900177, -1.7676182985305786, -1.793469786643982, -1.8323746919631958, -1.8617581129074097, -1.889951229095459, -1.9368281364440918, -1.9563332796096802, -1.9864239692687988, -2.0313560962677, -2.0659244060516357, -2.078874349594116, -2.124551773071289, -2.130009651184082, -2.1685800552368164, -2.2001984119415283, -2.2164266109466553, -2.2450966835021973, -2.259172201156616, -2.308633804321289, -2.2890465259552, -2.349973678588867, -2.351224899291992, -2.3754663467407227, -2.424302339553833, -2.439690589904785, -2.407202959060669, -2.492053508758545, -2.506711959838867, -2.491544246673584, -2.561204195022583, -2.5675883293151855, -2.5684092044830322, -2.57283091545105, -2.576151132583618, -2.580420970916748, -2.580827236175537, -2.587390184402466, -2.5884649753570557, -2.5933475494384766, -2.5969581604003906, -2.59726619720459, -2.597890853881836, -2.598296642303467, -2.598412036895752], "val_loss": [1.1388828754425049, 0.9303764700889587, 2.113377332687378, 0.9808908104896545, 0.8063080310821533, 1.3313947916030884, 0.762738049030304, 0.7058517932891846, 0.9631280899047852, 0.6585975289344788, 0.6980748772621155, 0.6223005652427673, 0.6184625625610352, 0.6049786806106567, 0.42994990944862366, 0.400116890668869, 0.377787321805954, 0.2558605670928955, 0.05745404213666916, -0.20180000364780426, 2.1625943183898926, -0.12281546741724014, -0.23467710614204407, -0.31135955452919006, -0.0802377387881279, -0.3730577230453491, -0.12634408473968506, 0.5466550588607788, 0.9348108172416687, -0.20165114104747772, 0.13465680181980133, -0.08171331137418747, -0.1653587520122528, 0.17968589067459106, -0.10090725123882294, 0.299476683139801, 0.07687564939260483, 0.04214276745915413, 0.006784312427043915, -0.03725866973400116, -0.10195783525705338, -0.18583446741104126, -0.2936048209667206, -0.3673974573612213, -0.4894920587539673, -0.6248472332954407, -0.5613517165184021, -0.7275509834289551, -0.960654616355896, -0.7926418781280518, -1.1285793781280518, -0.3503691554069519, -1.1418272256851196, -1.0155489444732666, -1.1410244703292847, -0.546535313129425, -0.8031954169273376, -1.1118149757385254, -1.2940763235092163, -1.1987804174423218, -0.2679745554924011, -1.0569299459457397, -1.2807155847549438, -0.263405442237854, -1.4269589185714722, -0.7320646047592163, -1.3640815019607544, 0.09073995053768158, -1.3741427659988403, -1.241827368736267, -1.4730466604232788, -0.8206531405448914, -1.4874778985977173, 0.11688878387212753, -1.4765679836273193, 0.9664890766143799, -1.5069544315338135, -0.7840080261230469, -1.4749537706375122, -1.438434362411499, -1.230516791343689, -1.4667729139328003, -0.16725249588489532, -1.4513392448425293, -1.4451525211334229, -1.2067725658416748, -1.5038249492645264, -1.522169828414917, -1.5311006307601929, -1.547887921333313, -1.5647006034851074, -1.5870261192321777, -1.6115514039993286, -1.6272081136703491, -1.6561756134033203, -1.64573335647583, -1.6909197568893433, -1.6921943426132202, -1.722800374031067, -1.7016648054122925, -1.7527070045471191, -1.7613952159881592, -1.7867121696472168, -1.807396650314331, -1.7988712787628174, -1.8248815536499023, -1.8340383768081665, -1.8276299238204956, -1.750221610069275, -1.746746301651001, -1.8345091342926025, -1.7865647077560425, -1.7884615659713745, -1.819483995437622, -1.7661380767822266, -1.7032005786895752, -1.7028003931045532, -1.7726171016693115, -1.7896912097930908, -1.6717402935028076, -1.7644239664077759, -1.7427289485931396, -1.7512853145599365, -1.746548056602478, -1.7352813482284546, -1.727415680885315, -1.7397557497024536, -1.736310362815857, -1.7354533672332764, -1.718379259109497, -1.729129672050476, -1.7285062074661255, -1.7283130884170532, -1.7275468111038208, -1.7269419431686401, -1.7271466255187988],