{"n_parameters": 76610, "training_time": 1.5465290546417236, "loss": [10.731246948242188, 2.3472626209259033, 2.0427613258361816, 1.5042685270309448, 1.734241008758545, 1.2930402755737305, 1.3233627080917358, 0.8747439980506897, 0.7033068537712097, 0.6356981992721558, 0.2995105981826782, 0.7657853960990906, 0.1848403513431549, 0.5063197016716003, 0.12342201918363571, 0.2786734402179718, 0.14346793293952942, 0.20993642508983612, 0.35367098450660706, -0.09567900747060776, 0.025469031184911728, -0.009881215170025826, -0.02976728230714798, -0.11927296966314316, 0.14670048654079437, -0.11393273621797562, -0.21653786301612854, -0.13824085891246796, -0.12323755025863647, -0.153599813580513, 0.12974007427692413, -0.31878662109375, -0.3530215919017792, -0.11866238713264465, -0.279707670211792, -0.22712825238704681, -0.3707054555416107, -0.29106244444847107, -0.23496395349502563, -0.45269110798835754, -0.40654587745666504, 0.13386952877044678, -0.5634955167770386, -0.4211968183517456, -0.37807679176330566, -0.417772114276886, -0.4260898232460022, -0.15222583711147308, -0.5731650590896606, 2.4577181339263916, -0.5312533378601074, -0.6188145875930786, -0.8409844636917114, -0.9739342331886292, -1.155278205871582, -1.3549391031265259, -1.497040033340454, -1.6419436931610107, -1.7120729684829712, -1.7707825899124146, -2.000352382659912, -1.8521207571029663, -1.6898654699325562, -2.2040605545043945, -1.8226956129074097, -1.8613466024398804, -2.112614154815674, -1.8261663913726807, -1.8662478923797607, -1.9385634660720825, -2.196931838989258, -1.9165363311767578, -1.9876304864883423, -2.091141939163208, -2.079737424850464, -1.874511480331421, -2.134157419204712, -2.0854551792144775, -2.10278582572937, -2.0250461101531982, -2.0499980449676514, -2.25451922416687, -1.8159210681915283, -2.062474489212036, -2.1971609592437744, -1.9155492782592773, -2.2546470165252686, -1.9480384588241577, -2.083432674407959, -1.972872257232666, -2.2216317653656006, -2.230607271194458, -2.576352834701538, -2.608447551727295, -2.6355113983154297, -2.666005849838257, -2.6914918422698975, -2.7275502681732178, -2.7551753520965576, -2.785466194152832, -2.812495708465576, -2.8448619842529297, -2.871544122695923, -2.880995512008667, -2.8854453563690186, -2.8896844387054443], "val_loss": [1.5715516805648804, 1.0172779560089111, 3.807931900024414, 1.0182222127914429, 1.0969069004058838, 1.1940312385559082, 0.72013258934021, 0.5901300311088562, 0.5309335589408875, 0.4714430272579193, 0.04930487275123596, 0.5875520706176758, -0.04285034164786339, 0.011397766880691051, 2.0200181007385254, 0.3051689565181732, 0.6842729449272156, -0.23195262253284454, 0.05439514294266701, 0.001387425814755261, -0.08351567387580872, -0.31051135063171387, -0.2617230713367462, 1.1564233303070068, -0.2456749528646469, 0.97137850522995, 1.2084321975708008, -0.5396605134010315, -0.10813508927822113, -0.43156182765960693, -0.4380662739276886, -0.3334145247936249, -0.19444097578525543, -0.5368250608444214, -0.551242470741272, -0.42343899607658386, -0.5061053037643433, -0.4914495348930359, -0.5520064234733582, -0.6890011429786682, -0.9374131560325623, -0.643110454082489, -0.8328864574432373, -0.7509129047393799, -0.603492259979248, -0.5860061645507812, 0.5017436146736145, -0.549376904964447, -0.5990330576896667, -0.7204879522323608, -0.2861478328704834, -0.7261924147605896, -0.8708114624023438, -1.0030877590179443, -1.1981678009033203, -1.4168148040771484, -0.9492366909980774, -1.6299569606781006, -1.700829267501831, -1.1301225423812866, 0.9994280338287354, -0.6426887512207031, -1.783284306526184, -0.5481044054031372, -1.6672260761260986, -1.714739441871643, -1.728600263595581, -1.8222581148147583, -1.930114507675171, -1.8257861137390137, -0.37068575620651245, -1.9457786083221436, -1.9648295640945435, -1.469510555267334, -1.529860258102417, -1.9036831855773926, -1.7983770370483398, -1.7618850469589233, -1.7150152921676636, -1.4785239696502686, -1.0818020105361938, -2.0273611545562744, -2.006615400314331, -2.0167064666748047, -1.9489024877548218, -2.025911569595337, -1.6036421060562134, -1.8556689023971558, -1.9842314720153809, -1.6531095504760742, -1.9955894947052002, -1.932554006576538, -1.9831291437149048, -1.9798282384872437, -1.9092938899993896, -1.9063572883605957, -1.945432424545288, -1.969104528427124, -1.9599953889846802, -1.9020895957946777, -1.8935902118682861, -1.9327558279037476, -1.932233452796936, -1.9224218130111694, -1.9195173978805542, -1.915940761566162], "lr": [0.004090795759111643, 0.004090795759111643, 0.004090795759111643, 0.004090795759111643, 0.004090795759111643, 0.004090795759111643, 0.004090795759111643, 0.004090795759111643, 0.004090795759111643, 0.004090795759111643, 0.004090795759111643, 0.004090795759111643, 0.004090795759111643, 0.004090795759111643, 0.004090795759111643, 0.004090795759111643, 0.004090795759111643, 0.004090795759111643, 0.004090795759111643, 0.004090795759111643, 0.004090795759111643, 0.004090795759111643, 0.004090795759111643, 0.004090795759111643, 0.004090795759111643, 0.004090795759111643, 0.004090795759111643, 0.004090795759111643, 0.004090795759111643, 0.004090795759111643, 0.004090795759111643, 0.004090795759111643, 0.004090795759111643, 0.004090795759111643, 0.004090795759111643, 0.004090795759111643, 0.004090795759111643, 0.004090795759111643, 0.004090795759111643, 0.004090795759111643, 0.004090795759111643, 0.004090795759111643, 0.004090795759111643, 0.004090795759111643, 0.004090795759111643, 0.004090795759111643, 0.004090795759111643, 0.004090795759111643, 0.004090795759111643, 0.004090795759111643, 0.004090795759111643, 0.0004090795700903982, 0.0004090795700903982, 0.0004090795700903982, 0.0004090795700903982, 0.0004090795700903982, 0.0004090795700903982, 0.0004090795700903982, 0.0004090795700903982, 0.0004090795700903982, 0.0004090795700903982, 0.0004090795700903982, 0.0004090795700903982, 0.0004090795700903982, 0.0004090795700903982, 0.0004090795700903982, 0.0004090795700903982, 0.0004090795700903982, 0.0004090795700903982, 0.0004090795700903982, 0.0004090795700903982, 0.0004090795700903982, 0.0004090795700903982, 0.0004090795700903982, 0.0004090795700903982, 0.0004090795700903982, 0.0004090795700903982, 0.0004090795700903982, 0.0004090795700903982, 0.0004090795700903982, 0.0004090795700903982, 0.0004090795700903982, 0.0004090795700903982, 0.0004090795700903982, 0.0004090795700903982, 0.0004090795700903982, 0.0004090795700903982, 0.0004090795700903982, 0.0004090795700903982, 0.0004090795700903982, 0.0004090795700903982, 0.0004090795700903982, 4.090795846423134e-05, 4.090795846423134e-05, 4.090795846423134e-05, 4.090795846423134e-05, 4.090795846423134e-05, 4.090795846423134e-05, 4.090795846423134e-05, 4.090795846423134e-05, 4.090795846423134e-05, 4.090795846423134e-05, 4.090795755473664e-06, 4.090795755473664e-06, 4.090795755473664e-06, 4.090795755473664e-06]}