{"n_parameters": 73810, "training_time": 1.7814359664916992, "loss": [35.892520904541016, 1.58084237575531, 1.5183900594711304, 1.4782129526138306, 1.449141502380371, 3.0907366275787354, 2.0288662910461426, 3.1478123664855957, 2.2742438316345215, 2.1565141677856445, 2.797835350036621, 2.147392749786377, 2.6054537296295166, 2.5709171295166016, 2.1957459449768066, 2.1105868816375732, 2.0529396533966064, 1.9833788871765137, 1.9033032655715942, 1.8346331119537354, 1.7111382484436035, 1.6384607553482056, 1.5432937145233154, 1.457871913909912, 1.2938393354415894, 1.290122628211975, 1.1202771663665771, 0.9474976062774658, 1.0003783702850342, 1.0066533088684082, 0.6301866769790649, 0.8482683897018433, 0.3990238308906555, 0.9037046432495117, 0.3577294647693634, 0.44612640142440796, 0.792103111743927, 0.13322030007839203, 0.9343022108078003, 0.06351514905691147, 0.5359865427017212, -0.01819261722266674, 1.1693702936172485, -0.03631046786904335, 0.5369542837142944, 0.4243294298648834, 0.18532498180866241, 0.6453235149383545, 0.45366722345352173, 0.3519832491874695, 1.0081435441970825, 0.2176453173160553, 0.3433662950992584, 0.6996141672134399, 0.5114055871963501, 0.2646689713001251, 0.6042134165763855, 0.4006023108959198, -0.06553228944540024, -0.09027017652988434, -0.10851212590932846, -0.12565957009792328, -0.13890935480594635, -0.15164954960346222, -0.17563371360301971, -0.20249177515506744, -0.2068118304014206, -0.2334846705198288, -0.24726034700870514, -0.2647344768047333, -0.28963571786880493, -0.30090591311454773, -0.32576677203178406, -0.3478735685348511, -0.3651988208293915, -0.372783362865448, -0.4073048532009125, -0.4182621240615845, -0.4307844340801239, -0.4532715380191803, -0.46949559450149536, -0.5010179877281189, -0.48699256777763367, -0.5190159678459167, -0.5422968864440918, -0.5747546553611755, -0.5865300893783569, -0.5958128571510315, -0.6297428607940674, -0.6474194526672363, -0.6475721597671509, -0.6952521800994873, -0.6853246092796326, -0.7154401540756226, -0.7402130365371704, -0.7623022198677063, -0.7899255752563477, -0.7797328233718872, -0.837073028087616, -0.8530818223953247, -0.8558719158172607, -0.8653013110160828, -0.8961029052734375, -0.9347547292709351, -0.9029357433319092, -0.964381754398346, -0.9937499761581421, -0.9616602659225464, -1.0216561555862427, -1.007756233215332, -1.0534762144088745, -1.074880838394165, -1.0849274396896362, -1.1031571626663208, -1.1131179332733154, -1.1195756196975708, -1.1553410291671753, -1.1418780088424683, -1.1439982652664185, -1.1707019805908203, -1.2359976768493652, -1.2267177104949951, -1.201254963874817, -1.2096794843673706, -1.29523766040802, -1.270719051361084, -1.2694233655929565, -1.3281238079071045, -1.24093759059906, -1.346942663192749, -1.2688674926757812, -1.3785337209701538, -1.4179997444152832, -1.3684393167495728, -1.426048755645752, -1.3610045909881592, -1.247170329093933, -1.4614737033843994, -1.268798828125, -1.4482678174972534, -1.478559970855713, -1.2610180377960205, -1.3718962669372559, -1.4998804330825806, -1.3850775957107544, -1.4567614793777466, -1.274914026260376, -1.4986445903778076, -1.427368402481079, -1.5216256380081177, -1.593896508216858, -1.6026448011398315, -1.6019092798233032, -1.6094154119491577, -1.6036676168441772, -1.6073918342590332, -1.611185908317566, -1.6132848262786865, -1.6101666688919067, -1.6052217483520508, -1.6158186197280884, -1.6146693229675293, -1.6127816438674927, -1.6169264316558838, -1.6221553087234497, -1.6222388744354248, -1.6244744062423706, -1.6291104555130005, -1.6303176879882812, -1.6306232213974, -1.6305625438690186, -1.6303328275680542, -1.6311564445495605, -1.6312012672424316, -1.6314477920532227, -1.6313592195510864, -1.6314382553100586, -1.6324044466018677, -1.6325101852416992, -1.6325325965881348, -1.6325162649154663, -1.63254976272583, -1.6325783729553223, -1.6325281858444214, -1.6326282024383545, -1.6326075792312622], "val_loss": [1.589036226272583, 1.5218501091003418, 1.488472580909729, 1.4450671672821045, 1.611297845840454, 3.1859941482543945, 1.7025785446166992, 1.772639513015747, 3.5188958644866943, 1.8480628728866577, 1.9921422004699707, 3.2640862464904785, 2.363873243331909, 2.2702369689941406, 2.136409044265747, 2.082981824874878, 2.018944501876831, 1.9449964761734009, 1.859019160270691, 1.7679628133773804, 1.7479063272476196, 1.6017404794692993, 1.4446502923965454, 1.3489447832107544, 1.2583271265029907, 1.1036286354064941, 1.2915055751800537, 1.336556077003479, 0.7141612768173218, 0.6696985363960266, 0.7053751349449158, 0.4596252739429474, 1.1357011795043945, 0.2976168096065521, 1.2701739072799683, 0.0886453241109848, 0.17091745138168335, 0.1102348193526268, 0.10777071863412857, -0.002861984306946397, 0.08743501454591751, 0.20991159975528717, -0.008325695991516113, 0.11500108987092972, 0.042417772114276886, 2.098423719406128, -0.035452164709568024, -0.06301222741603851, 0.06526847183704376, 2.8444247245788574, 0.049007613211870193, 2.164142608642578, 0.06260953843593597, 0.09897135198116302, 0.5817285180091858, -0.0480312779545784, 0.4774705469608307, -0.05954209342598915, -0.09998031705617905, -0.11590863019227982, -0.13659581542015076, -0.1287376433610916, -0.14860525727272034, -0.18791601061820984, -0.20887762308120728, -0.2258894443511963, -0.23968784511089325, -0.2657620906829834, -0.2841164469718933, -0.27285856008529663, -0.3251645863056183, -0.3249630630016327, -0.33965352177619934, -0.3770630955696106, -0.37410685420036316, -0.3983360826969147, -0.3954145014286041, -0.4107898771762848, -0.4842739999294281, -0.42333197593688965, -0.5178272724151611, -0.4755747318267822, -0.5599437952041626, -0.5855408310890198, -0.5910086035728455, -0.583952784538269, -0.6402780413627625, -0.6410839557647705, -0.602135956287384, -0.6487769484519958, -0.6974828839302063, -0.7134138941764832, -0.6372294425964355, -0.6749308705329895, -0.7158409357070923, -0.7261121273040771, -0.7352263331413269, -0.8412457704544067, -0.8186950087547302, -0.8378050327301025, -0.8572317957878113, -0.922716498374939, -0.9239665865898132, -0.9408485889434814, -0.8338211178779602, -0.9971738457679749, -0.9553158283233643, -0.9876476526260376, -0.9806707501411438, -1.0301144123077393, -1.0587656497955322, -0.9875196218490601, -0.7478131055831909, -0.878057599067688, -1.1035643815994263, -1.1083663702011108, -1.0142250061035156, -1.1461726427078247, -1.141593337059021, -1.088523507118225, -1.0310245752334595, -1.0341854095458984, -0.8202435970306396, -1.1470322608947754, -1.1876990795135498, -1.208548903465271, -1.1872837543487549, -1.2430115938186646, -1.2494564056396484, -1.2148061990737915, -1.21317458152771, -1.2944931983947754, -0.773901104927063, -1.2461305856704712, -1.0464991331100464, -0.8996155261993408, -1.1800907850265503, -1.3121328353881836, -1.3397204875946045, -1.305793046951294, -1.3046797513961792, -1.2720850706100464, -1.0707329511642456, -0.4829021394252777, -1.0973148345947266, -1.0013357400894165, -1.2817773818969727, -0.8684784770011902, -1.1646599769592285, -1.3082536458969116, -1.3276933431625366, -1.311962604522705, -1.3120439052581787, -1.359745740890503, -1.3324275016784668, -1.339126467704773, -1.363723874092102, -1.3509747982025146, -1.3417372703552246, -1.3484885692596436, -1.3328896760940552, -1.3541983366012573, -1.3233709335327148, -1.3232247829437256, -1.3441427946090698, -1.3519843816757202, -1.3419157266616821, -1.3449060916900635, -1.345276951789856, -1.3460296392440796, -1.3456122875213623, -1.3465020656585693, -1.3453609943389893, -1.3465445041656494, -1.3454968929290771, -1.3456956148147583, -1.3461986780166626, -1.346205711364746, -1.346207618713379, -1.3460875749588013, -1.345956802368164, -1.3459347486495972, -1.3458906412124634, -1.3458118438720703, -1.3457889556884766, -1.345796823501587],