{"n_parameters": 101314, "training_time": 1.7632601261138916, "loss": [1.528113603591919, 0.6259011030197144, 0.5585218667984009, 0.6040186882019043, 0.6342085599899292, 0.4399096667766571, 0.4904029369354248, 0.36140719056129456, 0.366342693567276, 0.17713868618011475, 0.09911436587572098, 0.042869292199611664, 0.06446565687656403, 0.14587630331516266, -0.3306195139884949, -0.08837321400642395, 0.09206592291593552, -0.5044589638710022, 0.10577463358640671, -0.5901612043380737, 0.09513765573501587, -0.4204862117767334, -0.34526267647743225, -0.5048356652259827, -0.33690783381462097, -0.13875143229961395, -0.3960913419723511, -0.7059884667396545, -0.22337329387664795, -0.4211377799510956, -0.4346296191215515, -0.47098928689956665, -0.6218670606613159, -0.5018587708473206, -0.5645245313644409, -0.5598946809768677, -0.2625166177749634, -0.4807840585708618, -0.7626933455467224, -0.5758398771286011, -0.5781069397926331, -0.7207616567611694, -0.47092241048812866, -0.3338741660118103, -0.8554825186729431, -0.6834831833839417, -0.07640743255615234, -0.8802975416183472, -0.5379853248596191, -0.35425302386283875, -0.8932045698165894, -0.5008140206336975, -0.6110082268714905, -1.0120244026184082, -0.17146481573581696, -0.8725574016571045, -0.6043999791145325, -0.41099342703819275, -0.972120463848114, -0.7001223564147949, -0.7252796292304993, -0.9046870470046997, -0.7737098336219788, -0.5549672245979309, -0.5352870225906372, -1.0560179948806763, -0.5189537405967712, -0.6282343864440918, -0.7879553437232971, -0.8825576901435852, -0.6655454039573669, -1.11170494556427, 0.08594144880771637, -1.2007962465286255, -0.4185672104358673, -1.0908663272857666, -0.5439234375953674, -0.5216681957244873, -1.1352092027664185, -0.6392412185668945, -0.7479248046875, -0.8021883964538574, -1.1632790565490723, -1.2198351621627808, -1.2755016088485718, -1.3366180658340454, -1.3981014490127563, -1.4595329761505127, -1.5153958797454834, -1.585429072380066, -1.621273159980774, -1.7095471620559692, -1.7366585731506348, -1.7981470823287964, -1.8429890871047974, -1.8968688249588013, -1.9855127334594727, -1.9672363996505737, -2.0601656436920166, -2.0143160820007324, -2.129047393798828, -2.094501495361328, -2.171203374862671, -2.197350025177002, -2.236377000808716, -2.272153615951538, -2.2609992027282715, -2.3218741416931152, -2.3455073833465576, -2.187420129776001, -2.4717721939086914, -2.3694875240325928, -2.3866093158721924, -2.3452608585357666, -2.4897711277008057, -2.4414234161376953, -2.288228750228882, -2.57627272605896, -2.4601550102233887, -2.430429220199585, -2.524845600128174, -2.3123390674591064, -2.656188726425171, -2.6769936084747314, -2.6879374980926514, -2.694545030593872, -2.705044746398926, -2.7093496322631836, -2.7163453102111816, -2.71901535987854, -2.7282207012176514, -2.7368075847625732, -2.733483076095581, -2.7427005767822266, -2.7489442825317383, -2.7531228065490723, -2.756161689758301, -2.763432025909424, -2.770308494567871, -2.7726290225982666, -2.7797138690948486, -2.7810018062591553, -2.792196035385132, -2.79923939704895, -2.7994601726531982, -2.800448179244995, -2.8011324405670166, -2.8013925552368164, -2.8021492958068848, -2.802696466445923, -2.8029232025146484, -2.803724527359009, -2.8043212890625, -2.8053786754608154, -2.8054604530334473, -2.805482864379883, -2.8055498600006104, -2.8056180477142334, -2.805697441101074], "val_loss": [0.5651510953903198, 0.5514938831329346, 0.5101660490036011, 1.4030121564865112, 0.4526703655719757, 0.4217456579208374, 0.3670348525047302, 0.2511070966720581, 0.22288155555725098, 0.3008285462856293, 0.044037021696567535, -0.0682191550731659, -0.2418975681066513, -0.26923444867134094, 0.4679393172264099, -0.46946805715560913, -0.4082024395465851, -0.2277006059885025, -0.527670681476593, 1.9811770915985107, -0.5616279244422913, -0.36830776929855347, 0.049267884343862534, -0.14272989332675934, 0.5855202078819275, -0.7066373825073242, -0.5053700804710388, 0.1357167661190033, -0.7909466624259949, -0.7617951035499573, -0.2972634732723236, -0.5352352261543274, 0.3092109262943268, -0.3381539583206177, -0.3656150996685028, -0.41572022438049316, -0.8418871164321899, -0.3983204960823059, -0.3146964907646179, -0.5479291081428528, -0.2907540202140808, 0.5598364472389221, -1.0065405368804932, -0.8534376621246338, 0.6609976887702942, -0.954695999622345, -0.9295914769172668, -0.15267664194107056, -1.017517328262329, -0.43358540534973145, -0.9765413403511047, -1.0199260711669922, -0.9654306769371033, 2.030667304992676, -1.002163290977478, 1.9080129861831665, -1.0464025735855103, -0.5711089968681335, -0.6169918775558472, -0.8669080138206482, -0.6864912509918213, 0.13602924346923828, -0.921379804611206, -1.0297796726226807, -0.9423792362213135, 0.1830798238515854, -1.1239187717437744, -1.0494775772094727, -0.5822098255157471, -0.12152078002691269, -0.6719251871109009, -1.3223358392715454, -1.1368716955184937, -0.6913897395133972, -1.1660089492797852, 1.2930991649627686, -1.185015082359314, -1.0339040756225586, 0.9266932606697083, -1.0774065256118774, -1.111832618713379, -1.1266604661941528, -1.1862664222717285, -1.2327805757522583, -1.285659670829773, -1.3129806518554688, -1.3985286951065063, -1.4395471811294556, -1.5018004179000854, -1.4601407051086426, -1.6214165687561035, -1.632463812828064, -1.6767146587371826, -1.7674967050552368, -1.693048357963562, -1.84463369846344, -1.8365789651870728, -1.8833492994308472, -1.939342737197876, -1.9743739366531372, -1.9727182388305664, -1.973726511001587, -2.035620927810669, -1.8762685060501099, -2.032926082611084, -2.100745677947998, -2.090024471282959, -1.9029200077056885, -2.1064743995666504, -2.0143730640411377, -2.1399288177490234, -2.087602138519287, -1.4288474321365356, -2.1078591346740723, -1.8802082538604736, -1.9939320087432861, -2.0467097759246826, -1.82439124584198, -1.9422744512557983, -2.0985066890716553, -1.4552290439605713, -2.133619546890259, -2.1396563053131104, -2.130211353302002, -2.1391403675079346, -2.1342613697052, -2.142289161682129, -2.1528749465942383, -2.141833782196045, -2.135664224624634, -2.151071310043335, -2.158832311630249, -2.163407325744629, -2.1287364959716797, -2.1451668739318848, -2.094639301300049, -2.1445984840393066, -2.1417601108551025, -2.152055501937866, -2.1511518955230713, -2.156533718109131, -2.1276440620422363, -2.149660587310791, -2.1514604091644287, -2.1482532024383545, -2.1484463214874268, -2.1464507579803467, -2.1482226848602295, -2.146942615509033, -2.143301486968994, -2.1458580493927, -2.146228790283203, -2.146153688430786, -2.146395444869995, -2.146631956100464, -2.1466519832611084, -2.146531581878662, -2.1467232704162598, -2.146721363067627],