{"n_parameters": 76130, "training_time": 1.5694599151611328, "loss": [4.611950397491455, 0.6668466925621033, 1.1200898885726929, 0.6278754472732544, 1.1857078075408936, 0.8111141324043274, 0.6963955163955688, 0.768849790096283, 0.7623782753944397, 0.555680513381958, 0.7430474758148193, 0.509289562702179, 0.5823350548744202, 0.4574480950832367, 0.46199190616607666, 0.41456249356269836, 0.49133166670799255, 0.2926827073097229, 0.4125998616218567, 0.43149271607398987, 0.05200585350394249, 0.294011652469635, 0.16773763298988342, 0.22967122495174408, 0.32491549849510193, 0.10135841369628906, 0.12779755890369415, 0.3056096136569977, -0.14584870636463165, 0.1936105489730835, 0.05540371313691139, -0.10809499025344849, 0.25835245847702026, -0.19126459956169128, 0.2980403006076813, -0.07243922352790833, -0.18704384565353394, 0.20663908123970032, -0.30090609192848206, 0.19635917246341705, -0.19053758680820465, -0.10102900862693787, 0.11950620263814926, -0.30490773916244507, 0.35136356949806213, -0.014179376885294914, -0.5352113246917725, 0.008684233762323856, -0.19436977803707123, -0.3339388370513916, -0.3392966687679291, 0.25842466950416565, -0.3576465845108032, -0.09919866919517517, -0.17446142435073853, -0.43600788712501526, 0.0571349672973156, -0.5620942115783691, -0.6956998109817505, -0.7737284898757935, -0.8373649716377258, -0.9035683274269104, -0.9776255488395691, -1.0472004413604736, -1.0990360975265503, -1.1462212800979614, -1.2205332517623901, -1.2762912511825562, -1.313435673713684, -1.3437365293502808, -1.428597092628479, -1.4416470527648926, -1.4786449670791626, -1.5065304040908813, -1.538305640220642, -1.5744459629058838, -1.5743062496185303, -1.663199543952942, -1.5924142599105835, -1.6975480318069458, -1.606746792793274, -1.7736376523971558, -1.6238362789154053, -1.7498797178268433, -1.7946197986602783, -1.600824236869812, -1.8558225631713867, -1.915268898010254, -1.656537413597107, -1.9043465852737427, -1.6658945083618164, -1.958444356918335, -1.8234020471572876, -1.7462841272354126, -1.9553017616271973, -1.83670973777771, -1.8775357007980347, -1.7712016105651855, -1.9913359880447388, -1.7868053913116455, -2.0296037197113037, -2.1588265895843506, -2.1832244396209717, -2.19075870513916, -2.1944844722747803, -2.2011871337890625, -2.204786777496338, -2.212265968322754, -2.221226692199707, -2.229717969894409, -2.235227346420288, -2.239752769470215, -2.2450575828552246, -2.2531702518463135, -2.2613775730133057, -2.267543077468872, -2.2758169174194336, -2.2796993255615234, -2.2832610607147217, -2.284337043762207, -2.285701274871826, -2.2860591411590576, -2.28694224357605, -2.2879528999328613, -2.288619041442871, -2.289137840270996, -2.290092945098877, -2.291088104248047, -2.2911829948425293, -2.2912702560424805, -2.291384220123291, -2.291415214538574, -2.291520833969116], "val_loss": [0.7099466323852539, 0.6303982138633728, 0.7511543035507202, 0.6158429384231567, 0.7978929877281189, 0.5749320387840271, 0.5768935084342957, 0.8097994327545166, 0.6843816041946411, 0.46821773052215576, 0.4678493142127991, 0.40600860118865967, 0.8147366046905518, 0.4849607050418854, 0.3839769959449768, 0.25322920083999634, 0.22463290393352509, 0.137664332985878, 0.10399685055017471, 0.06156894192099571, 0.41951480507850647, 0.07820475101470947, 1.1818690299987793, -0.06999795138835907, 0.5669763684272766, 0.3371850550174713, -0.13811132311820984, -0.07293867319822311, -0.04440085217356682, -0.16911961138248444, 0.3231375515460968, 0.9610592126846313, -0.19845084846019745, 0.8298918604850769, -0.285145103931427, 0.20825444161891937, 0.29346513748168945, -0.25687241554260254, 0.714541494846344, -0.3346686363220215, 0.04057900607585907, -0.3466323912143707, -0.3327907621860504, -0.37009137868881226, -0.1791945844888687, -0.49410995841026306, -0.16781985759735107, -0.3164540231227875, -0.23625338077545166, 0.4097597897052765, -0.1129596009850502, -0.48596593737602234, 1.5288019180297852, -0.44902873039245605, -0.3583851158618927, 1.1666806936264038, -0.4033415913581848, -0.6041101217269897, -0.6760535836219788, -0.7345927357673645, -0.7978671789169312, -0.8662316203117371, -0.9328448176383972, -0.9765794277191162, -1.0600296258926392, -1.1068528890609741, -1.12286376953125, -1.2060763835906982, -1.1938146352767944, -1.283505916595459, -1.2116838693618774, -1.2899688482284546, -1.3650108575820923, -1.3150534629821777, -1.362383246421814, -1.4427447319030762, -1.4150218963623047, -1.4613271951675415, -1.308803915977478, -1.5159759521484375, -1.4070433378219604, -1.3514580726623535, -1.538325309753418, -1.176971197128296, -1.572502613067627, -1.431290864944458, -1.5969799757003784, -0.8718828558921814, -1.6078957319259644, -1.19345223903656, -1.6304173469543457, -1.379279613494873, -1.5568711757659912, -1.5193620920181274, -1.3272701501846313, -1.396480917930603, -1.5780118703842163, -1.4173157215118408, -1.6177812814712524, -1.20840585231781, -1.6019994020462036, -1.6786391735076904, -1.6793582439422607, -1.6774885654449463, -1.6794625520706177, -1.6766244173049927, -1.6804226636886597, -1.6769189834594727, -1.6739933490753174, -1.6731287240982056, -1.6784014701843262, -1.6735403537750244, -1.6742360591888428, -1.671242356300354, -1.675696611404419, -1.6705204248428345, -1.671831727027893, -1.6757985353469849, -1.6761548519134521, -1.6762758493423462, -1.676224708557129, -1.6759213209152222, -1.67605459690094, -1.675945520401001, -1.6759556531906128, -1.675758719444275, -1.6755919456481934, -1.675636887550354, -1.6756561994552612, -1.6756658554077148, -1.675673484802246, -1.6756904125213623, -1.6756911277770996],