{"n_parameters": 145266, "training_time": 2.425604820251465, "loss": [156.634521484375, 2.0120151042938232, 2.2154393196105957, 2.5736029148101807, 2.4912514686584473, 2.6023991107940674, 1.9000215530395508, 1.8192846775054932, 1.0389909744262695, 0.6468065977096558, 0.4137483239173889, 0.2266387641429901, 0.03282911330461502, -0.025183942168951035, -0.15790632367134094, -0.08752511441707611, 0.06310854107141495, -0.30245986580848694, -0.030690638348460197, -0.05732964724302292, -0.37502971291542053, -0.22419825196266174, -0.2562902867794037, -0.27783653140068054, -0.2600992023944855, -0.2351897805929184, -0.3909858763217926, -0.45338091254234314, -0.2122613489627838, -0.3456379771232605, -0.3099100589752197, -0.45804068446159363, -0.6792901158332825, -1.0447858572006226, -1.1781024932861328, -1.3132905960083008, -1.4166884422302246, -1.5103087425231934, -1.5920201539993286, -1.6545037031173706, -1.673846960067749, -1.7244327068328857, -1.7442336082458496, -1.7845327854156494, -1.7577794790267944, -1.8807560205459595, -1.807896614074707, -1.8968816995620728, -1.9643223285675049, -1.9911032915115356, -1.9314019680023193, -1.8915871381759644, -1.963757872581482, -1.833794355392456, -1.9900511503219604, -2.008058786392212, -1.9041551351547241, -2.0230538845062256, -1.9706658124923706, -1.988673448562622, -1.9411747455596924, -2.0724003314971924, -1.9192593097686768, -2.1554300785064697, -1.961675763130188, -2.120492935180664, -1.955122470855713, -2.0910778045654297, -2.0244083404541016, -2.1321280002593994, -2.07650089263916, -2.004356861114502, -2.31442928314209, -2.381391763687134, -2.3922677040100098, -2.404719352722168, -2.4164535999298096, -2.4146525859832764, -2.421764850616455, -2.4388768672943115, -2.4429054260253906, -2.4397780895233154, -2.4670562744140625, -2.464172601699829, -2.480431079864502, -2.487652540206909, -2.484861135482788, -2.485610008239746, -2.50081467628479, -2.5045053958892822, -2.5138165950775146, -2.5211074352264404, -2.5310757160186768, -2.533907890319824, -2.536667585372925, -2.5360255241394043, -2.5431454181671143, -2.5449507236480713, -2.5554769039154053, -2.5783655643463135, -2.5785300731658936, -2.580935001373291, -2.5807714462280273, -2.5812671184539795, -2.582664728164673, -2.581987142562866, -2.5838186740875244, -2.5847084522247314, -2.5842440128326416, -2.5870540142059326, -2.58707332611084, -2.5871994495391846, -2.5870814323425293], "val_loss": [1.9350934028625488, 2.6299502849578857, 1.9327276945114136, 2.719770669937134, 1.666522741317749, 1.7663568258285522, 1.4084848165512085, 1.2200326919555664, 0.7040889263153076, 0.4179936945438385, 0.15289053320884705, -0.049385085701942444, -0.21015211939811707, 0.07740215957164764, 1.1422523260116577, -0.23546776175498962, -0.3843804895877838, -0.6644443273544312, -0.4833791255950928, -0.2900243401527405, -0.6175537705421448, -0.6947876214981079, -0.57704097032547, 0.09954549372196198, -0.6928679943084717, -0.28819137811660767, 0.9598016142845154, -0.2968471646308899, 0.23505887389183044, -0.6942127346992493, -0.6815706491470337, 1.0303914546966553, -0.9658170342445374, -1.1182981729507446, -1.2585479021072388, -1.3877090215682983, -1.518868327140808, -1.574739933013916, -1.6614598035812378, -1.7538052797317505, -1.7869956493377686, -1.8355289697647095, -1.6820353269577026, -1.762064814567566, -1.699744462966919, -1.9361146688461304, -1.9489389657974243, -1.935001254081726, -1.9869648218154907, -1.9930105209350586, -1.6424450874328613, -1.9674619436264038, -1.7474182844161987, -2.0289437770843506, -1.8685511350631714, -2.013477087020874, -1.9194180965423584, -2.0561630725860596, -2.067852020263672, -1.9248631000518799, -2.027559995651245, -2.1062583923339844, -2.028200626373291, -1.7951964139938354, -2.0501692295074463, -0.9056472778320312, -1.9054657220840454, -1.829638123512268, -2.028141736984253, -1.1073509454727173, -1.2761505842208862, -1.8045446872711182, -2.142364263534546, -2.158012628555298, -2.1609885692596436, -2.1545932292938232, -2.164167881011963, -2.1411852836608887, -2.169440269470215, -2.152496337890625, -2.1597251892089844, -2.159778356552124, -2.173377275466919, -2.170973300933838, -2.152071952819824, -2.167346477508545, -2.174266815185547, -2.1825454235076904, -2.187805652618408, -2.184720277786255, -2.182713508605957, -2.172670602798462, -2.1819777488708496, -2.1835217475891113, -2.1697497367858887, -2.1872599124908447, -2.179483413696289, -2.183570384979248, -2.1836225986480713, -2.1834657192230225, -2.1834847927093506, -2.185101270675659, -2.18202543258667, -2.1831650733947754, -2.1843101978302, -2.1834869384765625, -2.1838090419769287, -2.185055732727051, -2.184008836746216, -2.183974027633667, -2.183870553970337, -2.1838414669036865, -2.183917999267578], "lr": [0.009926821105182171, 0.009926821105182171, 0.009926821105182171, 0.009926821105182171, 0.009926821105182171, 0.009926821105182171, 0.009926821105182171, 0.009926821105182171, 0.009926821105182171, 0.009926821105182171, 0.009926821105182171, 0.009926821105182171, 0.009926821105182171, 0.009926821105182171, 0.009926821105182171, 0.009926821105182171, 0.009926821105182171, 0.009926821105182171, 0.009926821105182171, 0.009926821105182171, 0.009926821105182171, 0.009926821105182171, 0.009926821105182171, 0.009926821105182171, 0.009926821105182171, 0.009926821105182171, 0.009926821105182171, 0.009926821105182171, 0.009926821105182171, 0.009926821105182171, 0.009926821105182171, 0.009926821105182171, 0.0009926820639520884, 0.0009926820639520884, 0.0009926820639520884, 0.0009926820639520884, 0.0009926820639520884, 0.0009926820639520884, 0.0009926820639520884, 0.0009926820639520884, 0.0009926820639520884, 0.0009926820639520884, 0.0009926820639520884, 0.0009926820639520884, 0.0009926820639520884, 0.0009926820639520884, 0.0009926820639520884, 0.0009926820639520884, 0.0009926820639520884, 0.0009926820639520884, 0.0009926820639520884, 0.0009926820639520884, 0.0009926820639520884, 0.0009926820639520884, 0.0009926820639520884, 0.0009926820639520884, 0.0009926820639520884, 0.0009926820639520884, 0.0009926820639520884, 0.0009926820639520884, 0.0009926820639520884, 0.0009926820639520884, 0.0009926820639520884, 0.0009926820639520884, 0.0009926820639520884, 0.0009926820639520884, 0.0009926820639520884, 0.0009926820639520884, 0.0009926820639520884, 0.0009926820639520884, 0.0009926820639520884, 0.0009926820639520884, 9.926820348482579e-05, 9.926820348482579e-05, 9.926820348482579e-05, 9.926820348482579e-05, 9.926820348482579e-05, 9.926820348482579e-05, 9.926820348482579e-05, 9.926820348482579e-05, 9.926820348482579e-05, 9.926820348482579e-05, 9.926820348482579e-05, 9.926820348482579e-05, 9.926820348482579e-05, 9.926820348482579e-05, 9.926820348482579e-05, 9.926820348482579e-05, 9.926820348482579e-05, 9.926820348482579e-05, 9.926820348482579e-05, 9.926820348482579e-05, 9.926820348482579e-05, 9.926820348482579e-05, 9.926820348482579e-05, 9.926820348482579e-05, 9.926820348482579e-05, 9.926820348482579e-05, 9.926820348482579e-05, 9.926819984684698e-06, 9.926819984684698e-06, 9.926819984684698e-06, 9.926819984684698e-06, 9.926819984684698e-06, 9.926819984684698e-06, 9.926819984684698e-06, 9.926819984684698e-06, 9.926819984684698e-06, 9.926819984684698e-06, 9.926819757311023e-07, 9.926819757311023e-07, 9.926819757311023e-07, 9.926819757311023e-07]}