{"n_parameters": 115074, "training_time": 1.4834990501403809, "loss": [72.87665557861328, 1.0699856281280518, 0.977051317691803, 2.7128734588623047, 1.0733733177185059, 1.587042212486267, 1.5231940746307373, 2.1802451610565186, 0.9398074150085449, 0.6756652593612671, 1.1034647226333618, 2.6764843463897705, 0.6722946763038635, 0.7146159410476685, 0.6097161173820496, 0.7404584884643555, 0.7394456267356873, 0.9263233542442322, 0.5210636258125305, 0.5804256796836853, 0.5067441463470459, 0.604127824306488, 0.3664205074310303, 0.8596333861351013, 0.21839697659015656, 0.5277573466300964, 0.102562315762043, 0.46592262387275696, 0.23997536301612854, 0.18498682975769043, 0.4391941726207733, 0.16376973688602448, -0.007081744726747274, 1.3904423713684082, -0.015495525673031807, 0.09184563905000687, 0.044604066759347916, 0.23717696964740753, -0.12597952783107758, 0.4474133253097534, -0.026831602677702904, 0.13991260528564453, 0.11669700592756271, -0.12578877806663513, -0.195780411362648, -0.28573665022850037, -0.40171581506729126, -0.4838925004005432, -0.6491721868515015, -0.8111668229103088, -0.8638349175453186, -0.9676125645637512, -1.1402679681777954, -1.1141315698623657, -1.128173828125, -1.1909847259521484, -1.3928492069244385, -1.3715988397598267, -1.3855082988739014, -1.1518008708953857, -1.5858865976333618, -1.3041412830352783, -1.4894002676010132, -1.2697007656097412, -1.6166832447052002, -1.3010730743408203, -1.6767041683197021, -1.4046863317489624, -1.5460690259933472, -1.3823169469833374, -1.4700441360473633, -1.5281286239624023, -1.4153168201446533, -1.5806347131729126, -1.6705127954483032, -1.4154481887817383, -1.7322096824645996, -1.2965128421783447, -1.790713906288147, -1.379559874534607, -1.7451956272125244, -1.1013693809509277, -1.8713887929916382, -1.5665279626846313, -1.8392781019210815, -1.0636847019195557, -1.8357867002487183, -1.477907419204712, -1.8194520473480225, -1.3923112154006958, -1.8144218921661377, -1.4575271606445312, -1.5281822681427002, -1.791163682937622, -1.8952782154083252, -1.1564143896102905, -1.820442795753479, -1.4775118827819824, -1.8213664293289185, -1.602579951286316, -1.5421396493911743, -1.5419803857803345, -1.7563952207565308, -1.3678960800170898, -1.9616622924804688, -2.003471851348877, -2.023998737335205, -2.0483765602111816, -2.061636209487915, -2.091829776763916, -2.1181282997131348, -2.1449451446533203, -2.1730048656463623, -2.197072744369507, -2.2289295196533203, -2.2435152530670166, -2.2689990997314453, -2.29779052734375, -2.322385549545288, -2.342374563217163, -2.3605308532714844, -2.388514757156372, -2.393624782562256, -2.4296672344207764, -2.4535164833068848, -2.465816020965576, -2.483903646469116, -2.4941163063049316, -2.5112085342407227, -2.531447410583496, -2.5362024307250977, -2.539395332336426, -2.541429042816162, -2.5433976650238037, -2.546309471130371, -2.548774003982544, -2.5515787601470947, -2.5545132160186768, -2.5562334060668945, -2.556774139404297, -2.557067632675171, -2.5575780868530273, -2.5578370094299316], "val_loss": [1.1998430490493774, 0.9668555855751038, 0.9836704134941101, 1.4513155221939087, 0.9141735434532166, 1.7291860580444336, 1.377022624015808, 1.78960382938385, 0.6991713047027588, 1.7420060634613037, 1.0681625604629517, 0.7561204433441162, 0.6228007674217224, 0.6061766743659973, 0.6002766489982605, 0.7616854906082153, 1.332932472229004, 0.5500627756118774, 0.5062247514724731, 0.5579326152801514, 1.2946741580963135, 0.47077566385269165, 2.4750938415527344, 0.33964142203330994, 0.11881214380264282, 0.18674664199352264, 1.078331470489502, 0.2510714530944824, -0.002457715105265379, -0.004723072052001953, 0.06629389524459839, 0.26707231998443604, -0.22341519594192505, 0.03853703290224075, -0.1513817012310028, 0.6432393193244934, -0.17923803627490997, 0.056739263236522675, 0.7070337533950806, -0.11902762204408646, -0.21745800971984863, -0.06432276964187622, -0.13496360182762146, -0.2046758383512497, -0.28389135003089905, -0.38525617122650146, -0.4997831881046295, -0.5353896617889404, -0.7139683365821838, -0.8961274027824402, -0.5773103833198547, -1.0262360572814941, -1.0714292526245117, -1.1737380027770996, -1.271601915359497, -1.3232935667037964, -1.0476847887039185, -0.8562435507774353, -1.4386310577392578, -1.4444139003753662, -0.8872745037078857, -1.2387700080871582, -1.5334690809249878, -1.138962745666504, -1.489146113395691, -1.561244010925293, -0.6423355937004089, -1.4570375680923462, -1.1322648525238037, -1.1304563283920288, -1.2630391120910645, -1.6325222253799438, -1.5843929052352905, -1.6488122940063477, 0.5989763736724854, -1.5590496063232422, -1.2682846784591675, -1.4036266803741455, -1.6268178224563599, -0.6804640293121338, -1.7251455783843994, -1.506590485572815, -1.6690841913223267, -0.4586983621120453, -1.6776115894317627, -1.3755667209625244, -1.7007485628128052, -1.6904067993164062, -1.4871723651885986, -1.7372087240219116, -1.1173937320709229, -1.7472859621047974, -0.8075783848762512, -1.80615234375, -0.8875166773796082, -1.7063004970550537, -1.545079231262207, -1.4999231100082397, -0.24886134266853333, -0.9158035516738892, -1.7334736585617065, -0.6979255676269531, -1.5445575714111328, -1.7138689756393433, -1.7646602392196655, -1.7755979299545288, -1.7956528663635254, -1.7933732271194458, -1.814876675605774, -1.803385853767395, -1.8336838483810425, -1.8379265069961548, -1.854854702949524, -1.868715763092041, -1.867756724357605, -1.8644474744796753, -1.8676562309265137, -1.8789565563201904, -1.8465074300765991, -1.863642692565918, -1.8411554098129272, -1.8325730562210083, -1.842820644378662, -1.8106837272644043, -1.8453665971755981, -1.810457468032837, -1.7932640314102173, -1.7765830755233765, -1.7978079319000244, -1.7965271472930908, -1.7911840677261353, -1.7898715734481812, -1.7886550426483154, -1.7849315404891968, -1.7828562259674072, -1.781732201576233, -1.776470422744751, -1.7762038707733154, -1.776082992553711, -1.7758554220199585, -1.775570034980774, -1.7753957509994507, -1.7751131057739258],