{"n_parameters": 111394, "training_time": 2.458125114440918, "loss": [1.1611647605895996, 0.55012047290802, 0.5189452767372131, 0.5029600262641907, 0.4683733880519867, 0.4505726993083954, 0.4376099705696106, 0.39020249247550964, 0.369212806224823, 0.355703741312027, 0.3139033019542694, 0.296676367521286, 0.26014435291290283, 0.23060008883476257, 0.20916444063186646, 0.15398864448070526, 0.15390866994857788, 0.08341654390096664, 0.0938035324215889, 0.018434839323163033, 0.039030030369758606, -0.04643508791923523, -0.08617112785577774, -0.08640704303979874, -0.1485043168067932, -0.19786687195301056, -0.19045475125312805, -0.29770129919052124, -0.22499242424964905, -0.36491093039512634, -0.3249411880970001, -0.3774450719356537, -0.3797736167907715, -0.5001823306083679, -0.45194756984710693, -0.6264346241950989, -0.4998263716697693, -0.5548860430717468, -0.39316070079803467, -0.6100758910179138, -0.7995709180831909, -0.6238084435462952, -0.683841347694397, -0.49712073802948, -0.8730124831199646, -0.7276992797851562, -0.7864447236061096, -0.587206244468689, -0.8487105369567871, -0.7435831427574158, -0.8008265495300293, -0.8787623643875122, -0.7716068029403687, -0.4753488302230835, -0.6622582077980042, -1.0426342487335205, -0.5490249395370483, -1.103766679763794, -0.5489432215690613, -1.078936219215393, -0.8198714852333069, -0.7665284276008606, -0.9814723134040833, -0.9833501577377319, -0.9678245186805725, -0.7087620496749878, -0.7367586493492126, -1.1782498359680176, -0.625211238861084, -1.0827573537826538, -0.8185862898826599, -1.0015809535980225, -0.38501879572868347, -1.2061007022857666, -1.2702677249908447, -0.37570708990097046, -1.1793733835220337, -0.48158055543899536, -1.178339958190918, -0.952892005443573, -0.7743687629699707, -0.7938137650489807, -0.7971832156181335, -1.1759406328201294, -1.071144461631775, -0.6004137992858887, -1.141304850578308, -0.9255813956260681, -1.205308437347412, -1.3694400787353516, -1.3802769184112549, -1.3875981569290161, -1.397892951965332, -1.4061858654022217, -1.4096360206604004, -1.420569658279419, -1.4308778047561646, -1.4397591352462769, -1.4495289325714111, -1.4614166021347046, -1.466561198234558, -1.4735368490219116, -1.483506679534912, -1.4924360513687134, -1.5019218921661377, -1.5094293355941772, -1.5172398090362549, -1.5288115739822388, -1.5380455255508423, -1.5460882186889648, -1.5481226444244385, -1.5614806413650513, -1.5679947137832642, -1.577903151512146, -1.5993678569793701, -1.6172924041748047, -1.6342371702194214, -1.6465965509414673, -1.649476170539856, -1.6602190732955933, -1.6685240268707275, -1.6753026247024536, -1.6886624097824097, -1.689707636833191, -1.6969680786132812, -1.7106468677520752, -1.711277723312378, -1.7266780138015747, -1.7351301908493042, -1.736214518547058, -1.750087857246399, -1.7595676183700562, -1.764066219329834, -1.7708961963653564, -1.7838835716247559, -1.7909609079360962, -1.7863248586654663, -1.8107945919036865, -1.818810224533081, -1.8172738552093506, -1.8279445171356201, -1.8397375345230103, -1.851525902748108, -1.849084496498108, -1.8673032522201538, -1.8528172969818115, -1.8818447589874268, -1.8716893196105957, -1.8948841094970703, -1.9053114652633667, -1.896664023399353, -1.9304120540618896, -1.917506217956543, -1.9313932657241821, -1.9094641208648682, -1.9582899808883667, -1.9347457885742188, -1.972888469696045, -1.96141517162323, -1.9745393991470337, -1.9799902439117432, -1.972581386566162, -2.000406503677368, -2.013758659362793, -1.996803879737854, -2.0240375995635986, -2.037750482559204, -2.0254852771759033, -2.048069477081299, -2.0441508293151855, -2.043895959854126, -2.075767755508423, -2.025641679763794, -2.0916337966918945, -2.0932321548461914, -2.067561626434326, -2.11224365234375, -2.074894428253174, -2.0936667919158936, -2.1174888610839844, -2.1372854709625244, -2.127277374267578, -2.1411571502685547, -2.1315996646881104, -2.154510736465454, -2.148494005203247, -2.1843550205230713, -2.156625509262085, -2.164430618286133, -2.1674041748046875, -2.207885980606079, -2.205315113067627, -2.175527334213257, -2.2241594791412354, -2.213395833969116, -2.1863198280334473, -2.2530837059020996, -2.2482821941375732, -2.2008185386657715, -2.258679151535034],